Source List,Source Row,Supplier Name,Supplier Ref,Barcode,Brand,Range,Product Name,Public Product Description,Variant,Category,Supplier Category,Public Spec,Pack,Unit Size,Volume ML,PCS/Case,Unit Type,Buy Price,Buy Price Unit,Currency,Price Type,Margin %,Sell Price Per Case,Sell Price Per Unit,Price Display,Price Per Unit & Case,Stock Display,Stock Cases,MOQ,Incoterm,Public Terms,Origin Country,Warehouse,BBD,Offer Expiry,Public Listing,Featured,Supplier Remarks,Review,Notes
LOREAL_GARNIER,7,PT. Surya Graha Pasaraya,G12549,8992304012549,Garnier,Skin Naturals Body,GAR BRIGHT COMP BODY LIGHT EXTRA 400ML EB,Garnier Bright Complete Body Light Extra 400ml,,Toiletries,Women Skin Care,12 x 400ml,12 x 400ml,400ml,400.0,12,Bottle,40.98,3.4153,USD,Per Case,5.0,43.03,3.59,USD 43.03,USD 43.03/case (12pk) · USD 3.59/unit,Enquire,,,FOB Jakarta,FOB Jakarta,Indonesia,Jakarta,,2026-09-25,No,No,,,
LOREAL_GARNIER,8,PT. Surya Graha Pasaraya,G02979,8994993002979,Garnier,Skin Naturals Body,GAR SAKURA GLOW BODY LOTION 400ML ET,Garnier Sakura Glow Body Lotion 400ml,,Toiletries,Women Skin Care,12 x 400ml,12 x 400ml,400ml,400.0,12,Bottle,40.98,3.4153,USD,Per Case,5.0,43.03,3.59,USD 43.03,USD 43.03/case (12pk) · USD 3.59/unit,Enquire,,,FOB Jakarta,FOB Jakarta,Indonesia,Jakarta,,2026-09-25,No,No,,,
LOREAL_GARNIER,10,PT. Surya Graha Pasaraya,G58663,8991380058663,Garnier,Skin Naturals Face,Micellar Pink 300+100ml,Garnier Micellar Pink 300+100ml,,Toiletries,Women Skin Care,6 x 300+100ml,6 x 300+100ml,300+100ml,400.0,6,Bottle,13.72,2.2863,USD,Per Case,5.0,14.4,2.4,USD 14.40,USD 14.40/case (6pk) · USD 2.40/unit,Enquire,,,FOB Jakarta,FOB Jakarta,Indonesia,Jakarta,,2026-09-25,No,No,Produk baru Maret 2026,bundle/value set - confirm what the case contains,bonus-pack size (main + extra)
LOREAL_GARNIER,11,PT. Surya Graha Pasaraya,G34062,8994993034062,Garnier,Skin Naturals Face,GAR BC Low pH Vit C 100.0MLT EBT,Garnier Bright Complete Low PH Vitamin C 100ml,,Toiletries,Women Skin Care,12 x 100ml,12 x 100ml,100ml,100.0,12,Tube,19.65,1.6371,USD,Per Case,5.0,20.63,1.72,USD 20.63,USD 20.63/case (12pk) · USD 1.72/unit,Enquire,,,FOB Jakarta,FOB Jakarta,Indonesia,Jakarta,,2026-09-25,No,No,Produk baru April 2026,"name codes: C, PH",
LOREAL_GARNIER,12,PT. Surya Graha Pasaraya,G34147,8994993034147,Garnier,Skin Naturals Face,GAR BCAA Low pH Salic 100.0MLT EBT,Garnier BCAA Low PH Salic 100ml,,Toiletries,Women Skin Care,12 x 100ml,12 x 100ml,100ml,100.0,12,Tube,19.65,1.6371,USD,Per Case,5.0,20.63,1.72,USD 20.63,USD 20.63/case (12pk) · USD 1.72/unit,Enquire,,,FOB Jakarta,FOB Jakarta,Indonesia,Jakarta,,2026-09-25,No,No,Produk baru April 2026,"name codes: BCAA, PH",
LOREAL_GARNIER,13,PT. Surya Graha Pasaraya,G34222,8994993034222,Garnier,Skin Naturals Face,GAR SG Low pH NC 100.0MLT EBT,Garnier Sakura Glow Low PH NC 100ml,,Toiletries,Women Skin Care,12 x 100ml,12 x 100ml,100ml,100.0,12,Tube,19.65,1.6371,USD,Per Case,5.0,20.63,1.72,USD 20.63,USD 20.63/case (12pk) · USD 1.72/unit,Enquire,,,FOB Jakarta,FOB Jakarta,Indonesia,Jakarta,,2026-09-25,No,No,Produk baru April 2026,"name codes: NC, PH",
LOREAL_GARNIER,14,PT. Surya Graha Pasaraya,G00972,3600542600972,Garnier,Skin Naturals Face,GA SUNPRO INVI MIST SNSCRN AE75 EBT,Garnier Sunpro INVI Mist Snscrn Ae75,,Toiletries,Women Skin Care,6,6 x bottle,,,6,Bottle,25.67,4.279,USD,Per Case,5.0,26.96,4.49,USD 26.96,USD 26.96/case (6pk) · USD 4.49/unit,Enquire,,,FOB Jakarta,FOB Jakarta,Indonesia,Jakarta,,2026-09-25,No,No,,no unit size on the supplier line; name codes: INVI,
LOREAL_GARNIER,15,PT. Surya Graha Pasaraya,G27521,8994993027521,Garnier,Skin Naturals Face,GAR SUPER UV COOLING GEL SPF50 30ML EBT,Garnier Super Uv Cooling Gel SPF50 30ml,,Toiletries,Women Skin Care,24 x 30ml,24 x 30ml,30ml,30.0,24,Tube,67.47,2.8113,USD,Per Case,5.0,70.84,2.95,USD 70.84,USD 70.84/case (24pk) · USD 2.95/unit,Enquire,,,FOB Jakarta,FOB Jakarta,Indonesia,Jakarta,,2026-09-25,No,No,Produk baru Maret 2025,,
LOREAL_GARNIER,16,PT. Surya Graha Pasaraya,G27484,8994993027484,Garnier,Skin Naturals Face,GAR SUPER UV COOLING GEL SPF 35 20ML EB,Garnier Super Uv Cooling Gel SPF35 20ml,,Toiletries,Women Skin Care,24 x 20ml,24 x 20ml,20ml,20.0,24,Tube,38.88,1.6202,USD,Per Case,5.0,40.83,1.7,USD 40.83,USD 40.83/case (24pk) · USD 1.70/unit,Enquire,,,FOB Jakarta,FOB Jakarta,Indonesia,Jakarta,,2026-09-25,No,No,Produk baru Maret 2025,,
LOREAL_GARNIER,17,PT. Surya Graha Pasaraya,G92847,6923700992847,Garnier,Skin Naturals Face,GAR BRIGHT COMPLETE HYPERPIGMENTATION AMPOULE MONO EB,Garnier Bright Complete Hyperpigmentation Ampoule Mono,,Toiletries,Women Skin Care,144,144 x ampoule,,,144,Ampoule,146.32,1.0161,USD,Per Case,5.0,153.64,1.07,USD 153.64,USD 153.64/case (144pk) · USD 1.07/unit,Enquire,,,FOB Jakarta,FOB Jakarta,Indonesia,Jakarta,,2026-09-25,No,No,,no unit size on the supplier line,
LOREAL_GARNIER,18,PT. Surya Graha Pasaraya,G92854,6923700992854,Garnier,Skin Naturals Face,GAR BRIGHT COMPLETE HYPERPIGMENTATION AMPOULE SERUM MULTIPACK (1.5 ML x 12),Garnier Bright Complete Hyperpigmentation Ampoule Serum Multipack (1.5ml x 12),,Toiletries,Women Skin Care,24 x 1.5ml,24 x 1.5ml,1.5ml,1.5,24,Ampoule,206.48,8.6032,USD,Per Case,5.0,216.8,9.03,USD 216.80,USD 216.80/case (24pk) · USD 9.03/unit,Enquire,,,FOB Jakarta,FOB Jakarta,Indonesia,Jakarta,,2026-09-25,No,No,,,
LOREAL_GARNIER,19,PT. Surya Graha Pasaraya,G31054,8994993031054,Garnier,Skin Naturals Face,GAR DRY TOUCH BRIGHT 7.0MLT EB,Garnier Dry Touch Bright 7ml,,Toiletries,Women Skin Care,300 x 7ml,300 x 7ml,7ml,7.0,300,Sachet,96.53,0.3218,USD,Per Case,5.0,101.36,0.338,USD 101.36,USD 101.36/case (300pk) · USD 0.338/unit,Enquire,,,FOB Jakarta,FOB Jakarta,Indonesia,Jakarta,,2026-09-25,No,No,Produk baru September 2025,,
LOREAL_GARNIER,20,PT. Surya Graha Pasaraya,G31559,8994993031559,Garnier,Skin Naturals Face,GAR DRY TOUCH NC 7.0MLT EB,Garnier Dry Touch NC 7ml,,Toiletries,Women Skin Care,300 x 7ml,300 x 7ml,7ml,7.0,300,Sachet,96.53,0.3218,USD,Per Case,5.0,101.36,0.338,USD 101.36,USD 101.36/case (300pk) · USD 0.338/unit,Enquire,,,FOB Jakarta,FOB Jakarta,Indonesia,Jakarta,,2026-09-25,No,No,Produk baru September 2025,name codes: NC,
LOREAL_GARNIER,21,PT. Surya Graha Pasaraya,G30927,8994993030927,Garnier,Skin Naturals Face,GAR DRY TOUCH BRIGHT 30.0MLT EB,Garnier Dry Touch Bright 30ml,,Toiletries,Women Skin Care,24 x 30ml,24 x 30ml,30ml,30.0,24,Jar,45.66,1.9024,USD,Per Case,5.0,47.94,2.0,USD 47.94,USD 47.94/case (24pk) · USD 2.00/unit,Enquire,,,FOB Jakarta,FOB Jakarta,Indonesia,Jakarta,,2026-09-25,No,No,Produk baru Oktober 2025,,
LOREAL_GARNIER,22,PT. Surya Graha Pasaraya,G31221,8994993031221,Garnier,Skin Naturals Face,GAR DRY TOUCH SA 30.0MLT EB,Garnier Dry Touch SA 30ml,,Toiletries,Women Skin Care,24 x 30ml,24 x 30ml,30ml,30.0,24,Jar,45.66,1.9024,USD,Per Case,5.0,47.94,2.0,USD 47.94,USD 47.94/case (24pk) · USD 2.00/unit,Enquire,,,FOB Jakarta,FOB Jakarta,Indonesia,Jakarta,,2026-09-25,No,No,Produk baru Oktober 2025,name codes: SA,
LOREAL_GARNIER,23,PT. Surya Graha Pasaraya,G31429,8994993031429,Garnier,Skin Naturals Face,GAR DRY TOUCH NC 30.0MLT EB,Garnier Dry Touch NC 30ml,,Toiletries,Women Skin Care,24 x 30ml,24 x 30ml,30ml,30.0,24,Jar,45.66,1.9024,USD,Per Case,5.0,47.94,2.0,USD 47.94,USD 47.94/case (24pk) · USD 2.00/unit,Enquire,,,FOB Jakarta,FOB Jakarta,Indonesia,Jakarta,,2026-09-25,No,No,Produk baru Oktober 2025,name codes: NC,
LOREAL_GARNIER,24,PT. Surya Graha Pasaraya,G26791,8994993026791,Garnier,Skin Naturals Face,GAR BRIGHT COMPLETE SERUM CLEANSER 100ML EBT,Garnier Bright Complete Serum Cleanser 100ml,,Toiletries,Women Skin Care,12 x 100ml,12 x 100ml,100ml,100.0,12,Tube,20.73,1.7274,USD,Per Case,5.0,21.77,1.81,USD 21.77,USD 21.77/case (12pk) · USD 1.81/unit,Enquire,,,FOB Jakarta,FOB Jakarta,Indonesia,Jakarta,,2026-09-25,No,No,Price increase per July 2025,,
LOREAL_GARNIER,25,PT. Surya Graha Pasaraya,G23258,8991380023258,Garnier,Skin Naturals Face,GAR BRIGHT COMPLETE AMPOULE SERUM 1.5ML x 3,Garnier Bright Complete Ampoule Serum 1.5ml x 3,,Toiletries,Women Skin Care,24 x 1.5ml,24 x 1.5ml,1.5ml,1.5,24,Ampoule,71.54,2.9806,USD,Per Case,5.0,75.11,3.13,USD 75.11,USD 75.11/case (24pk) · USD 3.13/unit,Enquire,,,FOB Jakarta,FOB Jakarta,Indonesia,Jakarta,,2026-09-25,No,No,,,
LOREAL_GARNIER,26,PT. Surya Graha Pasaraya,G18024,8994993018024,Garnier,Skin Naturals Face,GAR BRIGHT COMPLETE GEL WASH 120ML EBT,Garnier Bright Complete Gel WASH 120ml,,Toiletries,Women Skin Care,12 x 120ml,12 x 120ml,120ml,120.0,12,Piece,46.67,3.8895,USD,Per Case,5.0,49.01,4.08,USD 49.01,USD 49.01/case (12pk) · USD 4.08/unit,Enquire,,,FOB Jakarta,FOB Jakarta,Indonesia,Jakarta,,2026-09-25,No,No,,name codes: WASH,
LOREAL_GARNIER,27,PT. Surya Graha Pasaraya,G19458,8994993019458,Garnier,Skin Naturals Face,GAR BRIGHT COMPLETE ANTI ACNE SALICYLIC GEL WASH 120ML EBT,Garnier Bright Complete Anti Acne Salicylic Gel WASH 120ml,,Toiletries,Women Skin Care,12 x 120ml,12 x 120ml,120ml,120.0,12,Tube,46.67,3.8895,USD,Per Case,5.0,49.01,4.08,USD 49.01,USD 49.01/case (12pk) · USD 4.08/unit,Enquire,,,FOB Jakarta,FOB Jakarta,Indonesia,Jakarta,,2026-09-25,No,No,,name codes: WASH,
LOREAL_GARNIER,28,PT. Surya Graha Pasaraya,G09022,8994993009022,Garnier,Skin Naturals Face,GAR BRIGHT COMPLETE WHIP FOAM 50ML,Garnier Bright Complete Whip Foam 50ml,,Toiletries,Women Skin Care,24 x 50ml,24 x 50ml,50ml,50.0,24,Tube,31.03,1.2927,USD,Per Case,5.0,32.58,1.36,USD 32.58,USD 32.58/case (24pk) · USD 1.36/unit,Enquire,,,FOB Jakarta,FOB Jakarta,Indonesia,Jakarta,,2026-09-25,No,No,,,
LOREAL_GARNIER,29,PT. Surya Graha Pasaraya,G09015,8994993009015,Garnier,Skin Naturals Face,GAR BRIGHT COMPLETE WHIP FOAM 100ML,Garnier Bright Complete Whip Foam 100ml,,Toiletries,Women Skin Care,12 x 100ml,12 x 100ml,100ml,100.0,12,Tube,20.19,1.6823,USD,Per Case,5.0,21.2,1.77,USD 21.20,USD 21.20/case (12pk) · USD 1.77/unit,Enquire,,,FOB Jakarta,FOB Jakarta,Indonesia,Jakarta,,2026-09-25,No,No,,,
LOREAL_GARNIER,30,PT. Surya Graha Pasaraya,G93769,6923700993769,Garnier,Skin Naturals Face,GAR 2 STEP PW MASK B5 GINSENG EB,Garnier 2 STEP PW Mask B5 Ginseng,,Toiletries,Women Skin Care,60,60 x sachet,,,60,Sachet,84.34,1.4056,USD,Per Case,5.0,88.56,1.48,USD 88.56,USD 88.56/case (60pk) · USD 1.48/unit,Enquire,,,FOB Jakarta,FOB Jakarta,Indonesia,Jakarta,,2026-09-25,No,No,,"no unit size on the supplier line; name codes: PW, STEP",
LOREAL_GARNIER,31,PT. Surya Graha Pasaraya,G93776,6923700993776,Garnier,Skin Naturals Face,GAR 2 STEP PW MASK B5 GOJI EB,Garnier 2 STEP PW Mask B5 GOJI,,Toiletries,Women Skin Care,60,60 x sachet,,,60,Sachet,84.34,1.4056,USD,Per Case,5.0,88.56,1.48,USD 88.56,USD 88.56/case (60pk) · USD 1.48/unit,Enquire,,,FOB Jakarta,FOB Jakarta,Indonesia,Jakarta,,2026-09-25,No,No,,"no unit size on the supplier line; name codes: GOJI, PW, STEP",
LOREAL_GARNIER,32,PT. Surya Graha Pasaraya,G18291,8994993018291,Garnier,Skin Naturals Face,GAR BRIGHT COMP ANTIACNE SERUM 30ML EB,Garnier Bright Complete Antiacne Serum 30ml,,Toiletries,Women Skin Care,12 x 30ml,12 x 30ml,30ml,30.0,12,Bottle,77.84,6.4863,USD,Per Case,5.0,81.73,6.81,USD 81.73,USD 81.73/case (12pk) · USD 6.81/unit,Enquire,,,FOB Jakarta,FOB Jakarta,Indonesia,Jakarta,,2026-09-25,No,No,,,
LOREAL_GARNIER,33,PT. Surya Graha Pasaraya,G18284,8994993018284,Garnier,Skin Naturals Face,GAR BRIGHT COMP ANTIACNE SERUM 15ML EBT,Garnier Bright Complete Antiacne Serum 15ml,,Toiletries,Women Skin Care,24 x 15ml,24 x 15ml,15ml,15.0,24,Bottle,93.35,3.8895,USD,Per Case,5.0,98.02,4.08,USD 98.02,USD 98.02/case (24pk) · USD 4.08/unit,Enquire,,,FOB Jakarta,FOB Jakarta,Indonesia,Jakarta,,2026-09-25,No,No,,,
LOREAL_GARNIER,34,PT. Surya Graha Pasaraya,G18314,8994993018314,Garnier,Skin Naturals Face,GAR BRIGHT COMP ANTIACNE SERUM SINGLE SACH 7.5ML EB,Garnier Bright Complete Antiacne Serum Single Sachet 7.5ml,,Toiletries,Women Skin Care,144 x 7.5ml,144 x 7.5ml,7.5ml,7.5,144,Sachet,134.13,0.9314,USD,Per Case,5.0,140.84,0.98,USD 140.84,USD 140.84/case (144pk) · USD 0.98/unit,Enquire,,,FOB Jakarta,FOB Jakarta,Indonesia,Jakarta,,2026-09-25,No,No,,,
LOREAL_GARNIER,35,PT. Surya Graha Pasaraya,G23325,8994993023325,Garnier,Skin Naturals Face,GAR UV SUPER SERUM 30ML EBT,Garnier Uv Super Serum 30ml,,Toiletries,Women Skin Care,12 x 30ml,12 x 30ml,30ml,30.0,12,Bottle,35.77,2.9806,USD,Per Case,5.0,37.56,3.13,USD 37.56,USD 37.56/case (12pk) · USD 3.13/unit,Enquire,,,FOB Jakarta,FOB Jakarta,Indonesia,Jakarta,,2026-09-25,No,No,,,
LOREAL_GARNIER,36,PT. Surya Graha Pasaraya,G20706,8994993020706,Garnier,Skin Naturals Face,GAR BC OVERNIGHT SERUM 30ML,Garnier Bright Complete Overnight Serum 30ml,,Toiletries,Women Skin Care,12 x 30ml,12 x 30ml,30ml,30.0,12,Bottle,75.19,6.2661,USD,Per Case,5.0,78.95,6.58,USD 78.95,USD 78.95/case (12pk) · USD 6.58/unit,Enquire,,,FOB Jakarta,FOB Jakarta,Indonesia,Jakarta,,2026-09-25,No,No,,,
LOREAL_GARNIER,37,PT. Surya Graha Pasaraya,G20669,8994993020669,Garnier,Skin Naturals Face,GAR BC OVERNIGHT SERUM 7.5ML,Garnier Bright Complete Overnight Serum 7.5ml,,Toiletries,Women Skin Care,144 x 7.5ml,144 x 7.5ml,7.5ml,7.5,144,Sachet,134.13,0.9314,USD,Per Case,5.0,140.84,0.98,USD 140.84,USD 140.84/case (144pk) · USD 0.98/unit,Enquire,,,FOB Jakarta,FOB Jakarta,Indonesia,Jakarta,,2026-09-25,No,No,,,
LOREAL_GARNIER,38,PT. Surya Graha Pasaraya,G20744,8994993020744,Garnier,Skin Naturals Face,GAR BC OVERNIGHT SERUM 15ML,Garnier Bright Complete Overnight Serum 15ml,,Toiletries,Women Skin Care,24 x 15ml,24 x 15ml,15ml,15.0,24,Bottle,93.35,3.8895,USD,Per Case,5.0,98.02,4.08,USD 98.02,USD 98.02/case (24pk) · USD 4.08/unit,Enquire,,,FOB Jakarta,FOB Jakarta,Indonesia,Jakarta,,2026-09-25,No,No,,,
LOREAL_GARNIER,39,PT. Surya Graha Pasaraya,G18222,8994993018222,Garnier,Skin Naturals Face,GAR BRIGHT COMP ANTIACNE 3in1 FOAM 100ML EBT,Garnier Bright Complete Antiacne 3in1 Foam 100ml,,Toiletries,Women Skin Care,12 x 100ml,12 x 100ml,100ml,100.0,12,Tube,20.19,1.6823,USD,Per Case,5.0,21.2,1.77,USD 21.20,USD 21.20/case (12pk) · USD 1.77/unit,Enquire,,,FOB Jakarta,FOB Jakarta,Indonesia,Jakarta,,2026-09-25,No,No,,,
LOREAL_GARNIER,40,PT. Surya Graha Pasaraya,G15153,8994993015153,Garnier,Skin Naturals Face,GAR BRIGHT COMP ANTIACNE 3IN1 FOAM 90ML EB,Garnier Bright Complete Antiacne 3In1 Foam 90ml,,Toiletries,Women Skin Care,12 x 90ml,12 x 90ml,90ml,90.0,12,Tube,20.19,1.6823,USD,Per Case,5.0,21.2,1.77,USD 21.20,USD 21.20/case (12pk) · USD 1.77/unit,Enquire,,,FOB Jakarta,FOB Jakarta,Indonesia,Jakarta,,2026-09-25,No,No,Price increase per January 2025,,
LOREAL_GARNIER,41,PT. Surya Graha Pasaraya,G15139,8994993015139,Garnier,Skin Naturals Face,GAR BRIGHT COMP ANTIACNE 3IN1 FOAM 50ML EB,Garnier Bright Complete Antiacne 3In1 Foam 50ml,,Toiletries,Women Skin Care,24 x 50ml,24 x 50ml,50ml,50.0,24,Tube,31.03,1.2927,USD,Per Case,5.0,32.58,1.36,USD 32.58,USD 32.58/case (24pk) · USD 1.36/unit,Enquire,,,FOB Jakarta,FOB Jakarta,Indonesia,Jakarta,,2026-09-25,No,No,digantikan kode G18246,duplicate line in the supplier list (2x),
LOREAL_GARNIER,42,PT. Surya Graha Pasaraya,G18246,8994993018246,Garnier,Skin Naturals Face,GAR BRIGHT COMP ANTIACNE 3IN1 FOAM 50ML EB,Garnier Bright Complete Antiacne 3In1 Foam 50ml,,Toiletries,Women Skin Care,24 x 50ml,24 x 50ml,50ml,50.0,24,Tube,31.03,1.2927,USD,Per Case,5.0,32.58,1.36,USD 32.58,USD 32.58/case (24pk) · USD 1.36/unit,Enquire,,,FOB Jakarta,FOB Jakarta,Indonesia,Jakarta,,2026-09-25,No,No,"renovasi dari kode G15139, barcode 8994993015139",duplicate line in the supplier list (2x),
LOREAL_GARNIER,43,PT. Surya Graha Pasaraya,G81247,6923700981247,Garnier,Skin Naturals Face,GAR LIGHT COMP ANTI ACNE MASK EB,Garnier Light Complete Anti Acne Mask,,Toiletries,Women Skin Care,60,60 x sachet,,,60,Sachet,67.4,1.1234,USD,Per Case,5.0,70.77,1.18,USD 70.77,USD 70.77/case (60pk) · USD 1.18/unit,Enquire,,,FOB Jakarta,FOB Jakarta,Indonesia,Jakarta,,2026-09-25,No,No,,no unit size on the supplier line,
LOREAL_GARNIER,44,PT. Surya Graha Pasaraya,G25404,8994993025404,Garnier,Skin Naturals Face,GAR MICELLAR SALICYLIC BLUE 50ML EBT,Garnier Micellar Salicylic Blue 50ml,,Toiletries,Women Skin Care,48 x 50ml,48 x 50ml,50ml,50.0,48,Bottle,46.61,0.971,USD,Per Case,5.0,48.94,1.02,USD 48.94,USD 48.94/case (48pk) · USD 1.02/unit,Enquire,,,FOB Jakarta,FOB Jakarta,Indonesia,Jakarta,,2026-09-25,No,No,,,
LOREAL_GARNIER,45,PT. Surya Graha Pasaraya,G19656V1,8994993019656,Garnier,Skin Naturals Face,GAR MICELLAR BLUE 125+ ECOPADS,Garnier Micellar Blue 125+ Ecopads,,Toiletries,Women Skin Care,24,24 x bottle,,,24,Bottle,39.97,1.6653,USD,Per Case,5.0,41.97,1.75,USD 41.97,USD 41.97/case (24pk) · USD 1.75/unit,Enquire,,,FOB Jakarta,FOB Jakarta,Indonesia,Jakarta,,2026-09-25,No,No,Produk baru Januari 2025 (hard bundle),no unit size on the supplier line; bundle/value set - confirm what the case contains,
LOREAL_GARNIER,46,PT. Surya Graha Pasaraya,G19656,8994993019656,Garnier,Skin Naturals Face,GAR MICELLAR SALICYLIC BLUE 125ML EBT,Garnier Micellar Salicylic Blue 125ml,,Toiletries,Women Skin Care,24 x 125ml,24 x 125ml,125ml,125.0,24,Bottle,39.97,1.6653,USD,Per Case,5.0,41.97,1.75,USD 41.97,USD 41.97/case (24pk) · USD 1.75/unit,Enquire,,,FOB Jakarta,FOB Jakarta,Indonesia,Jakarta,,2026-09-25,No,No,,,
LOREAL_GARNIER,47,PT. Surya Graha Pasaraya,G19656V,8994993019656,Garnier,Skin Naturals Face,GAR MICELLAR BLUE 125 + GWP,Garnier Micellar Blue 125 + Gift Pack,,Toiletries,Women Skin Care,20,20 x bottle,,,20,Bottle,33.31,1.6653,USD,Per Case,5.0,34.97,1.75,USD 34.97,USD 34.97/case (20pk) · USD 1.75/unit,Enquire,,,FOB Jakarta,FOB Jakarta,Indonesia,Jakarta,,2026-09-25,No,No,,no unit size on the supplier line; bundle/value set - confirm what the case contains,
LOREAL_GARNIER,48,PT. Surya Graha Pasaraya,G19670,8994993019670,Garnier,Skin Naturals Face,GAR MICELLAR SALICYLIC BLUE 400ML EBT,Garnier Micellar Salicylic Blue 400ml,,Toiletries,Women Skin Care,6 x 400ml,6 x 400ml,400ml,400.0,6,Bottle,29.57,4.9282,USD,Per Case,5.0,31.05,5.17,USD 31.05,USD 31.05/case (6pk) · USD 5.17/unit,Enquire,,,FOB Jakarta,FOB Jakarta,Indonesia,Jakarta,,2026-09-25,No,No,,,
LOREAL_GARNIER,49,PT. Surya Graha Pasaraya,G58663,8991380058663,Garnier,Skin Naturals Face,GAR MICELLAR WATER PINK 360+40 ML,Garnier Micellar Water Pink 360+40ml,,Toiletries,Women Skin Care,6 x 360+40ml,6 x 360+40ml,360+40ml,400.0,6,Bottle,15.99,2.6645,USD,Per Case,5.0,16.79,2.8,USD 16.79,USD 16.79/case (6pk) · USD 2.80/unit,Enquire,,,FOB Jakarta,FOB Jakarta,Indonesia,Jakarta,,2026-09-25,No,No,Produk baru September 2025,bundle/value set - confirm what the case contains,bonus-pack size (main + extra)
LOREAL_GARNIER,50,PT. Surya Graha Pasaraya,G29914,8994993029914,Garnier,Skin Naturals Face,GAR MCLR EXFO 400.0MLT EBT,Garnier Micellar Exfoliating 400ml,,Toiletries,Women Skin Care,6 x 400ml,6 x 400ml,400ml,400.0,6,Bottle,15.99,2.6645,USD,Per Case,5.0,16.79,2.8,USD 16.79,USD 16.79/case (6pk) · USD 2.80/unit,Enquire,,,FOB Jakarta,FOB Jakarta,Indonesia,Jakarta,,2026-09-25,No,No,Produk baru Agustus 2025,,
LOREAL_GARNIER,51,PT. Surya Graha Pasaraya,G29952,8994993029952,Garnier,Skin Naturals Face,GAR MCLR EXFO 125.0MLT EBT,Garnier Micellar Exfoliating 125ml,,Toiletries,Women Skin Care,24 x 125ml,24 x 125ml,125ml,125.0,24,Bottle,31.03,1.2927,USD,Per Case,5.0,32.58,1.36,USD 32.58,USD 32.58/case (24pk) · USD 1.36/unit,Enquire,,,FOB Jakarta,FOB Jakarta,Indonesia,Jakarta,,2026-09-25,No,No,Produk baru Agustus 2025,,
LOREAL_GARNIER,52,PT. Surya Graha Pasaraya,G14194,8994993014194,Garnier,Skin Naturals Face,GAR MICELLAR ROSE 125ML,Garnier Micellar Rose 125ml,,Toiletries,Women Skin Care,24 x 125ml,24 x 125ml,125ml,125.0,24,Bottle,39.97,1.6653,USD,Per Case,5.0,41.97,1.75,USD 41.97,USD 41.97/case (24pk) · USD 1.75/unit,Enquire,,,FOB Jakarta,FOB Jakarta,Indonesia,Jakarta,,2026-09-25,No,No,,,
LOREAL_GARNIER,53,PT. Surya Graha Pasaraya,G27015,3600542327015,Garnier,Skin Naturals Face,GAR MICELLAR WATER ROSE 100 ML,Garnier Micellar Water Rose 100ml,,Toiletries,Women Skin Care,6 x 100ml,6 x 100ml,100ml,100.0,6,Bottle,11.92,1.9871,USD,Per Case,5.0,12.52,2.09,USD 12.52,USD 12.52/case (6pk) · USD 2.09/unit,Enquire,,,FOB Jakarta,FOB Jakarta,Indonesia,Jakarta,,2026-09-25,No,No,Perubahan harga per Januari 2025,,
LOREAL_GARNIER,54,PT. Surya Graha Pasaraya,G14217,8994993014217,Garnier,Skin Naturals Face,GAR MICELLAR ROSE 400ML,Garnier Micellar Rose 400ml,,Toiletries,Women Skin Care,6 x 400ml,6 x 400ml,400ml,400.0,6,Bottle,29.57,4.9282,USD,Per Case,5.0,31.05,5.17,USD 31.05,USD 31.05/case (6pk) · USD 5.17/unit,Enquire,,,FOB Jakarta,FOB Jakarta,Indonesia,Jakarta,,2026-09-25,No,No,,,
LOREAL_GARNIER,55,PT. Surya Graha Pasaraya,G16465,8991380016465,Garnier,Skin Naturals Face,GAR MICELLAR WATER ROSE 100 ML + 100 ML,Garnier Micellar Water Rose 100ml + 100ml,,Toiletries,Women Skin Care,3 x 100ml,3 x 100ml,100ml,100.0,3,Bottle,11.92,3.9742,USD,Per Case,5.0,12.52,4.17,USD 12.52,USD 12.52/case (3pk) · USD 4.17/unit,Enquire,,,FOB Jakarta,FOB Jakarta,Indonesia,Jakarta,,2026-09-25,No,No,,bundle/value set - confirm what the case contains,
LOREAL_GARNIER,56,PT. Surya Graha Pasaraya,G13609,8994993013609,Garnier,Skin Naturals Face,GAR BRIGHT COMP HANDCREAM 50ML EBT,Garnier Bright Complete Handcream 50ml,,Toiletries,Women Skin Care,24 x 50ml,24 x 50ml,50ml,50.0,24,Tube,21.81,0.9089,USD,Per Case,5.0,22.9,0.95,USD 22.90,USD 22.90/case (24pk) · USD 0.95/unit,Enquire,,,FOB Jakarta,FOB Jakarta,Indonesia,Jakarta,,2026-09-25,No,No,,,
LOREAL_GARNIER,57,PT. Surya Graha Pasaraya,G13623,8994993013623,Garnier,Skin Naturals Face,GAR SAKURA WHITE HANDCREAM 50ML EB,Garnier Sakura White Handcream 50ml,,Toiletries,Women Skin Care,24 x 50ml,24 x 50ml,50ml,50.0,24,Tube,21.81,0.9089,USD,Per Case,5.0,22.9,0.95,USD 22.90,USD 22.90/case (24pk) · USD 0.95/unit,Enquire,,,FOB Jakarta,FOB Jakarta,Indonesia,Jakarta,,2026-09-25,No,No,,,
LOREAL_GARNIER,58,PT. Surya Graha Pasaraya,G12985,8994993012985,Garnier,Skin Naturals Face,GAR P.ACTIVE HAND CLEANSING GEL 125 ML,Garnier P.Active Hand Cleansing Gel 125ml,,Toiletries,Women Skin Care,24 x 125ml,24 x 125ml,125ml,125.0,24,Bottle,44.44,1.8516,USD,Per Case,5.0,46.66,1.94,USD 46.66,USD 46.66/case (24pk) · USD 1.94/unit,Enquire,,,FOB Jakarta,FOB Jakarta,Indonesia,Jakarta,,2026-09-25,No,No,Perubahan harga per Januari 2025,,
LOREAL_GARNIER,59,PT. Surya Graha Pasaraya,G09050,6923700909050,Garnier,Skin Naturals Face,GAR CLEAN MICELLAR WATER 50ML-PINK,Garnier Clean Micellar Water 50ml-Pink,,Toiletries,Women Skin Care,48 x 50ml,48 x 50ml,50ml,50.0,48,Bottle,46.61,0.971,USD,Per Case,5.0,48.94,1.02,USD 48.94,USD 48.94/case (48pk) · USD 1.02/unit,Enquire,,,FOB Jakarta,FOB Jakarta,Indonesia,Jakarta,,2026-09-25,No,No,,,
LOREAL_GARNIER,60,PT. Surya Graha Pasaraya,G13845,8994993013845,Garnier,Skin Naturals Face,GAR MICELLAR BRIGHTENING VIT C 125 ML,Garnier Micellar Brightening Vitamin C 125ml,,Toiletries,Women Skin Care,24 x 125ml,24 x 125ml,125ml,125.0,24,Bottle,39.97,1.6653,USD,Per Case,5.0,41.97,1.75,USD 41.97,USD 41.97/case (24pk) · USD 1.75/unit,Enquire,,,FOB Jakarta,FOB Jakarta,Indonesia,Jakarta,,2026-09-25,No,No,,name codes: C,
LOREAL_GARNIER,61,PT. Surya Graha Pasaraya,G13869,8994993013869,Garnier,Skin Naturals Face,GAR MICELLAR BRIGHTENING VIT C 400 ML,Garnier Micellar Brightening Vitamin C 400ml,,Toiletries,Women Skin Care,6 x 400ml,6 x 400ml,400ml,400.0,6,Bottle,29.57,4.9282,USD,Per Case,5.0,31.05,5.17,USD 31.05,USD 31.05/case (6pk) · USD 5.17/unit,Enquire,,,FOB Jakarta,FOB Jakarta,Indonesia,Jakarta,,2026-09-25,No,No,,name codes: C,
LOREAL_GARNIER,62,PT. Surya Graha Pasaraya,G17881,6902395717881,Garnier,Skin Naturals Face,GAR CLEAN MICELLAR BIPHASE 50ML,Garnier Clean Micellar Biphase 50ml,,Toiletries,Women Skin Care,48 x 50ml,48 x 50ml,50ml,50.0,48,Bottle,59.07,1.2306,USD,Per Case,5.0,62.02,1.29,USD 62.02,USD 62.02/case (48pk) · USD 1.29/unit,Enquire,,,FOB Jakarta,FOB Jakarta,Indonesia,Jakarta,,2026-09-25,No,No,,,
LOREAL_GARNIER,63,PT. Surya Graha Pasaraya,G61139,6902395661139,Garnier,Skin Naturals Face,GAR CLEAN MICELLAR BIPHASE-125ML,Garnier Clean Micellar Biphase-125ml,,Toiletries,Women Skin Care,24 x 125ml,24 x 125ml,125ml,125.0,24,Bottle,56.09,2.3371,USD,Per Case,5.0,58.89,2.45,USD 58.89,USD 58.89/case (24pk) · USD 2.45/unit,Enquire,,,FOB Jakarta,FOB Jakarta,Indonesia,Jakarta,,2026-09-25,No,No,,,
LOREAL_GARNIER,64,PT. Surya Graha Pasaraya,G29558,6928820029558,Garnier,Skin Naturals Face,GAR CLEAN MICELLAR WATER 125ML-BLUE,Garnier Clean Micellar Water 125ml-Blue,,Toiletries,Women Skin Care,24 x 125ml,24 x 125ml,125ml,125.0,24,Bottle,38.34,1.5976,USD,Per Case,5.0,40.26,1.68,USD 40.26,USD 40.26/case (24pk) · USD 1.68/unit,Enquire,,,FOB Jakarta,FOB Jakarta,Indonesia,Jakarta,,2026-09-25,No,No,,,
LOREAL_GARNIER,65,PT. Surya Graha Pasaraya,G29572V1,6928820029572,Garnier,Skin Naturals Face,GAR MICELLAR PINK 125 + ECOPADS,Garnier Micellar Pink 125 + Ecopads,,Toiletries,Women Skin Care,24,24 x bottle,,,24,Bottle,39.97,1.6653,USD,Per Case,5.0,41.97,1.75,USD 41.97,USD 41.97/case (24pk) · USD 1.75/unit,Enquire,,,FOB Jakarta,FOB Jakarta,Indonesia,Jakarta,,2026-09-25,No,No,Produk baru Januari 2025 (hard bundle),no unit size on the supplier line; bundle/value set - confirm what the case contains,
LOREAL_GARNIER,66,PT. Surya Graha Pasaraya,G47148,8991380047148,Garnier,Skin Naturals Face,GAR MICELLAR PINK BUNDLE CVS (125x2 ML),Garnier Micellar Pink Bundle CVS (125x2 Ml),,Toiletries,Women Skin Care,12 x 125 x 2ml,12 x 125 x 2ml,125 x 2ml,250.0,12,Bottle,22.63,1.8855,USD,Per Case,5.0,23.76,1.98,USD 23.76,USD 23.76/case (12pk) · USD 1.98/unit,Enquire,,,FOB Jakarta,FOB Jakarta,Indonesia,Jakarta,,2026-09-25,No,No,Produk baru Februari 2025,name codes: CVS,multi-unit pack
LOREAL_GARNIER,67,PT. Surya Graha Pasaraya,G29572,6928820029572,Garnier,Skin Naturals Face,GAR CLEAN MICELLAR WATER 125ML-PINK,Garnier Clean Micellar Water 125ml-Pink,,Toiletries,Women Skin Care,24 x 125ml,24 x 125ml,125ml,125.0,24,Bottle,39.97,1.6653,USD,Per Case,5.0,41.97,1.75,USD 41.97,USD 41.97/case (24pk) · USD 1.75/unit,Enquire,,,FOB Jakarta,FOB Jakarta,Indonesia,Jakarta,,2026-09-25,No,No,,,
LOREAL_GARNIER,68,PT. Surya Graha Pasaraya,G29572V,6928820029572,Garnier,Skin Naturals Face,GAR MICELLAR PINK 125 + GWP,Garnier Micellar Pink 125 + Gift Pack,,Toiletries,Women Skin Care,20,20 x bottle,,,20,Bottle,33.31,1.6653,USD,Per Case,5.0,34.97,1.75,USD 34.97,USD 34.97/case (20pk) · USD 1.75/unit,Enquire,,,FOB Jakarta,FOB Jakarta,Indonesia,Jakarta,,2026-09-25,No,No,,no unit size on the supplier line; bundle/value set - confirm what the case contains,
LOREAL_GARNIER,69,PT. Surya Graha Pasaraya,G29565,6928820029565,Garnier,Skin Naturals Face,GAR CLEAN MICELLAR WATER 400ML-BLUE,Garnier Clean Micellar Water 400ml-Blue,,Toiletries,Women Skin Care,6 x 400ml,6 x 400ml,400ml,400.0,6,Bottle,25.95,4.3242,USD,Per Case,5.0,27.24,4.54,USD 27.24,USD 27.24/case (6pk) · USD 4.54/unit,Enquire,,,FOB Jakarta,FOB Jakarta,Indonesia,Jakarta,,2026-09-25,No,No,,,
LOREAL_GARNIER,70,PT. Surya Graha Pasaraya,G29589,6928820029589,Garnier,Skin Naturals Face,GAR CLEAN MICELLAR WATER 400ML-PINK,Garnier Clean Micellar Water 400ml-Pink,,Toiletries,Women Skin Care,6 x 400ml,6 x 400ml,400ml,400.0,6,Bottle,29.57,4.9282,USD,Per Case,5.0,31.05,5.17,USD 31.05,USD 31.05/case (6pk) · USD 5.17/unit,Enquire,,,FOB Jakarta,FOB Jakarta,Indonesia,Jakarta,,2026-09-25,No,No,,,
LOREAL_GARNIER,71,PT. Surya Graha Pasaraya,G02005,6902395502005,Garnier,Skin Naturals Face,GAR CLEAN MICELLAR BIPHASE-400ML,Garnier Clean Micellar Biphase-400ml,,Toiletries,Women Skin Care,6 x 400ml,6 x 400ml,400ml,400.0,6,Bottle,38.92,6.4863,USD,Per Case,5.0,40.86,6.81,USD 40.86,USD 40.86/case (6pk) · USD 6.81/unit,Enquire,,,FOB Jakarta,FOB Jakarta,Indonesia,Jakarta,,2026-09-25,No,No,,,
LOREAL_GARNIER,72,PT. Surya Graha Pasaraya,G11476,8994993011476,Garnier,Skin Naturals Face,GAR LIGHT COMP UV MATTE 15ML,Garnier Light Complete Uv Matte 15ml,,Toiletries,Women Skin Care,48 x 15ml,48 x 15ml,15ml,15.0,48,Tube,81.02,1.6879,USD,Per Case,5.0,85.07,1.77,USD 85.07,USD 85.07/case (48pk) · USD 1.77/unit,Enquire,,,FOB Jakarta,FOB Jakarta,Indonesia,Jakarta,,2026-09-25,No,No,,,
LOREAL_GARNIER,73,PT. Surya Graha Pasaraya,G14224,8994993014224,Garnier,Skin Naturals Face,GAR LIGHT COMP UV MAT 7ML,Garnier Light Complete Uv Matte 7ml,,Toiletries,Women Skin Care,120 x 7ml,120 x 7ml,7ml,7.0,120,Sachet,54.19,0.4516,USD,Per Case,5.0,56.9,0.474,USD 56.90,USD 56.90/case (120pk) · USD 0.474/unit,Enquire,,,FOB Jakarta,FOB Jakarta,Indonesia,Jakarta,,2026-09-25,No,No,,,
LOREAL_GARNIER,74,PT. Surya Graha Pasaraya,G81583,8992304081583,Garnier,Skin Naturals Face,GAR LIGHT COMP SUPER FOAM 100ML,Garnier Light Complete Super Foam 100ml,,Toiletries,Women Skin Care,12 x 100ml,12 x 100ml,100ml,100.0,12,Tube,14.63,1.2194,USD,Per Case,5.0,15.36,1.28,USD 15.36,USD 15.36/case (12pk) · USD 1.28/unit,Enquire,,,FOB Jakarta,FOB Jakarta,Indonesia,Jakarta,,2026-09-25,No,No,,,
LOREAL_GARNIER,76,PT. Surya Graha Pasaraya,G00029,8991380700029,Garnier,Skin Naturals Face,GAR BRIGHT COMP FOAM 100ML EB,Garnier Bright Complete Foam 100ml,,Toiletries,Women Skin Care,12 x 100ml,12 x 100ml,100ml,100.0,12,Tube,19.17,1.5976,USD,Per Case,5.0,20.13,1.68,USD 20.13,USD 20.13/case (12pk) · USD 1.68/unit,Enquire,,,FOB Jakarta,FOB Jakarta,Indonesia,Jakarta,,2026-09-25,No,No,Perubahan harga per Februari 2025,,
LOREAL_GARNIER,77,PT. Surya Graha Pasaraya,G00036,8991380700036,Garnier,Skin Naturals Face,GAR BRIGHT COMP FOAM 50ML EB,Garnier Bright Complete Foam 50ml,,Toiletries,Women Skin Care,24 x 50ml,24 x 50ml,50ml,50.0,24,Tube,24.39,1.0161,USD,Per Case,5.0,25.61,1.07,USD 25.61,USD 25.61/case (24pk) · USD 1.07/unit,Enquire,,,FOB Jakarta,FOB Jakarta,Indonesia,Jakarta,,2026-09-25,No,No,,,
LOREAL_GARNIER,78,PT. Surya Graha Pasaraya,G00043,8991380700043,Garnier,Skin Naturals Face,GAR LIGHT COMP TONER 150ML,Garnier Light Complete Toner 150ml,,Toiletries,Women Skin Care,12 x 150ml,12 x 150ml,150ml,150.0,12,Bottle,46.06,3.8387,USD,Per Case,5.0,48.37,4.03,USD 48.37,USD 48.37/case (12pk) · USD 4.03/unit,Enquire,,,FOB Jakarta,FOB Jakarta,Indonesia,Jakarta,,2026-09-25,No,No,,,
LOREAL_GARNIER,79,PT. Surya Graha Pasaraya,G00593,8991380700593,Garnier,Skin Naturals Face,GAR BRIGHT COMP SCRUB 50ML EBT,Garnier Bright Complete Scrub 50ml,,Toiletries,Women Skin Care,24 x 50ml,24 x 50ml,50ml,50.0,24,Tube,24.39,1.0161,USD,Per Case,5.0,25.61,1.07,USD 25.61,USD 25.61/case (24pk) · USD 1.07/unit,Enquire,,,FOB Jakarta,FOB Jakarta,Indonesia,Jakarta,,2026-09-25,No,No,,,
LOREAL_GARNIER,80,PT. Surya Graha Pasaraya,G00609,8991380700609,Garnier,Skin Naturals Face,GAR BRIGHT COMP SCRUB 100ML EB,Garnier Bright Complete Scrub 100ml,,Toiletries,Women Skin Care,12 x 100ml,12 x 100ml,100ml,100.0,12,Tube,19.17,1.5976,USD,Per Case,5.0,20.13,1.68,USD 20.13,USD 20.13/case (12pk) · USD 1.68/unit,Enquire,,,FOB Jakarta,FOB Jakarta,Indonesia,Jakarta,,2026-09-25,No,No,Perubahan harga per Februari 2025,,
LOREAL_GARNIER,83,PT. Surya Graha Pasaraya,G13746,8994993013746,Garnier,Skin Naturals Face,GAR BRIGHT COMP DARK SPOT SERUM 15ML EB,Garnier Bright Complete Dark Spot Serum 15ml,,Toiletries,Women Skin Care,24 x 15ml,24 x 15ml,15ml,15.0,24,Bottle,93.35,3.8895,USD,Per Case,5.0,98.02,4.08,USD 98.02,USD 98.02/case (24pk) · USD 4.08/unit,Enquire,,,FOB Jakarta,FOB Jakarta,Indonesia,Jakarta,,2026-09-25,No,No,,,
LOREAL_GARNIER,84,PT. Surya Graha Pasaraya,G16778,8994993016778,Garnier,Skin Naturals Face,GAR BRIGHT COMP DARK SPOT SERUM 50ML EBT,Garnier Bright Complete Dark Spot Serum 50ml,,Toiletries,Women Skin Care,12 x 50ml,12 x 50ml,50ml,50.0,12,Bottle,101.14,8.4282,USD,Per Case,5.0,106.2,8.85,USD 106.20,USD 106.20/case (12pk) · USD 8.85/unit,Enquire,,,FOB Jakarta,FOB Jakarta,Indonesia,Jakarta,,2026-09-25,No,No,,,
LOREAL_GARNIER,85,PT. Surya Graha Pasaraya,G25664,8994993025664,Garnier,Skin Naturals Face,GAR BRIGHT COMP VIT C AQUA GEL 50ML EBT,Garnier Bright Complete Vitamin C Aqua Gel 50ml,,Toiletries,Women Skin Care,12 x 50ml,12 x 50ml,50ml,50.0,12,Tube,50.81,4.2339,USD,Per Case,5.0,53.35,4.45,USD 53.35,USD 53.35/case (12pk) · USD 4.45/unit,Enquire,,,FOB Jakarta,FOB Jakarta,Indonesia,Jakarta,,2026-09-25,No,No,,name codes: C,
LOREAL_GARNIER,86,PT. Surya Graha Pasaraya,G25749,8994993025749,Garnier,Skin Naturals Face,GAR BRIGHT COMP VIT C AQUA GEL 20ML EB,Garnier Bright Complete Vitamin C Aqua Gel 20ml,,Toiletries,Women Skin Care,24 x 20ml,24 x 20ml,20ml,20.0,24,Jar,39.43,1.6427,USD,Per Case,5.0,41.4,1.72,USD 41.40,USD 41.40/case (24pk) · USD 1.72/unit,Enquire,,,FOB Jakarta,FOB Jakarta,Indonesia,Jakarta,,2026-09-25,No,No,,name codes: C,
LOREAL_GARNIER,87,PT. Surya Graha Pasaraya,G25107,8994993025107,Garnier,Skin Naturals Face,GAR SAKURA GLOW RP CERAMIDE WT GEL 50ML EBT,Garnier Sakura Glow RP Ceramide WT Gel 50ml,,Toiletries,Women Skin Care,12 x 50ml,12 x 50ml,50ml,50.0,12,Tube,50.81,4.2339,USD,Per Case,5.0,53.35,4.45,USD 53.35,USD 53.35/case (12pk) · USD 4.45/unit,Enquire,,,FOB Jakarta,FOB Jakarta,Indonesia,Jakarta,,2026-09-25,No,No,,"name codes: RP, WT",
LOREAL_GARNIER,88,PT. Surya Graha Pasaraya,G25183,8994993025183,Garnier,Skin Naturals Face,GAR SAKURA GLOW RP CERAMIDE WT GEL 20ML EB,Garnier Sakura Glow RP Ceramide WT Gel 20ml,,Toiletries,Women Skin Care,24 x 20ml,24 x 20ml,20ml,20.0,24,Jar,39.43,1.6427,USD,Per Case,5.0,41.4,1.72,USD 41.40,USD 41.40/case (24pk) · USD 1.72/unit,Enquire,,,FOB Jakarta,FOB Jakarta,Indonesia,Jakarta,,2026-09-25,No,No,,"name codes: RP, WT",
LOREAL_GARNIER,89,PT. Surya Graha Pasaraya,G13524,8994993013524,Garnier,Skin Naturals Face,GAR SAKURA GLOW BOOSTER SERUM 15ML AS,Garnier Sakura Glow Booster Serum 15ml,,Toiletries,Women Skin Care,24 x 15ml,24 x 15ml,15ml,15.0,24,Bottle,93.35,3.8895,USD,Per Case,5.0,98.02,4.08,USD 98.02,USD 98.02/case (24pk) · USD 4.08/unit,Enquire,,,FOB Jakarta,FOB Jakarta,Indonesia,Jakarta,,2026-09-25,No,No,,,
LOREAL_GARNIER,90,PT. Surya Graha Pasaraya,G70340,6923700970340,Garnier,Skin Naturals Face,GAR SAKURA WHITE GLASS SKIN MASK EB,Garnier Sakura White Glass Skin Mask,,Toiletries,Women Skin Care,60,60 x sachet,,,60,Sachet,77.56,1.2927,USD,Per Case,5.0,81.44,1.36,USD 81.44,USD 81.44/case (60pk) · USD 1.36/unit,Enquire,,,FOB Jakarta,FOB Jakarta,Indonesia,Jakarta,,2026-09-25,No,No,,no unit size on the supplier line,
LOREAL_GARNIER,91,PT. Surya Graha Pasaraya,G11575,8994993011575,Garnier,Skin Naturals Face,GAR SAKURA WHITE SERUM 7.5 ML SCH BOX,Garnier Sakura White Serum 7.5ml Sachet Box,,Toiletries,Women Skin Care,144 x 7.5ml,144 x 7.5ml,7.5ml,7.5,144,Sachet,134.13,0.9314,USD,Per Case,5.0,140.84,0.98,USD 140.84,USD 140.84/case (144pk) · USD 0.98/unit,Enquire,,,FOB Jakarta,FOB Jakarta,Indonesia,Jakarta,,2026-09-25,No,No,,,
LOREAL_GARNIER,92,PT. Surya Graha Pasaraya,G09398,8994993009398,Garnier,Skin Naturals Face,GAR SAKURA CLAY MASK 2 x 6 ML,Garnier Sakura Clay Mask 2 x 6ml,,Toiletries,Women Skin Care,96 x 2 x 6ml,96 x 2 x 6ml,2 x 6ml,12.0,96,Sachet,75.33,0.7847,USD,Per Case,5.0,79.1,0.82,USD 79.10,USD 79.10/case (96pk) · USD 0.82/unit,Enquire,,,FOB Jakarta,FOB Jakarta,Indonesia,Jakarta,,2026-09-25,No,No,,,multi-unit pack
LOREAL_GARNIER,93,PT. Surya Graha Pasaraya,G14910,8994993014910,Garnier,Skin Naturals Face,GAR SAKURA GLOW WATERGLOW ESSENCE 30ML,Garnier Sakura Glow Waterglow Essence 30ml,,Toiletries,Women Skin Care,24 x 30ml,24 x 30ml,30ml,30.0,24,Bottle,54.46,2.2693,USD,Per Case,5.0,57.19,2.38,USD 57.19,USD 57.19/case (24pk) · USD 2.38/unit,Enquire,,,FOB Jakarta,FOB Jakarta,Indonesia,Jakarta,,2026-09-25,No,No,,,
LOREAL_GARNIER,94,PT. Surya Graha Pasaraya,G14897,8994993014897,Garnier,Skin Naturals Face,GAR SAKURA GLOW WATERGLOW ESSENCE 100ML,Garnier Sakura Glow Waterglow Essence 100ml,,Toiletries,Women Skin Care,12 x 100ml,12 x 100ml,100ml,100.0,12,Bottle,77.02,6.4185,USD,Per Case,5.0,80.87,6.74,USD 80.87,USD 80.87/case (12pk) · USD 6.74/unit,Enquire,,,FOB Jakarta,FOB Jakarta,Indonesia,Jakarta,,2026-09-25,No,No,,,
LOREAL_GARNIER,95,PT. Surya Graha Pasaraya,G09534,8994993009534,Garnier,Skin Naturals Face,GAR SAKURA WHITE WHIP FOAM 100ML,Garnier Sakura White Whip Foam 100ml,,Toiletries,Women Skin Care,12 x 100ml,12 x 100ml,100ml,100.0,12,Tube,20.19,1.6823,USD,Per Case,5.0,21.2,1.77,USD 21.20,USD 21.20/case (12pk) · USD 1.77/unit,Enquire,,,FOB Jakarta,FOB Jakarta,Indonesia,Jakarta,,2026-09-25,No,No,,,
LOREAL_GARNIER,96,PT. Surya Graha Pasaraya,G82009,8992304082009,Garnier,Skin Naturals Face,GAR SAKURA WHITE WHIP FOAM 50ML,Garnier Sakura White Whip Foam 50ml,,Toiletries,Women Skin Care,24 x 50ml,24 x 50ml,50ml,50.0,24,Tube,31.03,1.2927,USD,Per Case,5.0,32.58,1.36,USD 32.58,USD 32.58/case (24pk) · USD 1.36/unit,Enquire,,,FOB Jakarta,FOB Jakarta,Indonesia,Jakarta,,2026-09-25,No,No,,,
LOREAL_GARNIER,97,PT. Surya Graha Pasaraya,G47169,8992304047169,Garnier,Skin Naturals Face,GAR SAKURA GLOW FOAM 50ML EB,Garnier Sakura Glow Foam 50ml,,Toiletries,Women Skin Care,24 x 50ml,24 x 50ml,50ml,50.0,24,Tube,24.39,1.0161,USD,Per Case,5.0,25.61,1.07,USD 25.61,USD 25.61/case (24pk) · USD 1.07/unit,Enquire,,,FOB Jakarta,FOB Jakarta,Indonesia,Jakarta,,2026-09-25,No,No,,,
LOREAL_GARNIER,98,PT. Surya Graha Pasaraya,G47152,8992304047152,Garnier,Skin Naturals Face,GAR SAKURA GLOW FOAM 100ML EB,Garnier Sakura Glow Foam 100ml,,Toiletries,Women Skin Care,12 x 100ml,12 x 100ml,100ml,100.0,12,Tube,19.17,1.5976,USD,Per Case,5.0,20.13,1.68,USD 20.13,USD 20.13/case (12pk) · USD 1.68/unit,Enquire,,,FOB Jakarta,FOB Jakarta,Indonesia,Jakarta,,2026-09-25,No,No,Perubahan harga per Februari 2025,,
LOREAL_GARNIER,99,PT. Surya Graha Pasaraya,G47190,8992304047190,Garnier,Skin Naturals Face,GAR SAKURA GLOW TALC TOUCH UV 20ML EB,Garnier Sakura Glow TALC Touch Uv 20ml,,Toiletries,Women Skin Care,24 x 20ml,24 x 20ml,20ml,20.0,24,Tube,31.16,1.2984,USD,Per Case,5.0,32.72,1.36,USD 32.72,USD 32.72/case (24pk) · USD 1.36/unit,Enquire,,,FOB Jakarta,FOB Jakarta,Indonesia,Jakarta,,2026-09-25,No,No,,name codes: TALC,
LOREAL_GARNIER,100,PT. Surya Graha Pasaraya,G03662,8994993003662,Garnier,Skin Naturals Face,GAR SAKURA GLOW SPF30 20ML EB,Garnier Sakura Glow SPF30 20ml,,Toiletries,Women Skin Care,24 x 20ml,24 x 20ml,20ml,20.0,24,Tube,39.43,1.6427,USD,Per Case,5.0,41.4,1.72,USD 41.40,USD 41.40/case (24pk) · USD 1.72/unit,Enquire,,,FOB Jakarta,FOB Jakarta,Indonesia,Jakarta,,2026-09-25,No,No,,,
LOREAL_GARNIER,102,PT. Surya Graha Pasaraya,G33872,8992304033872,Garnier,Skin Naturals Face,GAR SAKURA GLOW SPF30 50ML EB,Garnier Sakura Glow SPF30 50ml,,Toiletries,Women Skin Care,12 x 50ml,12 x 50ml,50ml,50.0,12,Jar,47.22,3.9347,USD,Per Case,5.0,49.58,4.13,USD 49.58,USD 49.58/case (12pk) · USD 4.13/unit,Enquire,,,FOB Jakarta,FOB Jakarta,Indonesia,Jakarta,,2026-09-25,No,No,Perubahan harga per Februari 2025,,
LOREAL_GARNIER,103,PT. Surya Graha Pasaraya,G46940,8992304046940,Garnier,Skin Naturals Face,GAR SAKURA GLOW NIGHT CREAM 20ML EB,Garnier Sakura Glow Night Cream 20ml,,Toiletries,Women Skin Care,24 x 20ml,24 x 20ml,20ml,20.0,24,Tube,39.43,1.6427,USD,Per Case,5.0,41.4,1.72,USD 41.40,USD 41.40/case (24pk) · USD 1.72/unit,Enquire,,,FOB Jakarta,FOB Jakarta,Indonesia,Jakarta,,2026-09-25,No,No,,,
LOREAL_GARNIER,104,PT. Surya Graha Pasaraya,G46933,8992304046933,Garnier,Skin Naturals Face,GAR SAKURA GLOW NIGHT CREAM 50ML EB,Garnier Sakura Glow Night Cream 50ml,,Toiletries,Women Skin Care,12 x 50ml,12 x 50ml,50ml,50.0,12,Jar,50.81,4.2339,USD,Per Case,5.0,53.35,4.45,USD 53.35,USD 53.35/case (12pk) · USD 4.45/unit,Enquire,,,FOB Jakarta,FOB Jakarta,Indonesia,Jakarta,,2026-09-25,No,No,,,
LOREAL_GARNIER,105,PT. Surya Graha Pasaraya,G49743,8992304049743,Garnier,Skin Naturals Face,GAR SAKURA GLOW TALC TOUCH UV SPT 7ML 3L EB 3L,Garnier Sakura Glow TALC Touch Uv SPT 7ml 3l 3l,,Toiletries,Women Skin Care,300 x 3L,300 x 3L,3L,3000.0,300,Sachet,84.68,0.2823,USD,Per Case,5.0,88.91,0.296,USD 88.91,USD 88.91/case (300pk) · USD 0.296/unit,Enquire,,,FOB Jakarta,FOB Jakarta,Indonesia,Jakarta,,2026-09-25,No,No,Price increase per July 2025,"name codes: SPT, TALC",
LOREAL_GARNIER,106,PT. Surya Graha Pasaraya,G49743A,8992304049743,Garnier,Skin Naturals Face,GAR SAKURA WHITE DAY CRM 7ML BOX,Garnier Sakura White Day Cream 7ml Box,,Toiletries,Women Skin Care,300 x 7ml,300 x 7ml,7ml,7.0,300,Sachet,84.68,0.2823,USD,Per Case,5.0,88.91,0.296,USD 88.91,USD 88.91/case (300pk) · USD 0.296/unit,Enquire,,,FOB Jakarta,FOB Jakarta,Indonesia,Jakarta,,2026-09-25,No,No,Price increase per July 2025,,
LOREAL_GARNIER,109,PT. Surya Graha Pasaraya,G47183,8992304047183,Garnier,Skin Naturals Face,GAR SAKURA GLOW TALIGHt COMP TOUCH UV 40ML EB,Garnier Sakura Glow TALIGHt Complete Touch Uv 40ml,,Toiletries,Women Skin Care,12 x 40ml,12 x 40ml,40ml,40.0,12,Box,31.09,2.5911,USD,Per Case,5.0,32.65,2.72,USD 32.65,USD 32.65/case (12pk) · USD 2.72/unit,Enquire,,,FOB Jakarta,FOB Jakarta,Indonesia,Jakarta,,2026-09-25,No,No,,,
LOREAL_GARNIER,111,PT. Surya Graha Pasaraya,G96396,8992304096396,Garnier,Skin Naturals Face,GAR SAKURA WHITE ESSENCE LOTION 120ML,Garnier Sakura White Essence Lotion 120ml,,Toiletries,Women Skin Care,12 x 120ml,12 x 120ml,120ml,120.0,12,Bottle,47.96,3.9968,USD,Per Case,5.0,50.36,4.2,USD 50.36,USD 50.36/case (12pk) · USD 4.20/unit,Enquire,,,FOB Jakarta,FOB Jakarta,Indonesia,Jakarta,,2026-09-25,No,No,,,
LOREAL_GARNIER,113,PT. Surya Graha Pasaraya,G10721,8994993010721,Garnier,Skin Naturals Face,GAR SAKURA GLOW BOOSTER SERUM 30ML EB,Garnier Sakura Glow Booster Serum 30ml,,Toiletries,Women Skin Care,12 x 30ml,12 x 30ml,30ml,30.0,12,Tube,75.19,6.2661,USD,Per Case,5.0,78.95,6.58,USD 78.95,USD 78.95/case (12pk) · USD 6.58/unit,Enquire,,,FOB Jakarta,FOB Jakarta,Indonesia,Jakarta,,2026-09-25,No,No,,,
LOREAL_GARNIER,123,PT. Surya Graha Pasaraya,G89348,6923492589348,Garnier,Skin Naturals Face,GAR LIGHT COMP FACE POWDER-IVORY,Garnier Light Complete Face Powder-Ivory,,Toiletries,Women Skin Care,144,144 x pack,,,144,Pack,291.02,2.021,USD,Per Case,5.0,305.57,2.12,USD 305.57,USD 305.57/case (144pk) · USD 2.12/unit,Enquire,,,FOB Jakarta,FOB Jakarta,Indonesia,Jakarta,,2026-09-25,No,No,,no unit size on the supplier line; duplicate line in the supplier list (2x),
LOREAL_GARNIER,124,PT. Surya Graha Pasaraya,G89348A,6923492589348,Garnier,Skin Naturals Face,GAR LIGHT COMP FACE POWDER-IVORY,Garnier Light Complete Face Powder-Ivory,,Toiletries,Women Skin Care,144,144 x pack,,,144,Pack,291.02,2.021,USD,Per Case,5.0,305.57,2.12,USD 305.57,USD 305.57/case (144pk) · USD 2.12/unit,Enquire,,,FOB Jakarta,FOB Jakarta,Indonesia,Jakarta,,2026-09-25,No,No,,no unit size on the supplier line; duplicate line in the supplier list (2x),
LOREAL_GARNIER,125,PT. Surya Graha Pasaraya,G89355,6923492589355,Garnier,Skin Naturals Face,GAR LIGHT COMP FACE POWDER-NATURAL,Garnier Light Complete Face Powder-Natural,,Toiletries,Women Skin Care,144,144 x pack,,,144,Pack,282.89,1.9645,USD,Per Case,5.0,297.03,2.06,USD 297.03,USD 297.03/case (144pk) · USD 2.06/unit,Enquire,,,FOB Jakarta,FOB Jakarta,Indonesia,Jakarta,,2026-09-25,No,No,Perubahan harga per Januari 2025,no unit size on the supplier line; duplicate line in the supplier list (2x),
LOREAL_GARNIER,126,PT. Surya Graha Pasaraya,G89355A,6923492589355,Garnier,Skin Naturals Face,GAR LIGHT COMP FACE POWDER-NATURAL,Garnier Light Complete Face Powder-Natural,,Toiletries,Women Skin Care,144,144 x pack,,,144,Pack,282.89,1.9645,USD,Per Case,5.0,297.03,2.06,USD 297.03,USD 297.03/case (144pk) · USD 2.06/unit,Enquire,,,FOB Jakarta,FOB Jakarta,Indonesia,Jakarta,,2026-09-25,No,No,Perubahan harga per Januari 2025,no unit size on the supplier line; duplicate line in the supplier list (2x),
LOREAL_GARNIER,129,PT. Surya Graha Pasaraya,G01446,8994993001446,Garnier,Skin Naturals Face,GAR SAKURA WHITE FACE POWDER-PORCELAIN,Garnier Sakura White Face Powder-Porcelain,,Toiletries,Women Skin Care,6,6 x pack,,,6,Pack,11.79,1.9645,USD,Per Case,5.0,12.38,2.06,USD 12.38,USD 12.38/case (6pk) · USD 2.06/unit,Enquire,,,FOB Jakarta,FOB Jakarta,Indonesia,Jakarta,,2026-09-25,No,No,,no unit size on the supplier line,
LOREAL_GARNIER,130,PT. Surya Graha Pasaraya,G01453,8994993001453,Garnier,Skin Naturals Face,GAR SAKURA WHITE FACE POWDER-NUDE,Garnier Sakura White Face Powder-Nude,,Toiletries,Women Skin Care,6,6 x pack,,,6,Pack,11.79,1.9645,USD,Per Case,5.0,12.38,2.06,USD 12.38,USD 12.38/case (6pk) · USD 2.06/unit,Enquire,,,FOB Jakarta,FOB Jakarta,Indonesia,Jakarta,,2026-09-25,No,No,,no unit size on the supplier line,
LOREAL_GARNIER,137,PT. Surya Graha Pasaraya,G82336,6923700982336,Garnier,Skin Naturals Face,GRN 5 MIN AMP MASK PINEAPPLE EB,Garnier 5 Mineral Ampoule Mask Pineapple,,Toiletries,Women Skin Care,60,60 x sachet,,,60,Sachet,79.26,1.321,USD,Per Case,5.0,83.22,1.39,USD 83.22,USD 83.22/case (60pk) · USD 1.39/unit,Enquire,,,FOB Jakarta,FOB Jakarta,Indonesia,Jakarta,,2026-09-25,No,No,,no unit size on the supplier line,
LOREAL_GARNIER,138,PT. Surya Graha Pasaraya,G82329,6923700982329,Garnier,Skin Naturals Face,GRN 5 MIN AMP MASK KALE EB,Garnier 5 Mineral Ampoule Mask KALE,,Toiletries,Women Skin Care,60,60 x sachet,,,60,Sachet,79.26,1.321,USD,Per Case,5.0,83.22,1.39,USD 83.22,USD 83.22/case (60pk) · USD 1.39/unit,Enquire,,,FOB Jakarta,FOB Jakarta,Indonesia,Jakarta,,2026-09-25,No,No,,no unit size on the supplier line; name codes: KALE,
LOREAL_GARNIER,139,PT. Surya Graha Pasaraya,G82343,6923700982343,Garnier,Skin Naturals Face,GRN 5 MIN AMP MASK WATERMELON EB,Garnier 5 Mineral Ampoule Mask Watermelon,,Toiletries,Women Skin Care,60,60 x sachet,,,60,Sachet,79.26,1.321,USD,Per Case,5.0,83.22,1.39,USD 83.22,USD 83.22/case (60pk) · USD 1.39/unit,Enquire,,,FOB Jakarta,FOB Jakarta,Indonesia,Jakarta,,2026-09-25,No,No,,no unit size on the supplier line,
LOREAL_GARNIER,140,PT. Surya Graha Pasaraya,G55304,6970175255304,Garnier,Skin Naturals Face,GAR HYDRABOMB MASK-LIGHT COMPLETE,Garnier Hydrabomb Mask-Light Complete,,Toiletries,Women Skin Care,60,60 x sachet,,,60,Sachet,67.4,1.1234,USD,Per Case,5.0,70.77,1.18,USD 70.77,USD 70.77/case (60pk) · USD 1.18/unit,Enquire,,,FOB Jakarta,FOB Jakarta,Indonesia,Jakarta,,2026-09-25,No,No,,no unit size on the supplier line,
LOREAL_GARNIER,141,PT. Surya Graha Pasaraya,G55274,6970175255274,Garnier,Skin Naturals Face,GAR HYDRABOMB MASK-GREEN TEA,Garnier Hydrabomb Mask-Green Tea,,Toiletries,Women Skin Care,60,60 x sachet,,,60,Sachet,67.4,1.1234,USD,Per Case,5.0,70.77,1.18,USD 70.77,USD 70.77/case (60pk) · USD 1.18/unit,Enquire,,,FOB Jakarta,FOB Jakarta,Indonesia,Jakarta,,2026-09-25,No,No,,no unit size on the supplier line,
LOREAL_GARNIER,142,PT. Surya Graha Pasaraya,G55281,6970175255281,Garnier,Skin Naturals Face,GAR HYDRABOMB MASK-POMEGRANATE,Garnier Hydrabomb Mask-Pomegranate,,Toiletries,Women Skin Care,60,60 x sachet,,,60,Sachet,60.97,1.0161,USD,Per Case,5.0,64.02,1.07,USD 64.02,USD 64.02/case (60pk) · USD 1.07/unit,Enquire,,,FOB Jakarta,FOB Jakarta,Indonesia,Jakarta,,2026-09-25,No,No,,no unit size on the supplier line,
LOREAL_GARNIER,143,PT. Surya Graha Pasaraya,G55298,6970175255298,Garnier,Skin Naturals Face,GAR HYDRABOMB MASK-SAKURA,Garnier Hydrabomb Mask-Sakura,,Toiletries,Women Skin Care,60,60 x sachet,,,60,Sachet,67.4,1.1234,USD,Per Case,5.0,70.77,1.18,USD 70.77,USD 70.77/case (60pk) · USD 1.18/unit,Enquire,,,FOB Jakarta,FOB Jakarta,Indonesia,Jakarta,,2026-09-25,No,No,,no unit size on the supplier line,
LOREAL_GARNIER,144,PT. Surya Graha Pasaraya,G56837,6970175256837,Garnier,Skin Naturals Face,GAR HYDRABOMB MASK GRAPE,Garnier Hydrabomb Mask Grape,,Toiletries,Women Skin Care,60,60 x sachet,,,60,Sachet,67.4,1.1234,USD,Per Case,5.0,70.77,1.18,USD 70.77,USD 70.77/case (60pk) · USD 1.18/unit,Enquire,,,FOB Jakarta,FOB Jakarta,Indonesia,Jakarta,,2026-09-25,No,No,,no unit size on the supplier line,
LOREAL_GARNIER,145,PT. Surya Graha Pasaraya,G56851,6970175256851,Garnier,Skin Naturals Face,GAR HYDRABOMB MASK LAVENDER,Garnier Hydrabomb Mask Lavender,,Toiletries,Women Skin Care,60,60 x sachet,,,60,Sachet,60.97,1.0161,USD,Per Case,5.0,64.02,1.07,USD 64.02,USD 64.02/case (60pk) · USD 1.07/unit,Enquire,,,FOB Jakarta,FOB Jakarta,Indonesia,Jakarta,,2026-09-25,No,No,,no unit size on the supplier line,
LOREAL_GARNIER,146,PT. Surya Graha Pasaraya,G56875,6970175256875,Garnier,Skin Naturals Face,GAR PUR CHARC BLACK ALGAE MASK,Garnier PUR Charc Black Algae Mask,,Toiletries,Women Skin Care,60,60 x sachet,,,60,Sachet,60.97,1.0161,USD,Per Case,5.0,64.02,1.07,USD 64.02,USD 64.02/case (60pk) · USD 1.07/unit,Enquire,,,FOB Jakarta,FOB Jakarta,Indonesia,Jakarta,,2026-09-25,No,No,,no unit size on the supplier line; name codes: PUR,
LOREAL_GARNIER,147,PT. Surya Graha Pasaraya,G16045,8991380016045,Garnier,Skin Naturals Face,BDL BOGOF GAR SERUM Black algae,Garnier Bundle Bogof Serum Black algae,,Toiletries,Women Skin Care,30,30 x sachet,,,30,Sachet,60.97,2.0323,USD,Per Case,5.0,64.02,2.13,USD 64.02,USD 64.02/case (30pk) · USD 2.13/unit,Enquire,,,FOB Jakarta,FOB Jakarta,Indonesia,Jakarta,,2026-09-25,No,No,Perubahan harga per Januari 2025,no unit size on the supplier line; bundle/value set - confirm what the case contains,
LOREAL_GARNIER,148,PT. Surya Graha Pasaraya,G56899,6970175256899,Garnier,Skin Naturals Face,GAR PUR CHARC BLACK RICE MASK,Garnier PUR Charc Black RICE Mask,,Toiletries,Women Skin Care,60,60 x sachet,,,60,Sachet,67.4,1.1234,USD,Per Case,5.0,70.77,1.18,USD 70.77,USD 70.77/case (60pk) · USD 1.18/unit,Enquire,,,FOB Jakarta,FOB Jakarta,Indonesia,Jakarta,,2026-09-25,No,No,,"no unit size on the supplier line; name codes: PUR, RICE",
LOREAL_GARNIER,149,PT. Surya Graha Pasaraya,G50830,6923700950830,Garnier,Skin Naturals Face,GAR HYDRABOMB MASK - NIGHT MASK,Garnier Hydrabomb Mask - Night Mask,,Toiletries,Women Skin Care,60,60 x sachet,,,60,Sachet,67.4,1.1234,USD,Per Case,5.0,70.77,1.18,USD 70.77,USD 70.77/case (60pk) · USD 1.18/unit,Enquire,,,FOB Jakarta,FOB Jakarta,Indonesia,Jakarta,,2026-09-25,No,No,,no unit size on the supplier line,
LOREAL_GARNIER,150,PT. Surya Graha Pasaraya,G41586,6923700941586,Garnier,Skin Naturals Face,GAR LIGHt COMP BRIGHT UP TISSUE MASK,Garnier Light Complete Bright Up Tissue Mask,,Toiletries,Women Skin Care,60,60 x sachet,,,60,Sachet,67.4,1.1234,USD,Per Case,5.0,70.77,1.18,USD 70.77,USD 70.77/case (60pk) · USD 1.18/unit,Enquire,,,FOB Jakarta,FOB Jakarta,Indonesia,Jakarta,,2026-09-25,No,No,,no unit size on the supplier line,
LOREAL_GARNIER,151,PT. Surya Graha Pasaraya,G60891,6923700960891,Garnier,Skin Naturals Face,GAR HYDRABOMB EYE MASK ORANGE,Garnier Hydrabomb Eye Mask Orange,,Toiletries,Women Skin Care,60,60 x sachet,,,60,Sachet,67.4,1.1234,USD,Per Case,5.0,70.77,1.18,USD 70.77,USD 70.77/case (60pk) · USD 1.18/unit,Enquire,,,FOB Jakarta,FOB Jakarta,Indonesia,Jakarta,,2026-09-25,No,No,,no unit size on the supplier line,
LOREAL_GARNIER,152,PT. Surya Graha Pasaraya,G60884,6923700960884,Garnier,Skin Naturals Face,GAR HYDRABOMB EYE MASK COCONUT,Garnier Hydrabomb Eye Mask Coconut,,Toiletries,Women Skin Care,60,60 x sachet,,,60,Sachet,67.4,1.1234,USD,Per Case,5.0,70.77,1.18,USD 70.77,USD 70.77/case (60pk) · USD 1.18/unit,Enquire,,,FOB Jakarta,FOB Jakarta,Indonesia,Jakarta,,2026-09-25,No,No,,no unit size on the supplier line,
LOREAL_GARNIER,154,PT. Surya Graha Pasaraya,G13501V,8991380013501,Garnier,Skin Naturals Face,GAR BOGOF GRN H BOMB GREEN TEA MASK,Garnier Bogof H Bomb Green Tea Mask,,Toiletries,Women Skin Care,30,30 x sachet,,,30,Sachet,67.4,2.2468,USD,Per Case,5.0,70.77,2.36,USD 70.77,USD 70.77/case (30pk) · USD 2.36/unit,Enquire,,,FOB Jakarta,FOB Jakarta,Indonesia,Jakarta,,2026-09-25,No,No,,no unit size on the supplier line; bundle/value set - confirm what the case contains,
LOREAL_GARNIER,155,PT. Surya Graha Pasaraya,G15710,8991380015710,Garnier,Skin Naturals Face,BDL BOGOF GRN H BOMB GREEN TEA MASK,Garnier Bundle Bogof H Bomb Green Tea Mask,,Toiletries,Women Skin Care,30,30 x sachet,,,30,Sachet,60.97,2.0323,USD,Per Case,5.0,64.02,2.13,USD 64.02,USD 64.02/case (30pk) · USD 2.13/unit,Enquire,,,FOB Jakarta,FOB Jakarta,Indonesia,Jakarta,,2026-09-25,No,No,Perubahan harga per Januari 2025,no unit size on the supplier line; bundle/value set - confirm what the case contains,
LOREAL_GARNIER,156,PT. Surya Graha Pasaraya,G96273,8992304096273,Garnier,Skin Naturals Face,GAR PURE ACTIVE MATCHA ONSEN CLAY MASK,Garnier Pure Active Matcha Onsen Clay Mask,,Toiletries,Women Skin Care,96,96 x sachet,,,96,Sachet,73.16,0.7621,USD,Per Case,5.0,76.82,0.8,USD 76.82,USD 76.82/case (96pk) · USD 0.80/unit,Enquire,,,FOB Jakarta,FOB Jakarta,Indonesia,Jakarta,,2026-09-25,No,No,Perubahan harga per Januari 2025,no unit size on the supplier line,
LOREAL_GARNIER,159,PT. Surya Graha Pasaraya,G00012,8994993000012,Garnier,Skin Naturals Face,GAR PURE ACTIVE SENSITIVE SERUM-30ML,Garnier Pure Active Sensitive Serum-30ml,,Toiletries,Women Skin Care,12 x 30ml,12 x 30ml,30ml,30.0,12,Box,21.47,1.7895,USD,Per Case,5.0,22.55,1.88,USD 22.55,USD 22.55/case (12pk) · USD 1.88/unit,Enquire,,,FOB Jakarta,FOB Jakarta,Indonesia,Jakarta,,2026-09-25,No,No,,,
LOREAL_GARNIER,160,PT. Surya Graha Pasaraya,G000029,8994993000029,Garnier,Skin Naturals Face,GAR PURE ACTIVE SENSITIVE GEL-100ML,Garnier Pure Active Sensitive Gel-100ml,,Toiletries,Women Skin Care,12 x 100ml,12 x 100ml,100ml,100.0,12,Tube,20.19,1.6823,USD,Per Case,5.0,21.2,1.77,USD 21.20,USD 21.20/case (12pk) · USD 1.77/unit,Enquire,,,FOB Jakarta,FOB Jakarta,Indonesia,Jakarta,,2026-09-25,No,No,,,
LOREAL_GARNIER,161,PT. Surya Graha Pasaraya,G000036,8994993000036,Garnier,Skin Naturals Face,GAR PURE ACTIVE SENSITIVE GEL-50ML,Garnier Pure Active Sensitive Gel-50ml,,Toiletries,Women Skin Care,24 x 50ml,24 x 50ml,50ml,50.0,24,Tube,31.03,1.2927,USD,Per Case,5.0,32.58,1.36,USD 32.58,USD 32.58/case (24pk) · USD 1.36/unit,Enquire,,,FOB Jakarta,FOB Jakarta,Indonesia,Jakarta,,2026-09-25,No,No,,,
LOREAL_GARNIER,164,PT. Surya Graha Pasaraya,G19524,8992304019524,Garnier,Skin Naturals Face,GAR PURE ACTIVE FOAM 100ML,Garnier Pure Active Foam 100ml,,Toiletries,Women Skin Care,12 x 100ml,12 x 100ml,100ml,100.0,12,Tube,19.17,1.5976,USD,Per Case,5.0,20.13,1.68,USD 20.13,USD 20.13/case (12pk) · USD 1.68/unit,Enquire,,,FOB Jakarta,FOB Jakarta,Indonesia,Jakarta,,2026-09-25,No,No,Perubahan harga per Februari 2025,,
LOREAL_GARNIER,165,PT. Surya Graha Pasaraya,G19562,8992304019562,Garnier,Skin Naturals Face,GAR PURE ACTIVE SCRUB 100ML,Garnier Pure Active Scrub 100ml,,Toiletries,Women Skin Care,12 x 100ml,12 x 100ml,100ml,100.0,12,Tube,19.17,1.5976,USD,Per Case,5.0,20.13,1.68,USD 20.13,USD 20.13/case (12pk) · USD 1.68/unit,Enquire,,,FOB Jakarta,FOB Jakarta,Indonesia,Jakarta,,2026-09-25,No,No,Perubahan harga per Februari 2025,,
LOREAL_GARNIER,170,PT. Surya Graha Pasaraya,G82221,8992304082221,Garnier,Skin Naturals Face,GAR PURE ACTIVE MATCHA FOAM 100ML,Garnier Pure Active Matcha Foam 100ml,,Toiletries,Women Skin Care,12 x 100ml,12 x 100ml,100ml,100.0,12,Tube,19.17,1.5976,USD,Per Case,5.0,20.13,1.68,USD 20.13,USD 20.13/case (12pk) · USD 1.68/unit,Enquire,,,FOB Jakarta,FOB Jakarta,Indonesia,Jakarta,,2026-09-25,No,No,Perubahan harga per Februari 2025,,
LOREAL_GARNIER,171,PT. Surya Graha Pasaraya,G82238,8992304082238,Garnier,Skin Naturals Face,GAR PURE ACTIVE MATCHA FOAM 50ML,Garnier Pure Active Matcha Foam 50ml,,Toiletries,Women Skin Care,24 x 50ml,24 x 50ml,50ml,50.0,24,Tube,22.35,0.9314,USD,Per Case,5.0,23.47,0.98,USD 23.47,USD 23.47/case (24pk) · USD 0.98/unit,Enquire,,,FOB Jakarta,FOB Jakarta,Indonesia,Jakarta,,2026-09-25,No,No,,,
LOREAL_GARNIER,172,PT. Surya Graha Pasaraya,G06425,8992304006425,Garnier,Skin Naturals Face,GAR LIGHT COMP SACH 8ML,Garnier Light Complete Sachet 8ml,,Toiletries,Women Skin Care,12 x 8ml,12 x 8ml,8ml,8.0,12,Sachet,3.39,0.2823,USD,Per Case,5.0,3.56,0.297,USD 3.56,USD 3.56/case (12pk) · USD 0.297/unit,Enquire,,,FOB Jakarta,FOB Jakarta,Indonesia,Jakarta,,2026-09-25,No,No,Price increase per July 2025,,
LOREAL_GARNIER,174,PT. Surya Graha Pasaraya,G99854,8992304099854,Garnier,Skin Naturals Face,GAR LIGHT COMP TONEUP CREAM 15ML,Garnier Light Complete Toneup Cream 15ml,,Toiletries,Women Skin Care,24 x 15ml,24 x 15ml,15ml,15.0,24,Tube,33.6,1.4,USD,Per Case,5.0,35.28,1.47,USD 35.28,USD 35.28/case (24pk) · USD 1.47/unit,Enquire,,,FOB Jakarta,FOB Jakarta,Indonesia,Jakarta,,2026-09-25,No,No,,,
LOREAL_GARNIER,175,PT. Surya Graha Pasaraya,G00548,8991380700548,Garnier,Skin Naturals Face,GAR LIGHT COMP PEEL OF MASK 2X6ML,Garnier Light Complete Peel OF Mask 2x6ml,,Toiletries,Women Skin Care,96 x 2 x 6ml,96 x 2 x 6ml,2 x 6ml,12.0,96,Sachet,70.99,0.7395,USD,Per Case,5.0,74.54,0.78,USD 74.54,USD 74.54/case (96pk) · USD 0.78/unit,Enquire,,,FOB Jakarta,FOB Jakarta,Indonesia,Jakarta,,2026-09-25,No,No,Perubahan harga per Januari 2025,name codes: OF,multi-unit pack
LOREAL_GARNIER,177,PT. Surya Graha Pasaraya,G11322,8994993011322,Garnier,Skin Naturals Face,GAR LIGHt COMP UV MATTE 30ML AS,Garnier Light Complete Uv Matte 30ml,,Toiletries,Women Skin Care,12 x 30ml,12 x 30ml,30ml,30.0,12,Tube,38.88,3.2403,USD,Per Case,5.0,40.83,3.4,USD 40.83,USD 40.83/case (12pk) · USD 3.40/unit,Enquire,,,FOB Jakarta,FOB Jakarta,Indonesia,Jakarta,,2026-09-25,No,No,,,
LOREAL_GARNIER,178,PT. Surya Graha Pasaraya,G00982,8994993000982,Garnier,Skin Naturals Face,GAR BRIGHT COMP UV NAT 30ML EBT,Garnier Bright Complete Uv Natural 30ml,,Toiletries,Women Skin Care,12 x 30ml,12 x 30ml,30ml,30.0,12,Tube,46.2,3.85,USD,Per Case,5.0,48.51,4.04,USD 48.51,USD 48.51/case (12pk) · USD 4.04/unit,Enquire,,,FOB Jakarta,FOB Jakarta,Indonesia,Jakarta,,2026-09-25,No,No,,,
LOREAL_GARNIER,179,PT. Surya Graha Pasaraya,G10293,8992304010293,Garnier,Skin Naturals Face,GAR BRIGHT COMP 12HR CRM 20ML EB,Garnier Bright Complete 12Hr Cream 20ml,,Toiletries,Women Skin Care,24 x 20ml,24 x 20ml,20ml,20.0,24,Tube,31.16,1.2984,USD,Per Case,5.0,32.72,1.36,USD 32.72,USD 32.72/case (24pk) · USD 1.36/unit,Enquire,,,FOB Jakarta,FOB Jakarta,Indonesia,Jakarta,,2026-09-25,No,No,,,
LOREAL_GARNIER,181,PT. Surya Graha Pasaraya,G11377,8994993011377,Garnier,Skin Naturals Face,GAR LIGHT COMP DARK SPOT SERUM 30ML EBT,Garnier Light Complete Dark Spot Serum 30ml,,Toiletries,Women Skin Care,12 x 30ml,12 x 30ml,30ml,30.0,12,Box,75.19,6.2661,USD,Per Case,5.0,78.95,6.58,USD 78.95,USD 78.95/case (12pk) · USD 6.58/unit,Enquire,,,FOB Jakarta,FOB Jakarta,Indonesia,Jakarta,,2026-09-25,No,No,,,
LOREAL_GARNIER,183,PT. Surya Graha Pasaraya,G10004,8994993010004,Garnier,Skin Naturals Face,GAR LIGHt COMP YUZU SUPER ESS 7.5 ML SCH,Garnier Light Complete Yuzu Super Essence 7.5ml Sachet,,Toiletries,Women Skin Care,144 x 7.5ml,144 x 7.5ml,7.5ml,7.5,144,Sachet,134.13,0.9314,USD,Per Case,5.0,140.84,0.98,USD 140.84,USD 140.84/case (144pk) · USD 0.98/unit,Enquire,,,FOB Jakarta,FOB Jakarta,Indonesia,Jakarta,,2026-09-25,No,No,,,
LOREAL_GARNIER,184,PT. Surya Graha Pasaraya,G10316,8992304010316,Garnier,Skin Naturals Face,GAR LIGHT COMP WHITE SPEED SERUM 40ML,Garnier Light Complete White Speed Serum 40ml,,Toiletries,Women Skin Care,12 x 40ml,12 x 40ml,40ml,40.0,12,Jar,31.09,2.5911,USD,Per Case,5.0,32.65,2.72,USD 32.65,USD 32.65/case (12pk) · USD 2.72/unit,Enquire,,,FOB Jakarta,FOB Jakarta,Indonesia,Jakarta,,2026-09-25,No,No,,,
LOREAL_GARNIER,186,PT. Surya Graha Pasaraya,G54419,8992304054419,Garnier,Skin Naturals Face,GAR BRIGHT COMP SPF36 YUZU 50ML EB,Garnier Bright Complete SPF36 Yuzu 50ml,,Toiletries,Women Skin Care,12 x 50ml,12 x 50ml,50ml,50.0,12,Jar,47.22,3.9347,USD,Per Case,5.0,49.58,4.13,USD 49.58,USD 49.58/case (12pk) · USD 4.13/unit,Enquire,,,FOB Jakarta,FOB Jakarta,Indonesia,Jakarta,,2026-09-25,No,No,Perubahan harga per Februari 2025,,
LOREAL_GARNIER,188,PT. Surya Graha Pasaraya,G02429,8994993002429,Garnier,Skin Naturals Face,GAR BRIGHT COMP SPF30 YUZU 20ML EB,Garnier Bright Complete SPF30 Yuzu 20ml,,Toiletries,Women Skin Care,24 x 20ml,24 x 20ml,20ml,20.0,24,Tube,39.43,1.6427,USD,Per Case,5.0,41.4,1.72,USD 41.40,USD 41.40/case (24pk) · USD 1.72/unit,Enquire,,,FOB Jakarta,FOB Jakarta,Indonesia,Jakarta,,2026-09-25,No,No,Perubahan harga per Februari 2025,,
LOREAL_GARNIER,190,PT. Surya Graha Pasaraya,G94767,8992304094767,Garnier,Skin Naturals Face,GAR BRIGHT COMP NIGHT CREAM 20ML EB,Garnier Bright Complete Night Cream 20ml,,Toiletries,Women Skin Care,24 x 20ml,24 x 20ml,20ml,20.0,24,Tube,39.43,1.6427,USD,Per Case,5.0,41.4,1.72,USD 41.40,USD 41.40/case (24pk) · USD 1.72/unit,Enquire,,,FOB Jakarta,FOB Jakarta,Indonesia,Jakarta,,2026-09-25,No,No,Perubahan harga per Februari 2025,,
LOREAL_GARNIER,191,PT. Surya Graha Pasaraya,G94774,8992304094774,Garnier,Skin Naturals Face,GAR LIGHT COMP NIGHT YOGHURT 50ML,Garnier Light Complete Night Yoghurt 50ml,,Toiletries,Women Skin Care,12 x 50ml,12 x 50ml,50ml,50.0,12,Tube,50.81,4.2339,USD,Per Case,5.0,53.35,4.45,USD 53.35,USD 53.35/case (12pk) · USD 4.45/unit,Enquire,,,FOB Jakarta,FOB Jakarta,Indonesia,Jakarta,,2026-09-25,No,No,,,
LOREAL_GARNIER,194,PT. Surya Graha Pasaraya,G55164,8992304055164,Garnier,Skin Naturals Face,GAR LIGHT COMP SUPER ESSENCE 10ML,Garnier Light Complete Super Essence 10ml,,Toiletries,Women Skin Care,24 x 10ml,24 x 10ml,10ml,10.0,24,Box,36.85,1.5355,USD,Per Case,5.0,38.69,1.61,USD 38.69,USD 38.69/case (24pk) · USD 1.61/unit,Enquire,,,FOB Jakarta,FOB Jakarta,Indonesia,Jakarta,,2026-09-25,No,No,,,
LOREAL_GARNIER,196,PT. Surya Graha Pasaraya,G01194,8994993001194,Garnier,Skin Naturals Face,GAR LIGHT COMP FOAM 9ML,Garnier Light Complete Foam 9ml,,Toiletries,Women Skin Care,300 x 9ml,300 x 9ml,9ml,9.0,300,Sachet,84.68,0.2823,USD,Per Case,5.0,88.91,0.296,USD 88.91,USD 88.91/case (300pk) · USD 0.296/unit,Enquire,,,FOB Jakarta,FOB Jakarta,Indonesia,Jakarta,,2026-09-25,No,No,Price increase per July 2025,,
LOREAL_GARNIER,197,PT. Surya Graha Pasaraya,G01170,8994993001170,Garnier,Skin Naturals Face,GAR PURE ACTIVE MATCHA FOAM 9ML,Garnier Pure Active Matcha Foam 9ml,,Toiletries,Women Skin Care,300 x 9ml,300 x 9ml,9ml,9.0,300,Sachet,47.42,0.1581,USD,Per Case,5.0,49.79,0.166,USD 49.79,USD 49.79/case (300pk) · USD 0.166/unit,Enquire,,,FOB Jakarta,FOB Jakarta,Indonesia,Jakarta,,2026-09-25,No,No,,,
LOREAL_GARNIER,198,PT. Surya Graha Pasaraya,G01187,8994993001187,Garnier,Skin Naturals Face,GAR SAKURA GLOW FOAM SACHET 9ML EB,Garnier Sakura Glow Foam Sachet 9ml,,Toiletries,Women Skin Care,300 x 9ml,300 x 9ml,9ml,9.0,300,Sachet,84.68,0.2823,USD,Per Case,5.0,88.91,0.296,USD 88.91,USD 88.91/case (300pk) · USD 0.296/unit,Enquire,,,FOB Jakarta,FOB Jakarta,Indonesia,Jakarta,,2026-09-25,No,No,Price increase per July 2025,,
LOREAL_GARNIER,199,PT. Surya Graha Pasaraya,G03990,8994993003990,Garnier,Skin Naturals Face,GAR LIGHT COMP 12 HR CRM SACH FLAT 7ML,Garnier Light Complete 12 HR Cream Sachet FLAT 7ml,,Toiletries,Women Skin Care,300 x 7ml,300 x 7ml,7ml,7.0,300,Sachet,84.68,0.2823,USD,Per Case,5.0,88.91,0.296,USD 88.91,USD 88.91/case (300pk) · USD 0.296/unit,Enquire,,,FOB Jakarta,FOB Jakarta,Indonesia,Jakarta,,2026-09-25,No,No,Price increase per July 2025,"name codes: FLAT, HR",
LOREAL_GARNIER,200,PT. Surya Graha Pasaraya,G14451,8992304014451,Garnier,Skin Naturals Face,GAR LIGHT COMP WHITESPEED SPOUT SCH 7ML,Garnier Light Complete Whitespeed Spout Sachet 7ml,,Toiletries,Women Skin Care,300 x 7ml,300 x 7ml,7ml,7.0,300,Sachet,84.68,0.2823,USD,Per Case,5.0,88.91,0.296,USD 88.91,USD 88.91/case (300pk) · USD 0.296/unit,Enquire,,,FOB Jakarta,FOB Jakarta,Indonesia,Jakarta,,2026-09-25,No,No,Price increase per July 2025,,
LOREAL_GARNIER,201,PT. Surya Graha Pasaraya,G14451B,8992304014451,Garnier,Skin Naturals Face,GSN LIGHT COMP 12HR CRM 7ML BOX,Garnier Skin Naturals Light Complete 12Hr Cream 7ml Box,,Toiletries,Women Skin Care,300 x 7ml,300 x 7ml,7ml,7.0,300,Sachet,84.68,0.2823,USD,Per Case,5.0,88.91,0.296,USD 88.91,USD 88.91/case (300pk) · USD 0.296/unit,Enquire,,,FOB Jakarta,FOB Jakarta,Indonesia,Jakarta,,2026-09-25,No,No,Price increase per July 2025,,
LOREAL_GARNIER,203,PT. Surya Graha Pasaraya,G04768,8994993004768,Garnier,Skin Naturals Face,GAR LIGHT COMPLETE YUZU SCHT SPOUT WRP 9ML,Garnier Light Complete Yuzu Sachet Spout WRP 9ml,,Toiletries,Women Skin Care,300 x 9ml,300 x 9ml,9ml,9.0,300,Sachet,84.68,0.2823,USD,Per Case,5.0,88.91,0.296,USD 88.91,USD 88.91/case (300pk) · USD 0.296/unit,Enquire,,,FOB Jakarta,FOB Jakarta,Indonesia,Jakarta,,2026-09-25,No,No,Price increase per July 2025,name codes: WRP,
LOREAL_GARNIER,204,PT. Surya Graha Pasaraya,G02672,8994993002672,Garnier,Skin Naturals Face,GAR LIGHT COMP NIGHT YOGHURT 7ML,Garnier Light Complete Night Yoghurt 7ml,,Toiletries,Women Skin Care,300 x 7ml,300 x 7ml,7ml,7.0,300,Sachet,84.68,0.2823,USD,Per Case,5.0,88.91,0.296,USD 88.91,USD 88.91/case (300pk) · USD 0.296/unit,Enquire,,,FOB Jakarta,FOB Jakarta,Indonesia,Jakarta,,2026-09-25,No,No,Price increase per July 2025,,
LOREAL_GARNIER,205,PT. Surya Graha Pasaraya,G13235,8991380013235,Garnier,Skin Naturals Face,GAR BUNDLE SAKURA WHITE SACHET,Garnier Bundle Sakura White Sachet,,Toiletries,Women Skin Care,8,8 x bundle,,,8,Bundle,2.26,0.2823,USD,Per Case,5.0,2.37,0.296,USD 2.37,USD 2.37/case (8pk) · USD 0.296/unit,Enquire,,,FOB Jakarta,FOB Jakarta,Indonesia,Jakarta,,2026-09-25,No,No,Price increase per July 2025,no unit size on the supplier line,
LOREAL_GARNIER,210,PT. Surya Graha Pasaraya,G00609V,8991380700609,Garnier,Skin Naturals Face,VS GSN LIGHT COMP SCRUB 100ML + LIGHT COMP CREAM 20ML,Garnier Value Set Skin Naturals Light Complete Scrub 100ml + Light Complete Cream 20ml,,Toiletries,Women Skin Care,12 x 100ml,12 x 100ml,100ml,100.0,12,Tube,19.17,1.5976,USD,Per Case,5.0,20.13,1.68,USD 20.13,USD 20.13/case (12pk) · USD 1.68/unit,Enquire,,,FOB Jakarta,FOB Jakarta,Indonesia,Jakarta,,2026-09-25,No,No,Perubahan harga per Februari 2025,bundle/value set - confirm what the case contains,
LOREAL_GARNIER,215,PT. Surya Graha Pasaraya,G78504,8901526578504,Garnier,Garnier Men Naturals,GAR MEN SHP COLOR 1 BLACK (RENCENG),Garnier Men Shampoo Color 1 Black (Renceng),,Toiletries,Men Skin Care,96,96 x sachet,,,96,Sachet,77.5,0.8073,USD,Per Case,5.0,81.37,0.85,USD 81.37,USD 81.37/case (96pk) · USD 0.85/unit,Enquire,,,FOB Jakarta,FOB Jakarta,Indonesia,Jakarta,,2026-09-25,No,No,,no unit size on the supplier line,
LOREAL_GARNIER,216,PT. Surya Graha Pasaraya,G78511,8901526578511,Garnier,Garnier Men Naturals,GAR MEN SHP COLOR 3 D.BROWN (RENCENG),Garnier Men Shampoo Color 3 D.Brown (Renceng),,Toiletries,Men Skin Care,96,96 x sachet,,,96,Sachet,77.5,0.8073,USD,Per Case,5.0,81.37,0.85,USD 81.37,USD 81.37/case (96pk) · USD 0.85/unit,Enquire,,,FOB Jakarta,FOB Jakarta,Indonesia,Jakarta,,2026-09-25,No,No,,no unit size on the supplier line,
LOREAL_GARNIER,217,PT. Surya Graha Pasaraya,G78504A,8901526578504,Garnier,Garnier Men Naturals,GAR MEN SHP COLOR 1 BLACK (SCH IN BOX),Garnier Men Shampoo Color 1 Black (Sch In Box),,Toiletries,Men Skin Care,96,96 x sachet,,,96,Sachet,77.5,0.8073,USD,Per Case,5.0,81.37,0.85,USD 81.37,USD 81.37/case (96pk) · USD 0.85/unit,Enquire,,,FOB Jakarta,FOB Jakarta,Indonesia,Jakarta,,2026-09-25,No,No,,no unit size on the supplier line,
LOREAL_GARNIER,218,PT. Surya Graha Pasaraya,G78511A,8901526578511,Garnier,Garnier Men Naturals,GAR MEN SHP COLOR 3 D.BROWN (SCH IN BOX),Garnier Men Shampoo Color 3 D.Brown (Sch In Box),,Toiletries,Men Skin Care,96,96 x sachet,,,96,Sachet,77.5,0.8073,USD,Per Case,5.0,81.37,0.85,USD 81.37,USD 81.37/case (96pk) · USD 0.85/unit,Enquire,,,FOB Jakarta,FOB Jakarta,Indonesia,Jakarta,,2026-09-25,No,No,,no unit size on the supplier line,
LOREAL_GARNIER,219,PT. Surya Graha Pasaraya,G12022,8994993012022,Garnier,Garnier Men Naturals,GAR MEN LOSS GUARD SHP 200ML EB,Garnier Men LOSS Guard Shampoo 200ml,,Toiletries,Men Skin Care,12 x 200ml,12 x 200ml,200ml,200.0,12,Bottle,51.48,4.2903,USD,Per Case,5.0,54.06,4.5,USD 54.06,USD 54.06/case (12pk) · USD 4.50/unit,Enquire,,,FOB Jakarta,FOB Jakarta,Indonesia,Jakarta,,2026-09-25,No,No,,name codes: LOSS,
LOREAL_GARNIER,220,PT. Surya Graha Pasaraya,G12046,8994993012046,Garnier,Garnier Men Naturals,GAR MEN LOSS GUARD TONIC 200ML EB,Garnier Men LOSS Guard Tonic 200ml,,Toiletries,Men Skin Care,12 x 200ml,12 x 200ml,200ml,200.0,12,Bottle,58.66,4.8887,USD,Per Case,5.0,61.6,5.13,USD 61.60,USD 61.60/case (12pk) · USD 5.13/unit,Enquire,,,FOB Jakarta,FOB Jakarta,Indonesia,Jakarta,,2026-09-25,No,No,,name codes: LOSS,
LOREAL_GARNIER,221,PT. Surya Graha Pasaraya,G19472,8994993019472,Garnier,Garnier Men Naturals,GAR MEN ACNO FIGHT 10IN1 SERUM GEL 30ML EBT MTS,Garnier Men Acno Fight 10In1 Serum Gel 30ml MTS,,Toiletries,Men Skin Care,12 x 30ml,12 x 30ml,30ml,30.0,12,Bottle,57.04,4.7532,USD,Per Case,5.0,59.89,4.99,USD 59.89,USD 59.89/case (12pk) · USD 4.99/unit,Enquire,,,FOB Jakarta,FOB Jakarta,Indonesia,Jakarta,,2026-09-25,No,No,,name codes: MTS,
LOREAL_GARNIER,222,PT. Surya Graha Pasaraya,G84758,8850434284758,Garnier,Garnier Men Naturals,GAR MEN ACNO FIGHT 10IN1 SERUM GEL 7MLx1 SCH EBT,Garnier Men Acno Fight 10In1 Serum Gel 7MLx1 Sachet,,Toiletries,Men Skin Care,144,144 x sachet,,,144,Sachet,152.83,1.0613,USD,Per Case,5.0,160.47,1.11,USD 160.47,USD 160.47/case (144pk) · USD 1.11/unit,Enquire,,,FOB Jakarta,FOB Jakarta,Indonesia,Jakarta,,2026-09-25,No,No,,no unit size on the supplier line,
LOREAL_GARNIER,223,PT. Surya Graha Pasaraya,G17829,8994993017829,Garnier,Garnier Men Naturals,GAR MEN TB SERUM GEL PUMP 30ML EBT,Garnier Men Tube Serum Gel Pump 30ml,,Toiletries,Men Skin Care,12 x 30ml,12 x 30ml,30ml,30.0,12,Bottle,57.04,4.7532,USD,Per Case,5.0,59.89,4.99,USD 59.89,USD 59.89/case (12pk) · USD 4.99/unit,Enquire,,,FOB Jakarta,FOB Jakarta,Indonesia,Jakarta,,2026-09-25,No,No,,,
LOREAL_GARNIER,224,PT. Surya Graha Pasaraya,G72236,8850434272236,Garnier,Garnier Men Naturals,GAR MEN TB SERUM GEL SACHET 7ML ET,Garnier Men Tube Serum Gel Sachet 7ml,,Toiletries,Men Skin Care,144 x 7ml,144 x 7ml,7ml,7.0,144,Sachet,152.83,1.0613,USD,Per Case,5.0,160.47,1.11,USD 160.47,USD 160.47/case (144pk) · USD 1.11/unit,Enquire,,,FOB Jakarta,FOB Jakarta,Indonesia,Jakarta,,2026-09-25,No,No,,,
LOREAL_GARNIER,225,PT. Surya Graha Pasaraya,G84027,8992304084027,Garnier,Garnier Men Naturals,GAR MEN TLOC ICY SCRUB 150 ML,Garnier Men Turbo Light Oil Control Icy Scrub 150ml,,Toiletries,Men Skin Care,12 x 150ml,12 x 150ml,150ml,150.0,12,Tube,15.72,1.3097,USD,Per Case,5.0,16.5,1.38,USD 16.50,USD 16.50/case (12pk) · USD 1.38/unit,Enquire,,,FOB Jakarta,FOB Jakarta,Indonesia,Jakarta,,2026-09-25,No,No,,,
LOREAL_GARNIER,226,PT. Surya Graha Pasaraya,G01620,8994993001620,Garnier,Garnier Men Naturals,GAR MEN TLOC CHARCOAL 3IN1 150 ML,Garnier Men Turbo Light Oil Control Charcoal 3In1 150ml,,Toiletries,Men Skin Care,12 x 150ml,12 x 150ml,150ml,150.0,12,Tube,17.27,1.4395,USD,Per Case,5.0,18.14,1.51,USD 18.14,USD 18.14/case (12pk) · USD 1.51/unit,Enquire,,,FOB Jakarta,FOB Jakarta,Indonesia,Jakarta,,2026-09-25,No,No,,,
LOREAL_GARNIER,227,PT. Surya Graha Pasaraya,G50533,6923700950533,Garnier,Garnier Men Naturals,GAR MEN POWER WHITE SHEET MASK,Garnier Men Power White Sheet Mask,,Toiletries,Men Skin Care,60,60 x sachet,,,60,Sachet,67.4,1.1234,USD,Per Case,5.0,70.77,1.18,USD 70.77,USD 70.77/case (60pk) · USD 1.18/unit,Enquire,,,FOB Jakarta,FOB Jakarta,Indonesia,Jakarta,,2026-09-25,No,No,,no unit size on the supplier line,
LOREAL_GARNIER,228,PT. Surya Graha Pasaraya,G80011,6923700980011,Garnier,Garnier Men Naturals,GAR MEN ACNO FIGHT SUPER MASK,Garnier Men Acno Fight Super Mask,,Toiletries,Men Skin Care,60,60 x sachet,,,60,Sachet,67.4,1.1234,USD,Per Case,5.0,70.77,1.18,USD 70.77,USD 70.77/case (60pk) · USD 1.18/unit,Enquire,,,FOB Jakarta,FOB Jakarta,Indonesia,Jakarta,,2026-09-25,No,No,,no unit size on the supplier line,
LOREAL_GARNIER,229,PT. Surya Graha Pasaraya,G03228,8994993003228,Garnier,Garnier Men Naturals,GAR MEN ACNO FIGHT ACNE GEL,Garnier Men Acno Fight Acne Gel,,Toiletries,Men Skin Care,12,12 x tube,,,12,Tube,13.07,1.0895,USD,Per Case,5.0,13.73,1.14,USD 13.73,USD 13.73/case (12pk) · USD 1.14/unit,Enquire,,,FOB Jakarta,FOB Jakarta,Indonesia,Jakarta,,2026-09-25,No,No,,no unit size on the supplier line,
LOREAL_GARNIER,230,PT. Surya Graha Pasaraya,G01323,8994993001323,Garnier,Garnier Men Naturals,GAR MEN TLOC INTENSIVE 3IN1 FOAM-100ML,Garnier Men Turbo Light Oil Control Intensive 3In1 Foam-100ml,,Toiletries,Men Skin Care,12 x 100ml,12 x 100ml,100ml,100.0,12,Tube,20.25,1.6879,USD,Per Case,5.0,21.27,1.77,USD 21.27,USD 21.27/case (12pk) · USD 1.77/unit,Enquire,,,FOB Jakarta,FOB Jakarta,Indonesia,Jakarta,,2026-09-25,No,No,,,
LOREAL_GARNIER,231,PT. Surya Graha Pasaraya,G01378,8994993001378,Garnier,Garnier Men Naturals,GAR MEN TLOC INTENSIVE 3IN1 FOAM-50ML,Garnier Men Turbo Light Oil Control Intensive 3In1 Foam-50ml,,Toiletries,Men Skin Care,24 x 50ml,24 x 50ml,50ml,50.0,24,Tube,28.59,1.1911,USD,Per Case,5.0,30.02,1.25,USD 30.02,USD 30.02/case (24pk) · USD 1.25/unit,Enquire,,,FOB Jakarta,FOB Jakarta,Indonesia,Jakarta,,2026-09-25,No,No,,,
LOREAL_GARNIER,232,PT. Surya Graha Pasaraya,G047435,8992304047435,Garnier,Garnier Men Naturals,GAR MEN POWER WHITE SUPER DUO FOAM-100ML,Garnier Men Power White Super Duo Foam-100ml,,Toiletries,Men Skin Care,12 x 100ml,12 x 100ml,100ml,100.0,12,Tube,20.25,1.6879,USD,Per Case,5.0,21.27,1.77,USD 21.27,USD 21.27/case (12pk) · USD 1.77/unit,Enquire,,,FOB Jakarta,FOB Jakarta,Indonesia,Jakarta,,2026-09-25,No,No,,,
LOREAL_GARNIER,233,PT. Surya Graha Pasaraya,G047411,8992304047411,Garnier,Garnier Men Naturals,GAR MEN POWER WHITE SUPER DUO FOAM-50ML,Garnier Men Power White Super Duo Foam-50ml,,Toiletries,Men Skin Care,12 x 50ml,12 x 50ml,50ml,50.0,12,Tube,14.29,1.1911,USD,Per Case,5.0,15.01,1.25,USD 15.01,USD 15.01/case (12pk) · USD 1.25/unit,Enquire,,,FOB Jakarta,FOB Jakarta,Indonesia,Jakarta,,2026-09-25,No,No,,,
LOREAL_GARNIER,234,PT. Surya Graha Pasaraya,G96723,8992304096723,Garnier,Garnier Men Naturals,GAR MEN TLOC MATCHA GEL 100ML,Garnier Men Turbo Light Oil Control Matcha Gel 100ml,,Toiletries,Men Skin Care,12 x 100ml,12 x 100ml,100ml,100.0,12,Tube,20.25,1.6879,USD,Per Case,5.0,21.27,1.77,USD 21.27,USD 21.27/case (12pk) · USD 1.77/unit,Enquire,,,FOB Jakarta,FOB Jakarta,Indonesia,Jakarta,,2026-09-25,No,No,,,
LOREAL_GARNIER,235,PT. Surya Graha Pasaraya,G96778,8992304096778,Garnier,Garnier Men Naturals,GAR MEN TLOC MATCHA GEL 50ML,Garnier Men Turbo Light Oil Control Matcha Gel 50ml,,Toiletries,Men Skin Care,24 x 50ml,24 x 50ml,50ml,50.0,24,Tube,28.59,1.1911,USD,Per Case,5.0,30.02,1.25,USD 30.02,USD 30.02/case (24pk) · USD 1.25/unit,Enquire,,,FOB Jakarta,FOB Jakarta,Indonesia,Jakarta,,2026-09-25,No,No,,,
LOREAL_GARNIER,236,PT. Surya Graha Pasaraya,G73441,8992304073441,Garnier,Garnier Men Naturals,GAR MEN POWER WHITE SHAVING FOAM 100ML,Garnier Men Power White Shaving Foam 100ml,,Toiletries,Men Skin Care,12 x 100ml,12 x 100ml,100ml,100.0,12,Tube,20.25,1.6879,USD,Per Case,5.0,21.27,1.77,USD 21.27,USD 21.27/case (12pk) · USD 1.77/unit,Enquire,,,FOB Jakarta,FOB Jakarta,Indonesia,Jakarta,,2026-09-25,No,No,,,
LOREAL_GARNIER,237,PT. Surya Graha Pasaraya,G73458,8992304073458,Garnier,Garnier Men Naturals,GAR MEN POWER WHITE SHAVING FOAM 50ML,Garnier Men Power White Shaving Foam 50ml,,Toiletries,Men Skin Care,24 x 50ml,24 x 50ml,50ml,50.0,24,Tube,28.59,1.1911,USD,Per Case,5.0,30.02,1.25,USD 30.02,USD 30.02/case (24pk) · USD 1.25/unit,Enquire,,,FOB Jakarta,FOB Jakarta,Indonesia,Jakarta,,2026-09-25,No,No,,,
LOREAL_GARNIER,241,PT. Surya Graha Pasaraya,G47428,8992304047428,Garnier,Garnier Men Naturals,GAR MEN TLOC WHITE ICY DUO FOAM 100ML,Garnier Men Turbo Light Oil Control White Icy Duo Foam 100ml,,Toiletries,Men Skin Care,12 x 100ml,12 x 100ml,100ml,100.0,12,Tube,20.25,1.6879,USD,Per Case,5.0,21.27,1.77,USD 21.27,USD 21.27/case (12pk) · USD 1.77/unit,Enquire,,,FOB Jakarta,FOB Jakarta,Indonesia,Jakarta,,2026-09-25,No,No,,,
LOREAL_GARNIER,242,PT. Surya Graha Pasaraya,G02627,8994993002627,Garnier,Garnier Men Naturals,GAR MEN MEN TURBO BRIGHT SUPER DUO FOAM 150ML EBT,Garnier Men Men Turbo Bright Super Duo Foam 150ml,,Toiletries,Men Skin Care,12 x 150ml,12 x 150ml,150ml,150.0,12,Tube,20.25,1.6879,USD,Per Case,5.0,21.27,1.77,USD 21.27,USD 21.27/case (12pk) · USD 1.77/unit,Enquire,,,FOB Jakarta,FOB Jakarta,Indonesia,Jakarta,,2026-09-25,No,No,Produk baru Januari 2025,,
LOREAL_GARNIER,243,PT. Surya Graha Pasaraya,G47442,8992304047442,Garnier,Garnier Men Naturals,GAR MEN TLOC SUPER DUO FOAM 50ML,Garnier Men Turbo Light Oil Control Super Duo Foam 50ml,,Toiletries,Men Skin Care,12 x 50ml,12 x 50ml,50ml,50.0,12,Tube,14.29,1.1911,USD,Per Case,5.0,15.01,1.25,USD 15.01,USD 15.01/case (12pk) · USD 1.25/unit,Enquire,,,FOB Jakarta,FOB Jakarta,Indonesia,Jakarta,,2026-09-25,No,No,,,
LOREAL_GARNIER,244,PT. Surya Graha Pasaraya,G47435,8992304047435,Garnier,Garnier Men Naturals,GAR MEN TL WHITE ICY DUO FOAM 100ML,Garnier Men Turbo Light White Icy Duo Foam 100ml,,Toiletries,Men Skin Care,12 x 100ml,12 x 100ml,100ml,100.0,12,Tube,20.25,1.6879,USD,Per Case,5.0,21.27,1.77,USD 21.27,USD 21.27/case (12pk) · USD 1.77/unit,Enquire,,,FOB Jakarta,FOB Jakarta,Indonesia,Jakarta,,2026-09-25,No,No,,,
LOREAL_GARNIER,245,PT. Surya Graha Pasaraya,G47411,8992304047411,Garnier,Garnier Men Naturals,GAR MEN TL WHITE ICY DUO FOAM 50ML,Garnier Men Turbo Light White Icy Duo Foam 50ml,,Toiletries,Men Skin Care,12 x 50ml,12 x 50ml,50ml,50.0,12,Tube,14.29,1.1911,USD,Per Case,5.0,15.01,1.25,USD 15.01,USD 15.01/case (12pk) · USD 1.25/unit,Enquire,,,FOB Jakarta,FOB Jakarta,Indonesia,Jakarta,,2026-09-25,No,No,,,
LOREAL_GARNIER,249,PT. Surya Graha Pasaraya,G83976,8992304083976,Garnier,Garnier Men Naturals,GAR MEN ACNO FIGHT FOAM 150ML EBT,Garnier Men Acno Fight Foam 150ml,,Toiletries,Men Skin Care,12 x 150ml,12 x 150ml,150ml,150.0,12,Tube,20.25,1.6879,USD,Per Case,5.0,21.27,1.77,USD 21.27,USD 21.27/case (12pk) · USD 1.77/unit,Enquire,,,FOB Jakarta,FOB Jakarta,Indonesia,Jakarta,,2026-09-25,No,No,Produk baru Januari 2025,,
LOREAL_GARNIER,250,PT. Surya Graha Pasaraya,G15298,8992304015298,Garnier,Garnier Men Naturals,GAR MEN ACNO FIGHT 12 in 1 FOAM 100ML,Garnier Men Acno Fight 12 In 1 Foam 100ml,,Toiletries,Men Skin Care,12 x 100ml,12 x 100ml,100ml,100.0,12,Tube,20.25,1.6879,USD,Per Case,5.0,21.27,1.77,USD 21.27,USD 21.27/case (12pk) · USD 1.77/unit,Enquire,,,FOB Jakarta,FOB Jakarta,Indonesia,Jakarta,,2026-09-25,No,No,,,
LOREAL_GARNIER,251,PT. Surya Graha Pasaraya,G16967,8992304016967,Garnier,Garnier Men Naturals,GAR MEN ACNO FIGHT 12 in 1 FOAM 50ML,Garnier Men Acno Fight 12 In 1 Foam 50ml,,Toiletries,Men Skin Care,12 x 50ml,12 x 50ml,50ml,50.0,12,Tube,14.29,1.1911,USD,Per Case,5.0,15.01,1.25,USD 15.01,USD 15.01/case (12pk) · USD 1.25/unit,Enquire,,,FOB Jakarta,FOB Jakarta,Indonesia,Jakarta,,2026-09-25,No,No,,,
LOREAL_GARNIER,252,PT. Surya Graha Pasaraya,G16967A,8992304016967,Garnier,Garnier Men Naturals,GAR MEN ACNO FIGHT 12 in 1 FOAM 50ML,Garnier Men Acno Fight 12 In 1 Foam 50ml,,Toiletries,Men Skin Care,24 x 50ml,24 x 50ml,50ml,50.0,24,Tube,28.59,1.1911,USD,Per Case,5.0,30.02,1.25,USD 30.02,USD 30.02/case (24pk) · USD 1.25/unit,Enquire,,,FOB Jakarta,FOB Jakarta,Indonesia,Jakarta,,2026-09-25,No,No,,,
LOREAL_GARNIER,253,PT. Surya Graha Pasaraya,G48340,8992304048340,Garnier,Garnier Men Naturals,GAR MEN ACNO FIGHT MOIST 20 ML,Garnier Men Acno Fight Moist 20ml,,Toiletries,Men Skin Care,24 x 20ml,24 x 20ml,20ml,20.0,24,Tube,31.16,1.2984,USD,Per Case,5.0,32.72,1.36,USD 32.72,USD 32.72/case (24pk) · USD 1.36/unit,Enquire,,,FOB Jakarta,FOB Jakarta,Indonesia,Jakarta,,2026-09-25,No,No,,,
LOREAL_GARNIER,254,PT. Surya Graha Pasaraya,G39607,8992304039607,Garnier,Garnier Men Naturals,GAR MEN ACNO FIGHT WASABI FOAM 50ML,Garnier Men Acno Fight Wasabi Foam 50ml,,Toiletries,Men Skin Care,12 x 50ml,12 x 50ml,50ml,50.0,12,Tube,14.29,1.1911,USD,Per Case,5.0,15.01,1.25,USD 15.01,USD 15.01/case (12pk) · USD 1.25/unit,Enquire,,,FOB Jakarta,FOB Jakarta,Indonesia,Jakarta,,2026-09-25,No,No,,,
LOREAL_GARNIER,255,PT. Surya Graha Pasaraya,G39607A,8992304039607,Garnier,Garnier Men Naturals,GAR MEN ACNO FIGHT WASABI FOAM 50ML,Garnier Men Acno Fight Wasabi Foam 50ml,,Toiletries,Men Skin Care,24 x 50ml,24 x 50ml,50ml,50.0,24,Tube,28.59,1.1911,USD,Per Case,5.0,30.02,1.25,USD 30.02,USD 30.02/case (24pk) · USD 1.25/unit,Enquire,,,FOB Jakarta,FOB Jakarta,Indonesia,Jakarta,,2026-09-25,No,No,,,
LOREAL_GARNIER,256,PT. Surya Graha Pasaraya,G39614,8992304039614,Garnier,Garnier Men Naturals,GAR MEN ACNO FIGHT WASABI FOAM 100ML,Garnier Men Acno Fight Wasabi Foam 100ml,,Toiletries,Men Skin Care,12 x 100ml,12 x 100ml,100ml,100.0,12,Tube,20.25,1.6879,USD,Per Case,5.0,21.27,1.77,USD 21.27,USD 21.27/case (12pk) · USD 1.77/unit,Enquire,,,FOB Jakarta,FOB Jakarta,Indonesia,Jakarta,,2026-09-25,No,No,,,
LOREAL_GARNIER,257,PT. Surya Graha Pasaraya,G30163,8994993030163,Garnier,Garnier Men Naturals,GAR MEN ACNO FIGHT GENTLE CLEANSER 100MLT EBT,Garnier Men Acno Fight Gentle Cleanser 100ml,,Toiletries,Men Skin Care,12 x 100ml,12 x 100ml,100ml,100.0,12,Tube,20.32,1.6935,USD,Per Case,5.0,21.34,1.78,USD 21.34,USD 21.34/case (12pk) · USD 1.78/unit,Enquire,,,FOB Jakarta,FOB Jakarta,Indonesia,Jakarta,,2026-09-25,No,No,Produk baru September 2025,,
LOREAL_GARNIER,261,PT. Surya Graha Pasaraya,G09143,8992304009143,Garnier,Garnier Men Naturals,GAR MEN TL OIL CONTROL FOAM 50ML,Garnier Men Turbo Light Oil Control Foam 50ml,,Toiletries,Men Skin Care,12 x 50ml,12 x 50ml,50ml,50.0,12,Tube,14.29,1.1911,USD,Per Case,5.0,15.01,1.25,USD 15.01,USD 15.01/case (12pk) · USD 1.25/unit,Enquire,,,FOB Jakarta,FOB Jakarta,Indonesia,Jakarta,,2026-09-25,No,No,,,
LOREAL_GARNIER,262,PT. Surya Graha Pasaraya,G09143A,8992304009143,Garnier,Garnier Men Naturals,GAR MEN TL OIL CONTROL FOAM 50ML,Garnier Men Turbo Light Oil Control Foam 50ml,,Toiletries,Men Skin Care,24 x 50ml,24 x 50ml,50ml,50.0,24,Tube,28.59,1.1911,USD,Per Case,5.0,30.02,1.25,USD 30.02,USD 30.02/case (24pk) · USD 1.25/unit,Enquire,,,FOB Jakarta,FOB Jakarta,Indonesia,Jakarta,,2026-09-25,No,No,,,
LOREAL_GARNIER,263,PT. Surya Graha Pasaraya,G09167,8992304009167,Garnier,Garnier Men Naturals,GAR MEN TL OIL CONTROL FOAM 100ML,Garnier Men Turbo Light Oil Control Foam 100ml,,Toiletries,Men Skin Care,12 x 100ml,12 x 100ml,100ml,100.0,12,Tube,20.25,1.6879,USD,Per Case,5.0,21.27,1.77,USD 21.27,USD 21.27/case (12pk) · USD 1.77/unit,Enquire,,,FOB Jakarta,FOB Jakarta,Indonesia,Jakarta,,2026-09-25,No,No,,,
LOREAL_GARNIER,265,PT. Surya Graha Pasaraya,G09181,8992304009181,Garnier,Garnier Men Naturals,GAR MEN TL OIL CONTROL SCRUB 50ML,Garnier Men Turbo Light Oil Control Scrub 50ml,,Toiletries,Men Skin Care,12 x 50ml,12 x 50ml,50ml,50.0,12,Tube,14.29,1.1911,USD,Per Case,5.0,15.01,1.25,USD 15.01,USD 15.01/case (12pk) · USD 1.25/unit,Enquire,,,FOB Jakarta,FOB Jakarta,Indonesia,Jakarta,,2026-09-25,No,No,,,
LOREAL_GARNIER,266,PT. Surya Graha Pasaraya,G09181A,8992304009181,Garnier,Garnier Men Naturals,GAR MEN TL OIL CONTROL SCRUB 50ML,Garnier Men Turbo Light Oil Control Scrub 50ml,,Toiletries,Men Skin Care,24 x 50ml,24 x 50ml,50ml,50.0,24,Tube,28.59,1.1911,USD,Per Case,5.0,30.02,1.25,USD 30.02,USD 30.02/case (24pk) · USD 1.25/unit,Enquire,,,FOB Jakarta,FOB Jakarta,Indonesia,Jakarta,,2026-09-25,No,No,,,
LOREAL_GARNIER,267,PT. Surya Graha Pasaraya,G09204,8992304009204,Garnier,Garnier Men Naturals,GAR MEN TL OIL CONTROL SCRUB 100ML,Garnier Men Turbo Light Oil Control Scrub 100ml,,Toiletries,Men Skin Care,12 x 100ml,12 x 100ml,100ml,100.0,12,Tube,20.25,1.6879,USD,Per Case,5.0,21.27,1.77,USD 21.27,USD 21.27/case (12pk) · USD 1.77/unit,Enquire,,,FOB Jakarta,FOB Jakarta,Indonesia,Jakarta,,2026-09-25,No,No,,,
LOREAL_GARNIER,269,PT. Surya Graha Pasaraya,G79146,8992304079146,Garnier,Garnier Men Naturals,GAR MEN ACNO FIGHT FOAM SPOUT SCH 10ML,Garnier Men Acno Fight Foam Spout Sachet 10ml,,Toiletries,Men Skin Care,240 x 10ml,240 x 10ml,10ml,10.0,240,Sachet,43.35,0.1806,USD,Per Case,5.0,45.52,0.19,USD 45.52,USD 45.52/case (240pk) · USD 0.190/unit,Enquire,,,FOB Jakarta,FOB Jakarta,Indonesia,Jakarta,,2026-09-25,No,No,,,
LOREAL_GARNIER,270,PT. Surya Graha Pasaraya,G06076,8994993006076,Garnier,Garnier Men Naturals,GAR MEN ACNO FIGHT PEEL OFF MASK 2*6ML AS,Garnier Men Acno Fight Peel OFF Mask 2*6ml,,Toiletries,Men Skin Care,96 x 6ml,96 x 6ml,6ml,6.0,96,Sachet,89.42,0.9314,USD,Per Case,5.0,93.89,0.98,USD 93.89,USD 93.89/case (96pk) · USD 0.98/unit,Enquire,,,FOB Jakarta,FOB Jakarta,Indonesia,Jakarta,,2026-09-25,No,No,,name codes: OFF,
LOREAL_GARNIER,271,PT. Surya Graha Pasaraya,G09343,8994993009343,Garnier,Garnier Men Naturals,GAR MEN ALOE VERA GEL MASK 2X6ML AS,Garnier Men ALOE VERA Gel Mask 2x6ml,,Toiletries,Men Skin Care,96 x 2 x 6ml,96 x 2 x 6ml,2 x 6ml,12.0,96,Sachet,75.33,0.7847,USD,Per Case,5.0,79.1,0.82,USD 79.10,USD 79.10/case (96pk) · USD 0.82/unit,Enquire,,,FOB Jakarta,FOB Jakarta,Indonesia,Jakarta,,2026-09-25,No,No,,"name codes: ALOE, VERA",multi-unit pack
LOREAL_GARNIER,283,PT. Surya Graha Pasaraya,G98335,8901526598335,Garnier,Color Naturals,GAR COLOR NATURAL BLEACH,Garnier Color Natural Bleach,,Toiletries,Hair Color,12,12 x box,,,12,Box,33.67,2.8056,USD,Per Case,5.0,35.35,2.95,USD 35.35,USD 35.35/case (12pk) · USD 2.95/unit,Enquire,,,FOB Jakarta,FOB Jakarta,Indonesia,Jakarta,,2026-09-25,No,No,,no unit size on the supplier line,
LOREAL_GARNIER,284,PT. Surya Graha Pasaraya,G33623,8901526633623,Garnier,Color Naturals,GAR COLOR NATURAL ASHY BLONDS KIT105,Garnier Color Natural ASHY Blonds Kit105,,Toiletries,Hair Color,12,12 x box,,,12,Box,33.67,2.8056,USD,Per Case,5.0,35.35,2.95,USD 35.35,USD 35.35/case (12pk) · USD 2.95/unit,Enquire,,,FOB Jakarta,FOB Jakarta,Indonesia,Jakarta,,2026-09-25,No,No,,no unit size on the supplier line; name codes: ASHY,
LOREAL_GARNIER,285,PT. Surya Graha Pasaraya,G98342A,8901526598342,Garnier,Color Naturals,GAR COLOR NATURAL ULTRA PASTELS ASH SRP,Garnier Color Natural Ultra Pastels Ash SRP,,Toiletries,Hair Color,96,96 x sachet,,,96,Sachet,83.46,0.8694,USD,Per Case,5.0,87.63,0.91,USD 87.63,USD 87.63/case (96pk) · USD 0.91/unit,Enquire,,,FOB Jakarta,FOB Jakarta,Indonesia,Jakarta,,2026-09-25,No,No,Perubahan harga per Oktober 2025,no unit size on the supplier line; name codes: SRP,
LOREAL_GARNIER,286,PT. Surya Graha Pasaraya,G98359A,8901526598359,Garnier,Color Naturals,GAR COLOR NATURAL ULTRA PASTELS BLUE SRP,Garnier Color Natural Ultra Pastels Blue SRP,,Toiletries,Hair Color,96,96 x sachet,,,96,Sachet,83.46,0.8694,USD,Per Case,5.0,87.63,0.91,USD 87.63,USD 87.63/case (96pk) · USD 0.91/unit,Enquire,,,FOB Jakarta,FOB Jakarta,Indonesia,Jakarta,,2026-09-25,No,No,Perubahan harga per Oktober 2025,no unit size on the supplier line; name codes: SRP,
LOREAL_GARNIER,287,PT. Surya Graha Pasaraya,G98366A,8901526598366,Garnier,Color Naturals,GAR COLOR NATURAL ULTRA PASTELS LAVENDER SRP,Garnier Color Natural Ultra Pastels Lavender SRP,,Toiletries,Hair Color,96,96 x sachet,,,96,Sachet,83.46,0.8694,USD,Per Case,5.0,87.63,0.91,USD 87.63,USD 87.63/case (96pk) · USD 0.91/unit,Enquire,,,FOB Jakarta,FOB Jakarta,Indonesia,Jakarta,,2026-09-25,No,No,Perubahan harga per Oktober 2025,no unit size on the supplier line; name codes: SRP,
LOREAL_GARNIER,288,PT. Surya Graha Pasaraya,G98373A,8901526598373,Garnier,Color Naturals,GAR COLOR NATURAL ULTRA PASTELS PINK SRP,Garnier Color Natural Ultra Pastels Pink SRP,,Toiletries,Hair Color,96,96 x sachet,,,96,Sachet,83.46,0.8694,USD,Per Case,5.0,87.63,0.91,USD 87.63,USD 87.63/case (96pk) · USD 0.91/unit,Enquire,,,FOB Jakarta,FOB Jakarta,Indonesia,Jakarta,,2026-09-25,No,No,Perubahan harga per Oktober 2025,no unit size on the supplier line; name codes: SRP,
LOREAL_GARNIER,289,PT. Surya Graha Pasaraya,G98342,8901526598342,Garnier,Color Naturals,GAR COLOR NATURAL ULTRA PASTELS ASH,Garnier Color Natural Ultra Pastels Ash,,Toiletries,Hair Color,96,96 x sachet,,,96,Sachet,83.46,0.8694,USD,Per Case,5.0,87.63,0.91,USD 87.63,USD 87.63/case (96pk) · USD 0.91/unit,Enquire,,,FOB Jakarta,FOB Jakarta,Indonesia,Jakarta,,2026-09-25,No,No,Perubahan harga per Oktober 2025,no unit size on the supplier line,
LOREAL_GARNIER,290,PT. Surya Graha Pasaraya,G98359,8901526598359,Garnier,Color Naturals,GAR COLOR NATURAL ULTRA PASTELS BLUE,Garnier Color Natural Ultra Pastels Blue,,Toiletries,Hair Color,96,96 x sachet,,,96,Sachet,83.46,0.8694,USD,Per Case,5.0,87.63,0.91,USD 87.63,USD 87.63/case (96pk) · USD 0.91/unit,Enquire,,,FOB Jakarta,FOB Jakarta,Indonesia,Jakarta,,2026-09-25,No,No,Perubahan harga per Oktober 2025,no unit size on the supplier line,
LOREAL_GARNIER,291,PT. Surya Graha Pasaraya,G98366,8901526598366,Garnier,Color Naturals,GAR COLOR NATURAL ULTRA PASTELS LAVENDER,Garnier Color Natural Ultra Pastels Lavender,,Toiletries,Hair Color,96,96 x sachet,,,96,Sachet,83.46,0.8694,USD,Per Case,5.0,87.63,0.91,USD 87.63,USD 87.63/case (96pk) · USD 0.91/unit,Enquire,,,FOB Jakarta,FOB Jakarta,Indonesia,Jakarta,,2026-09-25,No,No,Perubahan harga per Oktober 2025,no unit size on the supplier line,
LOREAL_GARNIER,292,PT. Surya Graha Pasaraya,G98373,8901526598373,Garnier,Color Naturals,GAR COLOR NATURAL ULTRA PASTELS PINK,Garnier Color Natural Ultra Pastels Pink,,Toiletries,Hair Color,96,96 x sachet,,,96,Sachet,83.46,0.8694,USD,Per Case,5.0,87.63,0.91,USD 87.63,USD 87.63/case (96pk) · USD 0.91/unit,Enquire,,,FOB Jakarta,FOB Jakarta,Indonesia,Jakarta,,2026-09-25,No,No,Perubahan harga per Oktober 2025,no unit size on the supplier line,
LOREAL_GARNIER,293,PT. Surya Graha Pasaraya,G28919,8901526628919,Garnier,Color Naturals,GAR COLOR NATURAL PURPLE GLOW RADIANT BLUEBERRY,Garnier Color Natural Purple Glow Radiant Blueberry,,Toiletries,Hair Color,96,96 x sachet,,,96,Sachet,83.46,0.8694,USD,Per Case,5.0,87.63,0.91,USD 87.63,USD 87.63/case (96pk) · USD 0.91/unit,Enquire,,,FOB Jakarta,FOB Jakarta,Indonesia,Jakarta,,2026-09-25,No,No,Perubahan harga per Oktober 2025,no unit size on the supplier line,
LOREAL_GARNIER,294,PT. Surya Graha Pasaraya,G31605,8901526631605,Garnier,Color Naturals,GAR COLOR NATURAL ULTRA COOL ASH,Garnier Color Natural Ultra Cool Ash,,Toiletries,Hair Color,96,96 x sachet,,,96,Sachet,83.46,0.8694,USD,Per Case,5.0,87.63,0.91,USD 87.63,USD 87.63/case (96pk) · USD 0.91/unit,Enquire,,,FOB Jakarta,FOB Jakarta,Indonesia,Jakarta,,2026-09-25,No,No,Perubahan harga per Oktober 2025,no unit size on the supplier line,
LOREAL_GARNIER,295,PT. Surya Graha Pasaraya,G16052,8991380016052,Garnier,Color Naturals,GCN EX 1 SCH + GCN ASEAN FASH SCH 5.32 + GMN SHP COLOR 1 BLACK,Garnier Color Naturals EX 1 Sachet + Color Naturals Asean Fashion Sachet 5.32 + Men Shampoo Color 1 Black,,Toiletries,Hair Color,20,20 x sachet,,,20,Sachet,17.05,0.8524,USD,Per Case,5.0,17.9,0.89,USD 17.90,USD 17.90/case (20pk) · USD 0.89/unit,Enquire,,,FOB Jakarta,FOB Jakarta,Indonesia,Jakarta,,2026-09-25,No,No,,no unit size on the supplier line; bundle/value set - confirm what the case contains; name codes: EX,
LOREAL_GARNIER,296,PT. Surya Graha Pasaraya,G09910,8901526209910,Garnier,Color Naturals,GAR COLOR NATURAL EX 1 SCH (RENCENG),Garnier Color Natural EX 1 Sachet (Renceng),,Toiletries,Hair Color,96,96 x sachet,,,96,Sachet,83.46,0.8694,USD,Per Case,5.0,87.63,0.91,USD 87.63,USD 87.63/case (96pk) · USD 0.91/unit,Enquire,,,FOB Jakarta,FOB Jakarta,Indonesia,Jakarta,,2026-09-25,No,No,Perubahan harga per Oktober 2025,no unit size on the supplier line; name codes: EX,
LOREAL_GARNIER,297,PT. Surya Graha Pasaraya,G09897,8901526209897,Garnier,Color Naturals,GAR COLOR NATURAL EX 3 SCH (RENCENG),Garnier Color Natural EX 3 Sachet (Renceng),,Toiletries,Hair Color,96,96 x sachet,,,96,Sachet,83.46,0.8694,USD,Per Case,5.0,87.63,0.91,USD 87.63,USD 87.63/case (96pk) · USD 0.91/unit,Enquire,,,FOB Jakarta,FOB Jakarta,Indonesia,Jakarta,,2026-09-25,No,No,Perubahan harga per Oktober 2025,no unit size on the supplier line; name codes: EX,
LOREAL_GARNIER,298,PT. Surya Graha Pasaraya,G11715,8901526211715,Garnier,Color Naturals,GAR COLOR NATURAL EX 3.16 SCH (RENCENG),Garnier Color Natural EX 3.16 Sachet (Renceng),,Toiletries,Hair Color,96,96 x sachet,,,96,Sachet,83.46,0.8694,USD,Per Case,5.0,87.63,0.91,USD 87.63,USD 87.63/case (96pk) · USD 0.91/unit,Enquire,,,FOB Jakarta,FOB Jakarta,Indonesia,Jakarta,,2026-09-25,No,No,Perubahan harga per Oktober 2025,no unit size on the supplier line; name codes: EX,
LOREAL_GARNIER,299,PT. Surya Graha Pasaraya,G30113,8901526530113,Garnier,Color Naturals,GAR COLOR NATURAL EX 4 SCH (RENCENG),Garnier Color Natural EX 4 Sachet (Renceng),,Toiletries,Hair Color,96,96 x sachet,,,96,Sachet,83.46,0.8694,USD,Per Case,5.0,87.63,0.91,USD 87.63,USD 87.63/case (96pk) · USD 0.91/unit,Enquire,,,FOB Jakarta,FOB Jakarta,Indonesia,Jakarta,,2026-09-25,No,No,Perubahan harga per Oktober 2025,no unit size on the supplier line; name codes: EX,
LOREAL_GARNIER,300,PT. Surya Graha Pasaraya,G40068,8901526540068,Garnier,Color Naturals,GAR COLOR NATURAL ASEAN FASH SCH 5.32 (RENCENG),Garnier Color Natural Asean Fashion Sachet 5.32 (Renceng),,Toiletries,Hair Color,96,96 x sachet,,,96,Sachet,83.46,0.8694,USD,Per Case,5.0,87.63,0.91,USD 87.63,USD 87.63/case (96pk) · USD 0.91/unit,Enquire,,,FOB Jakarta,FOB Jakarta,Indonesia,Jakarta,,2026-09-25,No,No,Perubahan harga per Oktober 2025,no unit size on the supplier line,
LOREAL_GARNIER,301,PT. Surya Graha Pasaraya,G40112,8901526540112,Garnier,Color Naturals,GAR COLOR NATURAL ASEAN FASH SCH 6.64 (RENCENG),Garnier Color Natural Asean Fashion Sachet 6.64 (Renceng),,Toiletries,Hair Color,96,96 x sachet,,,96,Sachet,83.46,0.8694,USD,Per Case,5.0,87.63,0.91,USD 87.63,USD 87.63/case (96pk) · USD 0.91/unit,Enquire,,,FOB Jakarta,FOB Jakarta,Indonesia,Jakarta,,2026-09-25,No,No,Perubahan harga per Oktober 2025,no unit size on the supplier line,
LOREAL_GARNIER,302,PT. Surya Graha Pasaraya,G39468,8901526539468,Garnier,Color Naturals,GAR COLOR NATURAL ULT SCH MIDN BLU 3.1 (RENC),Garnier Color Natural Ultra Sachet MIDN BLU 3.1 (Renc),,Toiletries,Hair Color,96,96 x sachet,,,96,Sachet,83.46,0.8694,USD,Per Case,5.0,87.63,0.91,USD 87.63,USD 87.63/case (96pk) · USD 0.91/unit,Enquire,,,FOB Jakarta,FOB Jakarta,Indonesia,Jakarta,,2026-09-25,No,No,Perubahan harga per Oktober 2025,"no unit size on the supplier line; name codes: BLU, MIDN",
LOREAL_GARNIER,303,PT. Surya Graha Pasaraya,G39611,8901526539611,Garnier,Color Naturals,GAR COLOR NATURAL ULT SCH PLUM RED 6.26 (RENC),Garnier Color Natural Ultra Sachet Plum Red 6.26 (Renc),,Toiletries,Hair Color,96,96 x sachet,,,96,Sachet,83.46,0.8694,USD,Per Case,5.0,87.63,0.91,USD 87.63,USD 87.63/case (96pk) · USD 0.91/unit,Enquire,,,FOB Jakarta,FOB Jakarta,Indonesia,Jakarta,,2026-09-25,No,No,Perubahan harga per Oktober 2025,no unit size on the supplier line,
LOREAL_GARNIER,304,PT. Surya Graha Pasaraya,G39666,8901526539666,Garnier,Color Naturals,GAR COLOR NATURAL ULT SCH CRAN RED 6.62 (RENC),Garnier Color Natural Ultra Sachet CRAN Red 6.62 (Renc),,Toiletries,Hair Color,96,96 x sachet,,,96,Sachet,83.46,0.8694,USD,Per Case,5.0,87.63,0.91,USD 87.63,USD 87.63/case (96pk) · USD 0.91/unit,Enquire,,,FOB Jakarta,FOB Jakarta,Indonesia,Jakarta,,2026-09-25,No,No,Perubahan harga per Oktober 2025,no unit size on the supplier line; name codes: CRAN,
LOREAL_GARNIER,305,PT. Surya Graha Pasaraya,G39567,8901526539567,Garnier,Color Naturals,GAR COLOR NATURAL ULT SCH GOLD BRWN 7.3 (RENC),Garnier Color Natural Ultra Sachet Gold BRWN 7.3 (Renc),,Toiletries,Hair Color,96,96 x sachet,,,96,Sachet,83.46,0.8694,USD,Per Case,5.0,87.63,0.91,USD 87.63,USD 87.63/case (96pk) · USD 0.91/unit,Enquire,,,FOB Jakarta,FOB Jakarta,Indonesia,Jakarta,,2026-09-25,No,No,Perubahan harga per Oktober 2025,no unit size on the supplier line; name codes: BRWN,
LOREAL_GARNIER,306,PT. Surya Graha Pasaraya,G39512,8901526539512,Garnier,Color Naturals,GAR COLOR NATURAL ULT SCH RASP RED 7.65 (RENC),Garnier Color Natural Ultra Sachet RASP Red 7.65 (Renc),,Toiletries,Hair Color,96,96 x sachet,,,96,Sachet,83.46,0.8694,USD,Per Case,5.0,87.63,0.91,USD 87.63,USD 87.63/case (96pk) · USD 0.91/unit,Enquire,,,FOB Jakarta,FOB Jakarta,Indonesia,Jakarta,,2026-09-25,No,No,Perubahan harga per Oktober 2025,no unit size on the supplier line; name codes: RASP,
LOREAL_GARNIER,307,PT. Surya Graha Pasaraya,G09910A,8901526209910,Garnier,Color Naturals,GAR COLOR NATURAL EX 1 SCH (BOX),Garnier Color Natural EX 1 Sachet (Box),,Toiletries,Hair Color,96,96 x sachet,,,96,Sachet,83.46,0.8694,USD,Per Case,5.0,87.63,0.91,USD 87.63,USD 87.63/case (96pk) · USD 0.91/unit,Enquire,,,FOB Jakarta,FOB Jakarta,Indonesia,Jakarta,,2026-09-25,No,No,Perubahan harga per Oktober 2025,no unit size on the supplier line; name codes: EX,
LOREAL_GARNIER,308,PT. Surya Graha Pasaraya,G09897A,8901526209897,Garnier,Color Naturals,GAR COLOR NATURAL EX 3 SCH (BOX),Garnier Color Natural EX 3 Sachet (Box),,Toiletries,Hair Color,96,96 x sachet,,,96,Sachet,83.46,0.8694,USD,Per Case,5.0,87.63,0.91,USD 87.63,USD 87.63/case (96pk) · USD 0.91/unit,Enquire,,,FOB Jakarta,FOB Jakarta,Indonesia,Jakarta,,2026-09-25,No,No,Perubahan harga per Oktober 2025,no unit size on the supplier line; name codes: EX,
LOREAL_GARNIER,309,PT. Surya Graha Pasaraya,G11715A,8901526211715,Garnier,Color Naturals,GAR COLOR NATURAL EX 3.16 SCH (BOX),Garnier Color Natural EX 3.16 Sachet (Box),,Toiletries,Hair Color,96,96 x sachet,,,96,Sachet,83.46,0.8694,USD,Per Case,5.0,87.63,0.91,USD 87.63,USD 87.63/case (96pk) · USD 0.91/unit,Enquire,,,FOB Jakarta,FOB Jakarta,Indonesia,Jakarta,,2026-09-25,No,No,Perubahan harga per Oktober 2025,no unit size on the supplier line; name codes: EX,
LOREAL_GARNIER,310,PT. Surya Graha Pasaraya,G30113A,8901526530113,Garnier,Color Naturals,GAR COLOR NATURAL EX 4 SCH (BOX),Garnier Color Natural EX 4 Sachet (Box),,Toiletries,Hair Color,96,96 x sachet,,,96,Sachet,83.46,0.8694,USD,Per Case,5.0,87.63,0.91,USD 87.63,USD 87.63/case (96pk) · USD 0.91/unit,Enquire,,,FOB Jakarta,FOB Jakarta,Indonesia,Jakarta,,2026-09-25,No,No,Perubahan harga per Oktober 2025,no unit size on the supplier line; name codes: EX,
LOREAL_GARNIER,311,PT. Surya Graha Pasaraya,G40068A,8901526540068,Garnier,Color Naturals,GAR COLOR NATURAL ASEAN FASH SCH 5.32 (BOX),Garnier Color Natural Asean Fashion Sachet 5.32 (Box),,Toiletries,Hair Color,96,96 x sachet,,,96,Sachet,83.46,0.8694,USD,Per Case,5.0,87.63,0.91,USD 87.63,USD 87.63/case (96pk) · USD 0.91/unit,Enquire,,,FOB Jakarta,FOB Jakarta,Indonesia,Jakarta,,2026-09-25,No,No,Perubahan harga per Oktober 2025,no unit size on the supplier line,
LOREAL_GARNIER,312,PT. Surya Graha Pasaraya,G40112A,8901526540112,Garnier,Color Naturals,GAR COLOR NATURAL ASEAN FASH SCH 6.64 (BOX),Garnier Color Natural Asean Fashion Sachet 6.64 (Box),,Toiletries,Hair Color,96,96 x sachet,,,96,Sachet,83.46,0.8694,USD,Per Case,5.0,87.63,0.91,USD 87.63,USD 87.63/case (96pk) · USD 0.91/unit,Enquire,,,FOB Jakarta,FOB Jakarta,Indonesia,Jakarta,,2026-09-25,No,No,Perubahan harga per Oktober 2025,no unit size on the supplier line,
LOREAL_GARNIER,313,PT. Surya Graha Pasaraya,G39468A,8901526539468,Garnier,Color Naturals,GAR COLOR NATURAL ULT SCH MIDN BLU 3.1 (BOX),Garnier Color Natural Ultra Sachet MIDN BLU 3.1 (Box),,Toiletries,Hair Color,96,96 x sachet,,,96,Sachet,83.46,0.8694,USD,Per Case,5.0,87.63,0.91,USD 87.63,USD 87.63/case (96pk) · USD 0.91/unit,Enquire,,,FOB Jakarta,FOB Jakarta,Indonesia,Jakarta,,2026-09-25,No,No,Perubahan harga per Oktober 2025,"no unit size on the supplier line; name codes: BLU, MIDN",
LOREAL_GARNIER,314,PT. Surya Graha Pasaraya,G39611A,8901526539611,Garnier,Color Naturals,GAR COLOR NATURAL ULT SCH PLUM RED 6.26 (BOX),Garnier Color Natural Ultra Sachet Plum Red 6.26 (Box),,Toiletries,Hair Color,96,96 x sachet,,,96,Sachet,83.46,0.8694,USD,Per Case,5.0,87.63,0.91,USD 87.63,USD 87.63/case (96pk) · USD 0.91/unit,Enquire,,,FOB Jakarta,FOB Jakarta,Indonesia,Jakarta,,2026-09-25,No,No,Perubahan harga per Oktober 2025,no unit size on the supplier line,
LOREAL_GARNIER,315,PT. Surya Graha Pasaraya,G39666A,8901526539666,Garnier,Color Naturals,GAR COLOR NATURAL ULT SCH CRAN REDB 6.62 (BOX),Garnier Color Natural Ultra Sachet CRAN REDB 6.62 (Box),,Toiletries,Hair Color,96,96 x sachet,,,96,Sachet,83.46,0.8694,USD,Per Case,5.0,87.63,0.91,USD 87.63,USD 87.63/case (96pk) · USD 0.91/unit,Enquire,,,FOB Jakarta,FOB Jakarta,Indonesia,Jakarta,,2026-09-25,No,No,Perubahan harga per Oktober 2025,"no unit size on the supplier line; name codes: CRAN, REDB",
LOREAL_GARNIER,316,PT. Surya Graha Pasaraya,G39567A,8901526539567,Garnier,Color Naturals,GAR COLOR NATURAL ULT SCH GLDN BRWN 7.3 (BOX),Garnier Color Natural Ultra Sachet GLDN BRWN 7.3 (Box),,Toiletries,Hair Color,96,96 x sachet,,,96,Sachet,83.46,0.8694,USD,Per Case,5.0,87.63,0.91,USD 87.63,USD 87.63/case (96pk) · USD 0.91/unit,Enquire,,,FOB Jakarta,FOB Jakarta,Indonesia,Jakarta,,2026-09-25,No,No,Perubahan harga per Oktober 2025,"no unit size on the supplier line; name codes: BRWN, GLDN",
LOREAL_GARNIER,317,PT. Surya Graha Pasaraya,G39512A,8901526539512,Garnier,Color Naturals,GAR COLOR NATURAL ULT SCH RASP RED 7.65 (BOX),Garnier Color Natural Ultra Sachet RASP Red 7.65 (Box),,Toiletries,Hair Color,96,96 x sachet,,,96,Sachet,83.46,0.8694,USD,Per Case,5.0,87.63,0.91,USD 87.63,USD 87.63/case (96pk) · USD 0.91/unit,Enquire,,,FOB Jakarta,FOB Jakarta,Indonesia,Jakarta,,2026-09-25,No,No,Perubahan harga per Oktober 2025,no unit size on the supplier line; name codes: RASP,
LOREAL_GARNIER,318,PT. Surya Graha Pasaraya,G27465,8901526527465,Garnier,Color Naturals,GAR COLOR NATURAL HAIR CLR-1 NAT BLACK,Garnier Color Natural Hair Clr-1 Natural Black,,Toiletries,Hair Color,12,12 x box,,,12,Box,33.67,2.8056,USD,Per Case,5.0,35.35,2.95,USD 35.35,USD 35.35/case (12pk) · USD 2.95/unit,Enquire,,,FOB Jakarta,FOB Jakarta,Indonesia,Jakarta,,2026-09-25,No,No,,no unit size on the supplier line,
LOREAL_GARNIER,319,PT. Surya Graha Pasaraya,G27472,8901526527472,Garnier,Color Naturals,GAR COLOR NATURAL HAIR CLR-3 DARKEST BRW,Garnier Color Natural Hair Clr-3 Darkest BRW,,Toiletries,Hair Color,12,12 x box,,,12,Box,33.67,2.8056,USD,Per Case,5.0,35.35,2.95,USD 35.35,USD 35.35/case (12pk) · USD 2.95/unit,Enquire,,,FOB Jakarta,FOB Jakarta,Indonesia,Jakarta,,2026-09-25,No,No,,no unit size on the supplier line; name codes: BRW,
LOREAL_GARNIER,320,PT. Surya Graha Pasaraya,G27489,8901526527489,Garnier,Color Naturals,GAR COLOR NATURAL HAIR CLR-3.16 BURGUNDY,Garnier Color Natural Hair Clr-3.16 Burgundy,,Toiletries,Hair Color,12,12 x box,,,12,Box,33.67,2.8056,USD,Per Case,5.0,35.35,2.95,USD 35.35,USD 35.35/case (12pk) · USD 2.95/unit,Enquire,,,FOB Jakarta,FOB Jakarta,Indonesia,Jakarta,,2026-09-25,No,No,,no unit size on the supplier line,
LOREAL_GARNIER,321,PT. Surya Graha Pasaraya,G27496,8901526527496,Garnier,Color Naturals,GAR COLOR NATURAL HAIR CLR-4 BROWN,Garnier Color Natural Hair Clr-4 Brown,,Toiletries,Hair Color,12,12 x box,,,12,Box,33.67,2.8056,USD,Per Case,5.0,35.35,2.95,USD 35.35,USD 35.35/case (12pk) · USD 2.95/unit,Enquire,,,FOB Jakarta,FOB Jakarta,Indonesia,Jakarta,,2026-09-25,No,No,,no unit size on the supplier line,
LOREAL_GARNIER,322,PT. Surya Graha Pasaraya,G38515,8901526538515,Garnier,Color Naturals,GAR COLOR NATURAL REG ASEAN FASHION KITS 5.32,Garnier Color Natural REG Asean Fashion Kits 5.32,,Toiletries,Hair Color,48,48 x box,,,48,Box,134.67,2.8056,USD,Per Case,5.0,141.4,2.95,USD 141.40,USD 141.40/case (48pk) · USD 2.95/unit,Enquire,,,FOB Jakarta,FOB Jakarta,Indonesia,Jakarta,,2026-09-25,No,No,,no unit size on the supplier line; name codes: REG,
LOREAL_GARNIER,323,PT. Surya Graha Pasaraya,G38515A,8901526538515,Garnier,Color Naturals,GAR COLOR NATURAL REG ASEAN FASHION KITS 5.32,Garnier Color Natural REG Asean Fashion Kits 5.32,,Toiletries,Hair Color,12,12 x box,,,12,Box,33.67,2.8056,USD,Per Case,5.0,35.35,2.95,USD 35.35,USD 35.35/case (12pk) · USD 2.95/unit,Enquire,,,FOB Jakarta,FOB Jakarta,Indonesia,Jakarta,,2026-09-25,No,No,,no unit size on the supplier line; name codes: REG,
LOREAL_GARNIER,324,PT. Surya Graha Pasaraya,G38560,8901526538560,Garnier,Color Naturals,GAR COLOR NATURAL REG ASEAN FASHION KITS 6.64,Garnier Color Natural REG Asean Fashion Kits 6.64,,Toiletries,Hair Color,48,48 x box,,,48,Box,134.67,2.8056,USD,Per Case,5.0,141.4,2.95,USD 141.40,USD 141.40/case (48pk) · USD 2.95/unit,Enquire,,,FOB Jakarta,FOB Jakarta,Indonesia,Jakarta,,2026-09-25,No,No,,no unit size on the supplier line; name codes: REG,
LOREAL_GARNIER,325,PT. Surya Graha Pasaraya,G38560A,8901526538560,Garnier,Color Naturals,GAR COLOR NATURAL REG ASEAN FASHION KITS 6.64,Garnier Color Natural REG Asean Fashion Kits 6.64,,Toiletries,Hair Color,12,12 x box,,,12,Box,33.67,2.8056,USD,Per Case,5.0,35.35,2.95,USD 35.35,USD 35.35/case (12pk) · USD 2.95/unit,Enquire,,,FOB Jakarta,FOB Jakarta,Indonesia,Jakarta,,2026-09-25,No,No,,no unit size on the supplier line; name codes: REG,
LOREAL_GARNIER,326,PT. Surya Graha Pasaraya,G39215,8901526539215,Garnier,Color Naturals,GAR COLOR NATURAL ULT KIT MIDNIGHT BLUE 3.1,Garnier Color Natural Ultra Kit Midnight Blue 3.1,,Toiletries,Hair Color,12,12 x box,,,12,Box,33.67,2.8056,USD,Per Case,5.0,35.35,2.95,USD 35.35,USD 35.35/case (12pk) · USD 2.95/unit,Enquire,,,FOB Jakarta,FOB Jakarta,Indonesia,Jakarta,,2026-09-25,No,No,,no unit size on the supplier line,
LOREAL_GARNIER,327,PT. Surya Graha Pasaraya,G39369,8901526539369,Garnier,Color Naturals,GAR COLOR NATURAL ULT KIT PLUM RED 6.26,Garnier Color Natural Ultra Kit Plum Red 6.26,,Toiletries,Hair Color,12,12 x box,,,12,Box,33.67,2.8056,USD,Per Case,5.0,35.35,2.95,USD 35.35,USD 35.35/case (12pk) · USD 2.95/unit,Enquire,,,FOB Jakarta,FOB Jakarta,Indonesia,Jakarta,,2026-09-25,No,No,,no unit size on the supplier line,
LOREAL_GARNIER,328,PT. Surya Graha Pasaraya,G39413,8901526539413,Garnier,Color Naturals,GAR COLOR NATURAL ULT KIT CRANBERRY RED 6.62,Garnier Color Natural Ultra Kit Cranberry Red 6.62,,Toiletries,Hair Color,12,12 x box,,,12,Box,33.67,2.8056,USD,Per Case,5.0,35.35,2.95,USD 35.35,USD 35.35/case (12pk) · USD 2.95/unit,Enquire,,,FOB Jakarta,FOB Jakarta,Indonesia,Jakarta,,2026-09-25,No,No,,no unit size on the supplier line,
LOREAL_GARNIER,329,PT. Surya Graha Pasaraya,G39314,8901526539314,Garnier,Color Naturals,GAR COLOR NATURAL ULT KIT GOLDEN BROWN 7.3,Garnier Color Natural Ultra Kit Golden Brown 7.3,,Toiletries,Hair Color,12,12 x box,,,12,Box,33.67,2.8056,USD,Per Case,5.0,35.35,2.95,USD 35.35,USD 35.35/case (12pk) · USD 2.95/unit,Enquire,,,FOB Jakarta,FOB Jakarta,Indonesia,Jakarta,,2026-09-25,No,No,,no unit size on the supplier line,
LOREAL_GARNIER,330,PT. Surya Graha Pasaraya,G39260,8901526539260,Garnier,Color Naturals,GAR COLOR NATURAL ULT KIT RASPBERRY RED 7.65,Garnier Color Natural Ultra Kit Raspberry Red 7.65,,Toiletries,Hair Color,12,12 x box,,,12,Box,33.67,2.8056,USD,Per Case,5.0,35.35,2.95,USD 35.35,USD 35.35/case (12pk) · USD 2.95/unit,Enquire,,,FOB Jakarta,FOB Jakarta,Indonesia,Jakarta,,2026-09-25,No,No,,no unit size on the supplier line,
LOREAL_GARNIER,350,PT. Surya Graha Pasaraya,G00019,8991380800019,Garnier,Neril,GAR NERIL COND A-LOSS GUARD 200ML,Garnier Neril Conditioner A-Loss Guard 200ml,,Toiletries,Hair Care,12 x 200ml,12 x 200ml,200ml,200.0,12,Bottle,42.34,3.5282,USD,Per Case,5.0,44.46,3.71,USD 44.46,USD 44.46/case (12pk) · USD 3.71/unit,Enquire,,,FOB Jakarta,FOB Jakarta,Indonesia,Jakarta,,2026-09-25,No,No,,,
LOREAL_GARNIER,351,PT. Surya Graha Pasaraya,G00231,8991380800231,Garnier,Neril,GAR NERIL HAIR TONIC A-LOSS GUARD 200ML,Garnier Neril Hair Tonic A-Loss Guard 200ml,,Toiletries,Hair Care,12 x 200ml,12 x 200ml,200ml,200.0,12,Bottle,56.16,4.6798,USD,Per Case,5.0,58.97,4.91,USD 58.97,USD 58.97/case (12pk) · USD 4.91/unit,Enquire,,,FOB Jakarta,FOB Jakarta,Indonesia,Jakarta,,2026-09-25,No,No,,,
LOREAL_GARNIER,352,PT. Surya Graha Pasaraya,G00248,8991380800248,Garnier,Neril,GAR NERIL HAIR TONIC A-LOSS GUARD 100ML,Garnier Neril Hair Tonic A-Loss Guard 100ml,,Toiletries,Hair Care,12 x 100ml,12 x 100ml,100ml,100.0,12,Bottle,37.6,3.1331,USD,Per Case,5.0,39.48,3.29,USD 39.48,USD 39.48/case (12pk) · USD 3.29/unit,Enquire,,,FOB Jakarta,FOB Jakarta,Indonesia,Jakarta,,2026-09-25,No,No,,,
LOREAL_GARNIER,353,PT. Surya Graha Pasaraya,G00255,8991380800255,Garnier,Neril,GAR NERIL HAIR TONIC COOL&FRESH 200ML,Garnier Neril Hair Tonic Cool&Fresh 200ml,,Toiletries,Hair Care,12 x 200ml,12 x 200ml,200ml,200.0,12,Bottle,56.16,4.6798,USD,Per Case,5.0,58.97,4.91,USD 58.97,USD 58.97/case (12pk) · USD 4.91/unit,Enquire,,,FOB Jakarta,FOB Jakarta,Indonesia,Jakarta,,2026-09-25,No,No,,,
LOREAL_GARNIER,354,PT. Surya Graha Pasaraya,G00262,8991380800262,Garnier,Neril,GAR NERIL HAIR TONIC COOL&FRESH 100ML,Garnier Neril Hair Tonic Cool&Fresh 100ml,,Toiletries,Hair Care,12 x 100ml,12 x 100ml,100ml,100.0,12,Bottle,37.6,3.1331,USD,Per Case,5.0,39.48,3.29,USD 39.48,USD 39.48/case (12pk) · USD 3.29/unit,Enquire,,,FOB Jakarta,FOB Jakarta,Indonesia,Jakarta,,2026-09-25,No,No,,,
LOREAL_GARNIER,355,PT. Surya Graha Pasaraya,G00286,8991380800286,Garnier,Neril,GAR NERIL SHP A-LOSS GUARD 200ML,Garnier Neril Shampoo A-Loss Guard 200ml,,Toiletries,Hair Care,12 x 200ml,12 x 200ml,200ml,200.0,12,Bottle,49.32,4.1097,USD,Per Case,5.0,51.78,4.32,USD 51.78,USD 51.78/case (12pk) · USD 4.32/unit,Enquire,,,FOB Jakarta,FOB Jakarta,Indonesia,Jakarta,,2026-09-25,No,No,,,
LOREAL_GARNIER,356,PT. Surya Graha Pasaraya,G00293,8991380800293,Garnier,Neril,GAR NERIL SHP A-LOSS GUARD 100ML,Garnier Neril Shampoo A-Loss Guard 100ml,,Toiletries,Hair Care,12 x 100ml,12 x 100ml,100ml,100.0,12,Bottle,34.21,2.8508,USD,Per Case,5.0,35.92,2.99,USD 35.92,USD 35.92/case (12pk) · USD 2.99/unit,Enquire,,,FOB Jakarta,FOB Jakarta,Indonesia,Jakarta,,2026-09-25,No,No,,,
LOREAL_GARNIER,358,PT. Surya Graha Pasaraya,G00439,8991380800439,Garnier,Neril,GAR NERIL HAIR TONIC A-DANDRUFF 200ML,Garnier Neril Hair Tonic A-Dandruff 200ml,,Toiletries,Hair Care,12 x 200ml,12 x 200ml,200ml,200.0,12,Bottle,56.16,4.6798,USD,Per Case,5.0,58.97,4.91,USD 58.97,USD 58.97/case (12pk) · USD 4.91/unit,Enquire,,,FOB Jakarta,FOB Jakarta,Indonesia,Jakarta,,2026-09-25,No,No,,,
LOREAL_GARNIER,360,PT. Surya Graha Pasaraya,G00460,8991380800460,Garnier,Neril,GAR NERIL SHP A-DANDRUFF 200ML,Garnier Neril Shampoo A-Dandruff 200ml,,Toiletries,Hair Care,12 x 200ml,12 x 200ml,200ml,200.0,12,Bottle,49.32,4.1097,USD,Per Case,5.0,51.78,4.32,USD 51.78,USD 51.78/case (12pk) · USD 4.32/unit,Enquire,,,FOB Jakarta,FOB Jakarta,Indonesia,Jakarta,,2026-09-25,No,No,,,
LOREAL_GARNIER,375,PT. Surya Graha Pasaraya,L32853,8994993032853,L'Oreal Paris,Dermo Expertise,GLYCOLIC BRIGHT LUMINIZING CREAM 30ML,L'Oreal Paris Glycolic Bright Luminizing Cream 30ml,,Toiletries,Women Skin Care,12 x 30ml,12 x 30ml,30ml,30.0,12,Jar,71.28,5.9401,USD,Per Case,5.0,74.85,6.24,USD 74.85,USD 74.85/case (12pk) · USD 6.24/unit,Enquire,,,FOB Jakarta,FOB Jakarta,Indonesia,Jakarta,,2026-09-25,No,No,Produk baru Januari 2026,,
LOREAL_GARNIER,376,PT. Surya Graha Pasaraya,L21490,8991380021490,L'Oreal Paris,Dermo Expertise,LOR DEX GLYCO BRIT SERUM 7.5ML,L'Oreal Paris Glycolic Bright Serum 7.5ml,,Toiletries,Women Skin Care,72 x 7.5ml,72 x 7.5ml,7.5ml,7.5,72,Bottle,93.44,1.2977,USD,Per Case,5.0,98.11,1.36,USD 98.11,USD 98.11/case (72pk) · USD 1.36/unit,Enquire,,,FOB Jakarta,FOB Jakarta,Indonesia,Jakarta,,2026-09-25,No,No,,,
LOREAL_GARNIER,377,PT. Surya Graha Pasaraya,P9216570,8994993016570,L'Oreal Paris,Dermo Expertise,LOR DEX GLYCO BRIT SERUM 15ML AS,L'Oreal Paris Glycolic Bright Serum 15ml,,Toiletries,Women Skin Care,24 x 15ml,24 x 15ml,15ml,15.0,24,Bottle,126.57,5.2736,USD,Per Case,5.0,132.89,5.54,USD 132.89,USD 132.89/case (24pk) · USD 5.54/unit,Enquire,,,FOB Jakarta,FOB Jakarta,Indonesia,Jakarta,,2026-09-25,No,No,Perubahan harga per Februari 2025,,
LOREAL_GARNIER,378,PT. Surya Graha Pasaraya,P9216587,8994993016587,L'Oreal Paris,Dermo Expertise,LOR DEX GLYCO BRIT SERUM 30ML AS,L'Oreal Paris Glycolic Bright Serum 30ml,,Toiletries,Women Skin Care,12 x 30ml,12 x 30ml,30ml,30.0,12,Bottle,108.16,9.0135,USD,Per Case,5.0,113.57,9.46,USD 113.57,USD 113.57/case (12pk) · USD 9.46/unit,Enquire,,,FOB Jakarta,FOB Jakarta,Indonesia,Jakarta,,2026-09-25,No,No,,,
LOREAL_GARNIER,379,PT. Surya Graha Pasaraya,L20362,8994993020362,L'Oreal Paris,Dermo Expertise,LOR DEX GLYCO EYE SERUM 20 ML,L'Oreal Paris Glycolic Eye Serum 20ml,,Toiletries,Women Skin Care,24 x 20ml,24 x 20ml,20ml,20.0,24,Bottle,158.14,6.589,USD,Per Case,5.0,166.04,6.92,USD 166.04,USD 166.04/case (24pk) · USD 6.92/unit,Enquire,,,FOB Jakarta,FOB Jakarta,Indonesia,Jakarta,,2026-09-25,No,No,,,
LOREAL_GARNIER,380,PT. Surya Graha Pasaraya,L27316,8994993027316,L'Oreal Paris,Dermo Expertise,LOR DEX GLYCO BRIT EXFO PEEL 25ML EBT,L'Oreal Paris Glycolic Bright Exfoliating Peel 25ml,,Toiletries,Women Skin Care,12 x 25ml,12 x 25ml,25ml,25.0,12,Bottle,91.31,7.6095,USD,Per Case,5.0,95.88,7.99,USD 95.88,USD 95.88/case (12pk) · USD 7.99/unit,Enquire,,,FOB Jakarta,FOB Jakarta,Indonesia,Jakarta,,2026-09-25,No,No,Produk baru Juli 2025,,
LOREAL_GARNIER,381,PT. Surya Graha Pasaraya,L09170,6941594509170,L'Oreal Paris,Dermo Expertise,LOR DEX GLYCO BR PEELING WATER 65ML EBT,L'Oreal Paris Glycolic Bright Peeling Water 65ml,,Toiletries,Women Skin Care,12 x 65ml,12 x 65ml,65ml,65.0,12,Bottle,66.33,5.5272,USD,Per Case,5.0,69.64,5.8,USD 69.64,USD 69.64/case (12pk) · USD 5.80/unit,Enquire,,,FOB Jakarta,FOB Jakarta,Indonesia,Jakarta,,2026-09-25,No,No,,,
LOREAL_GARNIER,382,PT. Surya Graha Pasaraya,P9216549,8994993016549,L'Oreal Paris,Dermo Expertise,LOR DEX GLYCO BRIT FOAM 50ML AS,L'Oreal Paris Glycolic Bright Foam 50ml,,Toiletries,Women Skin Care,24 x 50ml,24 x 50ml,50ml,50.0,24,Tube,39.78,1.6576,USD,Per Case,5.0,41.77,1.74,USD 41.77,USD 41.77/case (24pk) · USD 1.74/unit,Enquire,,,FOB Jakarta,FOB Jakarta,Indonesia,Jakarta,,2026-09-25,No,No,Perubahan harga per Februari 2025,,
LOREAL_GARNIER,383,PT. Surya Graha Pasaraya,P9216532,8994993016532,L'Oreal Paris,Dermo Expertise,LOR DEX GLYCO BRIT FOAM 100ML AS,L'Oreal Paris Glycolic Bright Foam 100ml,,Toiletries,Women Skin Care,12 x 100ml,12 x 100ml,100ml,100.0,12,Tube,35.75,2.9789,USD,Per Case,5.0,37.53,3.13,USD 37.53,USD 37.53/case (12pk) · USD 3.13/unit,Enquire,,,FOB Jakarta,FOB Jakarta,Indonesia,Jakarta,,2026-09-25,No,No,Perubahan harga per Februari 2025,,
LOREAL_GARNIER,384,PT. Surya Graha Pasaraya,P9216518,8994993016518,L'Oreal Paris,Dermo Expertise,LOR DEX GLYCO BRIT DAY CRM 15ML AS,L'Oreal Paris Glycolic Bright Day Cream 15ml,,Toiletries,Women Skin Care,24 x 15ml,24 x 15ml,15ml,15.0,24,Jar,89.33,3.7222,USD,Per Case,5.0,93.8,3.91,USD 93.80,USD 93.80/case (24pk) · USD 3.91/unit,Enquire,,,FOB Jakarta,FOB Jakarta,Indonesia,Jakarta,,2026-09-25,No,No,Perubahan harga per Februari 2025,,
LOREAL_GARNIER,385,PT. Surya Graha Pasaraya,P9216525,8994993016525,L'Oreal Paris,Dermo Expertise,LOR DEX GLYCO BRIT DAY CRM 50ML AS,L'Oreal Paris Glycolic Bright Day Cream 50ml,,Toiletries,Women Skin Care,12 x 50ml,12 x 50ml,50ml,50.0,12,Jar,106.6,8.8837,USD,Per Case,5.0,111.93,9.33,USD 111.93,USD 111.93/case (12pk) · USD 9.33/unit,Enquire,,,FOB Jakarta,FOB Jakarta,Indonesia,Jakarta,,2026-09-25,No,No,,,
LOREAL_GARNIER,386,PT. Surya Graha Pasaraya,P9216556,8994993016556,L'Oreal Paris,Dermo Expertise,LOR DEX GLYCO BRIT NIGHT CRM 15ML AS,L'Oreal Paris Glycolic Bright Night Cream 15ml,,Toiletries,Women Skin Care,24 x 15ml,24 x 15ml,15ml,15.0,24,Jar,89.33,3.7222,USD,Per Case,5.0,93.8,3.91,USD 93.80,USD 93.80/case (24pk) · USD 3.91/unit,Enquire,,,FOB Jakarta,FOB Jakarta,Indonesia,Jakarta,,2026-09-25,No,No,Perubahan harga per Februari 2025,,
LOREAL_GARNIER,387,PT. Surya Graha Pasaraya,P9216563,8994993016563,L'Oreal Paris,Dermo Expertise,LOR DEX GLYCO BRIT NIGHT CRM 50ML AS,L'Oreal Paris Glycolic Bright Night Cream 50ml,,Toiletries,Women Skin Care,12 x 50ml,12 x 50ml,50ml,50.0,12,Jar,106.6,8.8837,USD,Per Case,5.0,111.93,9.33,USD 111.93,USD 111.93/case (12pk) · USD 9.33/unit,Enquire,,,FOB Jakarta,FOB Jakarta,Indonesia,Jakarta,,2026-09-25,No,No,,,
LOREAL_GARNIER,388,PT. Surya Graha Pasaraya,P9290478,6923700990478,L'Oreal Paris,Dermo Expertise,LOR DEX GLYCO BRIT FACE MASK AS,L'Oreal Paris Glycolic Bright Face Mask,,Toiletries,Women Skin Care,60,60 x sachet,,,60,Sachet,88.13,1.4688,USD,Per Case,5.0,92.54,1.54,USD 92.54,USD 92.54/case (60pk) · USD 1.54/unit,Enquire,,,FOB Jakarta,FOB Jakarta,Indonesia,Jakarta,,2026-09-25,No,No,,no unit size on the supplier line,
LOREAL_GARNIER,389,PT. Surya Graha Pasaraya,P922948A,8991380012948,L'Oreal Paris,Dermo Expertise,LOR DEX BLST REV CRYSTAL ESSENCE 22ML,L'Oreal Paris Blister Revitalift Crystal Essence 22ml,,Toiletries,Women Skin Care,72 x 22ml,72 x 22ml,22ml,22.0,72,Sachet,215.76,2.9966,USD,Per Case,5.0,226.54,3.15,USD 226.54,USD 226.54/case (72pk) · USD 3.15/unit,Enquire,,,FOB Jakarta,FOB Jakarta,Indonesia,Jakarta,,2026-09-25,No,No,,,
LOREAL_GARNIER,390,PT. Surya Graha Pasaraya,P9264677,6923700964677,L'Oreal Paris,Dermo Expertise,LOR DEX REV CRYSTAL MASK 1PC AS,L'Oreal Paris Revitalift Crystal Mask 1pc,,Toiletries,Women Skin Care,40,40 x sachet,,,40,Sachet,54.51,1.3626,USD,Per Case,5.0,57.23,1.43,USD 57.23,USD 57.23/case (40pk) · USD 1.43/unit,Enquire,,,FOB Jakarta,FOB Jakarta,Indonesia,Jakarta,,2026-09-25,No,No,Perubahan harga per Januari 2025,no unit size on the supplier line,
LOREAL_GARNIER,391,PT. Surya Graha Pasaraya,P9264677V,6923700964677,L'Oreal Paris,Dermo Expertise,BDL REV CRYSTAL MASK + CRYSTAL 2ML,L'Oreal Paris Bundle Revitalift Crystal Mask + Crystal 2ml,,Toiletries,Women Skin Care,40 x 2ml,40 x 2ml,2ml,2.0,40,Sachet,54.51,1.3626,USD,Per Case,5.0,57.23,1.43,USD 57.23,USD 57.23/case (40pk) · USD 1.43/unit,Enquire,,,FOB Jakarta,FOB Jakarta,Indonesia,Jakarta,,2026-09-25,No,No,Perubahan harga per Januari 2025,bundle/value set - confirm what the case contains,
LOREAL_GARNIER,392,PT. Surya Graha Pasaraya,P9216709,8994993016709,L'Oreal Paris,Dermo Expertise,LOR DEX REV CRSTAL GEL CRM 15ML AS,L'Oreal Paris Revitalift Crstal Gel Cream 15ml,,Toiletries,Women Skin Care,24 x 15ml,24 x 15ml,15ml,15.0,24,Bottle,68.8,2.8668,USD,Per Case,5.0,72.24,3.01,USD 72.24,USD 72.24/case (24pk) · USD 3.01/unit,Enquire,,,FOB Jakarta,FOB Jakarta,Indonesia,Jakarta,,2026-09-25,No,No,,,
LOREAL_GARNIER,393,PT. Surya Graha Pasaraya,P9216693,8994993016693,L'Oreal Paris,Dermo Expertise,LOR DEX REV CRSTAL GEL CRM 50ML AS,L'Oreal Paris Revitalift Crstal Gel Cream 50ml,,Toiletries,Women Skin Care,12 x 50ml,12 x 50ml,50ml,50.0,12,Bottle,103.56,8.63,USD,Per Case,5.0,108.74,9.06,USD 108.74,USD 108.74/case (12pk) · USD 9.06/unit,Enquire,,,FOB Jakarta,FOB Jakarta,Indonesia,Jakarta,,2026-09-25,No,No,Perubahan harga per Januari 2025,,
LOREAL_GARNIER,394,PT. Surya Graha Pasaraya,L17782,8994993017782,L'Oreal Paris,Dermo Expertise,LOR DEX REV CRYSTAL FOAM GEL 120ML,L'Oreal Paris Revitalift Crystal Foam Gel 120ml,,Toiletries,Women Skin Care,12 x 120ml,12 x 120ml,120ml,120.0,12,Bottle,44.74,3.7281,USD,Per Case,5.0,46.97,3.91,USD 46.97,USD 46.97/case (12pk) · USD 3.91/unit,Enquire,,,FOB Jakarta,FOB Jakarta,Indonesia,Jakarta,,2026-09-25,No,No,,,
LOREAL_GARNIER,395,PT. Surya Graha Pasaraya,P9277264,6923700977264,L'Oreal Paris,Dermo Expertise,LOR DEX REV HA SERUM 15ML AS,L'Oreal Paris Revitalift Hyaluronic Serum 15ml,,Toiletries,Women Skin Care,24 x 15ml,24 x 15ml,15ml,15.0,24,Bottle,147.94,6.1643,USD,Per Case,5.0,155.34,6.47,USD 155.34,USD 155.34/case (24pk) · USD 6.47/unit,Enquire,,,FOB Jakarta,FOB Jakarta,Indonesia,Jakarta,,2026-09-25,No,No,,,
LOREAL_GARNIER,396,PT. Surya Graha Pasaraya,P9266701,6923700966701,L'Oreal Paris,Dermo Expertise,LOR DEX REV DERMA HA SERUM 30ML EBT,L'Oreal Paris Revitalift Derma Hyaluronic Serum 30ml,,Toiletries,Women Skin Care,12 x 30ml,12 x 30ml,30ml,30.0,12,Bottle,137.75,11.4792,USD,Per Case,5.0,144.64,12.05,USD 144.64,USD 144.64/case (12pk) · USD 12.05/unit,Enquire,,,FOB Jakarta,FOB Jakarta,Indonesia,Jakarta,,2026-09-25,No,No,,,
LOREAL_GARNIER,397,PT. Surya Graha Pasaraya,L17980,8994993017980,L'Oreal Paris,Dermo Expertise,LOR DEX REV HA EYE SERUM 20ML EBT,L'Oreal Paris Revitalift Hyaluronic Eye Serum 20ml,,Toiletries,Women Skin Care,24 x 20ml,24 x 20ml,20ml,20.0,24,Bottle,182.63,7.6095,USD,Per Case,5.0,191.76,7.99,USD 191.76,USD 191.76/case (24pk) · USD 7.99/unit,Enquire,,,FOB Jakarta,FOB Jakarta,Indonesia,Jakarta,,2026-09-25,No,No,,,
LOREAL_GARNIER,398,PT. Surya Graha Pasaraya,P9216013,8994993016013,L'Oreal Paris,Dermo Expertise,LOR DEX REV HA ACID FOAM 100ML AS,L'Oreal Paris Revitalift Hyaluronic Acid Foam 100ml,,Toiletries,Women Skin Care,12 x 100ml,12 x 100ml,100ml,100.0,12,Tube,40.99,3.4154,USD,Per Case,5.0,43.03,3.59,USD 43.03,USD 43.03/case (12pk) · USD 3.59/unit,Enquire,,,FOB Jakarta,FOB Jakarta,Indonesia,Jakarta,,2026-09-25,No,No,,,
LOREAL_GARNIER,399,PT. Surya Graha Pasaraya,P9281209,6923700981209,L'Oreal Paris,Dermo Expertise,LOR DEX REV HA ACID DAY CREAM 50ML AS,L'Oreal Paris Revitalift Hyaluronic Acid Day Cream 50ml,,Toiletries,Women Skin Care,12 x 50ml,12 x 50ml,50ml,50.0,12,Jar,145.68,12.1398,USD,Per Case,5.0,152.96,12.75,USD 152.96,USD 152.96/case (12pk) · USD 12.75/unit,Enquire,,,FOB Jakarta,FOB Jakarta,Indonesia,Jakarta,,2026-09-25,No,No,,,
LOREAL_GARNIER,400,PT. Surya Graha Pasaraya,P9281193,6923700981193,L'Oreal Paris,Dermo Expertise,LOR DEX REV HA ACID DAY CREAM 15ML AS,L'Oreal Paris Revitalift Hyaluronic Acid Day Cream 15ml,,Toiletries,Women Skin Care,24 x 15ml,24 x 15ml,15ml,15.0,24,Bottle,115.66,4.8194,USD,Per Case,5.0,121.45,5.06,USD 121.45,USD 121.45/case (24pk) · USD 5.06/unit,Enquire,,,FOB Jakarta,FOB Jakarta,Indonesia,Jakarta,,2026-09-25,No,No,,,
LOREAL_GARNIER,401,PT. Surya Graha Pasaraya,P9281476,6923700981476,L'Oreal Paris,Dermo Expertise,LOR DEX REV CLSN MCLR WTR FRS 400ML AS,L'Oreal Paris Revitalift Cleansing Micellar Water FRS 400ml,,Toiletries,Women Skin Care,6 x 400ml,6 x 400ml,400ml,400.0,6,Bottle,40.42,6.7365,USD,Per Case,5.0,42.44,7.07,USD 42.44,USD 42.44/case (6pk) · USD 7.07/unit,Enquire,,,FOB Jakarta,FOB Jakarta,Indonesia,Jakarta,,2026-09-25,No,No,,name codes: FRS,
LOREAL_GARNIER,402,PT. Surya Graha Pasaraya,P9281469,6923700981469,L'Oreal Paris,Dermo Expertise,LOR DEX REV CLSN MCLR WTR FRH 95ML AS,L'Oreal Paris Revitalift Cleansing Micellar Water Fresh 95ml,,Toiletries,Women Skin Care,24 x 95ml,24 x 95ml,95ml,95.0,24,Bottle,49.27,2.0528,USD,Per Case,5.0,51.73,2.16,USD 51.73,USD 51.73/case (24pk) · USD 2.16/unit,Enquire,,,FOB Jakarta,FOB Jakarta,Indonesia,Jakarta,,2026-09-25,No,No,,,
LOREAL_GARNIER,403,PT. Surya Graha Pasaraya,P9235061,6928820035061,L'Oreal Paris,Dermo Expertise,LOR DEX CLEAN MICELLAR WATER 250ML-FRH,L'Oreal Paris Clean Micellar Water 250ml-Frh,,Toiletries,Women Skin Care,12 x 250ml,12 x 250ml,250ml,250.0,12,Bottle,74.96,6.2469,USD,Per Case,5.0,78.71,6.56,USD 78.71,USD 78.71/case (12pk) · USD 6.56/unit,Enquire,,,FOB Jakarta,FOB Jakarta,Indonesia,Jakarta,,2026-09-25,No,No,,,
LOREAL_GARNIER,404,PT. Surya Graha Pasaraya,P9235108,6928820035108,L'Oreal Paris,Dermo Expertise,LOR DEX CLEAN MICELLAR WATER 250ML-NRS,L'Oreal Paris Clean Micellar Water 250ml-Nrs,,Toiletries,Women Skin Care,12 x 250ml,12 x 250ml,250ml,250.0,12,Bottle,74.68,6.2233,USD,Per Case,5.0,78.41,6.53,USD 78.41,USD 78.41/case (12pk) · USD 6.53/unit,Enquire,,,FOB Jakarta,FOB Jakarta,Indonesia,Jakarta,,2026-09-25,No,No,,,
LOREAL_GARNIER,405,PT. Surya Graha Pasaraya,P9286988,6928820086988,L'Oreal Paris,Dermo Expertise,LOR DEX REV ESS WTR 130ML,L'Oreal Paris Revitalift Essence Water 130ml,,Toiletries,Women Skin Care,12 x 130ml,12 x 130ml,130ml,130.0,12,Bottle,155.59,12.9657,USD,Per Case,5.0,163.37,13.61,USD 163.37,USD 163.37/case (12pk) · USD 13.61/unit,Enquire,,,FOB Jakarta,FOB Jakarta,Indonesia,Jakarta,,2026-09-25,No,No,,,
LOREAL_GARNIER,406,PT. Surya Graha Pasaraya,P9234458,6923700934458,L'Oreal Paris,Dermo Expertise,LOR DEX REV MICRO ESS FRE WTR 130ML AS,L'Oreal Paris Revitalift Micro Essence Fresh Water 130ml,,Toiletries,Women Skin Care,12 x 130ml,12 x 130ml,130ml,130.0,12,Bottle,182.42,15.2014,USD,Per Case,5.0,191.54,15.96,USD 191.54,USD 191.54/case (12pk) · USD 15.96/unit,Enquire,,,FOB Jakarta,FOB Jakarta,Indonesia,Jakarta,,2026-09-25,No,No,,,
LOREAL_GARNIER,407,PT. Surya Graha Pasaraya,P9234489,6923700934489,L'Oreal Paris,Dermo Expertise,LOR DEX REV MICRO ESS FRE WTR 65ML AS-EBT,L'Oreal Paris Revitalift Micro Essence Fresh Water 65ml As-Ebt,,Toiletries,Women Skin Care,12 x 65ml,12 x 65ml,65ml,65.0,12,Bottle,104.69,8.7244,USD,Per Case,5.0,109.93,9.16,USD 109.93,USD 109.93/case (12pk) · USD 9.16/unit,Enquire,,,FOB Jakarta,FOB Jakarta,Indonesia,Jakarta,,2026-09-25,No,No,,,
LOREAL_GARNIER,408,PT. Surya Graha Pasaraya,P9234489V,6923700934489,L'Oreal Paris,Dermo Expertise,BDL DEX CRYSTAL CAP 65+HA SERUM 7.5ML,L'Oreal Paris Bundle Crystal CAP 65+Ha Serum 7.5ml,,Toiletries,Women Skin Care,12 x 7.5ml,12 x 7.5ml,7.5ml,7.5,12,Bottle,104.69,8.7244,USD,Per Case,5.0,109.93,9.16,USD 109.93,USD 109.93/case (12pk) · USD 9.16/unit,Enquire,,,FOB Jakarta,FOB Jakarta,Indonesia,Jakarta,,2026-09-25,No,No,,bundle/value set - confirm what the case contains; name codes: CAP,
LOREAL_GARNIER,409,PT. Surya Graha Pasaraya,P9205458,6955818205458,L'Oreal Paris,Dermo Expertise,LOR DEX REV LASER X3 EYECREAM 15ML,L'Oreal Paris Revitalift Laser x3 Eyecream 15ml,,Toiletries,Women Skin Care,24 x 15ml,24 x 15ml,15ml,15.0,24,Tube,328.87,13.703,USD,Per Case,5.0,345.32,14.39,USD 345.32,USD 345.32/case (24pk) · USD 14.39/unit,Enquire,,,FOB Jakarta,FOB Jakarta,Indonesia,Jakarta,,2026-09-25,No,No,,,
LOREAL_GARNIER,410,PT. Surya Graha Pasaraya,P9209763,8994993009763,L'Oreal Paris,Dermo Expertise,LOR DEX REV INTES DAY CREAM 50ML AS,L'Oreal Paris Revitalift Intense Day Cream 50ml,,Toiletries,Women Skin Care,12 x 50ml,12 x 50ml,50ml,50.0,12,Jar,194.45,16.2042,USD,Per Case,5.0,204.17,17.01,USD 204.17,USD 204.17/case (12pk) · USD 17.01/unit,Enquire,,,FOB Jakarta,FOB Jakarta,Indonesia,Jakarta,,2026-09-25,No,No,,,
LOREAL_GARNIER,411,PT. Surya Graha Pasaraya,P9210431,8994993010431,L'Oreal Paris,Dermo Expertise,LOR DEX REV INTEN NIGHT CRM 50ML AS,L'Oreal Paris Revitalift Intense Night Cream 50ml,,Toiletries,Women Skin Care,12 x 50ml,12 x 50ml,50ml,50.0,12,Jar,194.45,16.2042,USD,Per Case,5.0,204.17,17.01,USD 204.17,USD 204.17/case (12pk) · USD 17.01/unit,Enquire,,,FOB Jakarta,FOB Jakarta,Indonesia,Jakarta,,2026-09-25,No,No,,,
LOREAL_GARNIER,412,PT. Surya Graha Pasaraya,P9258614,6923700958614,L'Oreal Paris,Dermo Expertise,LOR DEX REV INTEN EYE CRM 15ML AS,L'Oreal Paris Revitalift Intense Eye Cream 15ml,,Toiletries,Women Skin Care,24 x 15ml,24 x 15ml,15ml,15.0,24,Tube,328.87,13.703,USD,Per Case,5.0,345.32,14.39,USD 345.32,USD 345.32/case (24pk) · USD 14.39/unit,Enquire,,,FOB Jakarta,FOB Jakarta,Indonesia,Jakarta,,2026-09-25,No,No,,,
LOREAL_GARNIER,413,PT. Surya Graha Pasaraya,P9258614A,6923700958614,L'Oreal Paris,Dermo Expertise,LOR DEX REV INTEN EYE CRM 15ML AS,L'Oreal Paris Revitalift Intense Eye Cream 15ml,,Toiletries,Women Skin Care,12 x 15ml,12 x 15ml,15ml,15.0,12,Tube,164.44,13.703,USD,Per Case,5.0,172.66,14.39,USD 172.66,USD 172.66/case (12pk) · USD 14.39/unit,Enquire,,,FOB Jakarta,FOB Jakarta,Indonesia,Jakarta,,2026-09-25,No,No,,,
LOREAL_GARNIER,414,PT. Surya Graha Pasaraya,P9246064,6946537046064,L'Oreal Paris,Dermo Expertise,LOR DEX YOUTH CODE PRE ESS 30ML,L'Oreal Paris Youth CODE PRE Essence 30ml,,Toiletries,Women Skin Care,24 x 30ml,24 x 30ml,30ml,30.0,24,Bottle,467.9,19.4957,USD,Per Case,5.0,491.29,20.47,USD 491.29,USD 491.29/case (24pk) · USD 20.47/unit,Enquire,,,FOB Jakarta,FOB Jakarta,Indonesia,Jakarta,,2026-09-25,No,No,Perubahan harga per Februari 2025,"name codes: CODE, PRE; duplicate line in the supplier list (2x)",
LOREAL_GARNIER,415,PT. Surya Graha Pasaraya,L74379,6923700974379,L'Oreal Paris,Dermo Expertise,LOR DEX YOUTH CODE PRE ESS 30ML,L'Oreal Paris Youth CODE PRE Essence 30ml,,Toiletries,Women Skin Care,24 x 30ml,24 x 30ml,30ml,30.0,24,Bottle,467.9,19.4957,USD,Per Case,5.0,491.29,20.47,USD 491.29,USD 491.29/case (24pk) · USD 20.47/unit,Enquire,,,FOB Jakarta,FOB Jakarta,Indonesia,Jakarta,,2026-09-25,No,No,Perubahan harga per Februari 2025,"name codes: CODE, PRE; duplicate line in the supplier list (2x)",
LOREAL_GARNIER,416,PT. Surya Graha Pasaraya,P9219615,6923700919615,L'Oreal Paris,Dermo Expertise,LOR DEX REV YOUTHFUL MASK RADIANCE,L'Oreal Paris Revitalift Youthful Mask Radiance,,Toiletries,Women Skin Care,60,60 x sachet,,,60,Sachet,76.45,1.2742,USD,Per Case,5.0,80.27,1.34,USD 80.27,USD 80.27/case (60pk) · USD 1.34/unit,Enquire,,,FOB Jakarta,FOB Jakarta,Indonesia,Jakarta,,2026-09-25,No,No,Perubahan harga per Januari 2025,no unit size on the supplier line,
LOREAL_GARNIER,417,PT. Surya Graha Pasaraya,P9219516,6923700919516,L'Oreal Paris,Dermo Expertise,LOR DEX REV YOUTHFUL MASK ELASTICITY,L'Oreal Paris Revitalift Youthful Mask Elasticity,,Toiletries,Women Skin Care,60,60 x sachet,,,60,Sachet,81.76,1.3626,USD,Per Case,5.0,85.85,1.43,USD 85.85,USD 85.85/case (60pk) · USD 1.43/unit,Enquire,,,FOB Jakarta,FOB Jakarta,Indonesia,Jakarta,,2026-09-25,No,No,,no unit size on the supplier line,
LOREAL_GARNIER,418,PT. Surya Graha Pasaraya,P9219714,6923700919714,L'Oreal Paris,Dermo Expertise,LOR DEX REV YOUTHFUL MASK SKIN PLUMPING,L'Oreal Paris Revitalift Youthful Mask Skin Plumping,,Toiletries,Women Skin Care,60,60 x sachet,,,60,Sachet,85.3,1.4216,USD,Per Case,5.0,89.56,1.49,USD 89.56,USD 89.56/case (60pk) · USD 1.49/unit,Enquire,,,FOB Jakarta,FOB Jakarta,Indonesia,Jakarta,,2026-09-25,No,No,,no unit size on the supplier line,
LOREAL_GARNIER,419,PT. Surya Graha Pasaraya,P9278148,6923700978148,L'Oreal Paris,Dermo Expertise,LOR DEX REV AMP FRESHMIX MASK AS,L'Oreal Paris Revitalift Ampoule Freshmix Mask,,Toiletries,Women Skin Care,30,30 x sachet,,,30,Sachet,44.95,1.4983,USD,Per Case,5.0,47.2,1.57,USD 47.20,USD 47.20/case (30pk) · USD 1.57/unit,Enquire,,,FOB Jakarta,FOB Jakarta,Indonesia,Jakarta,,2026-09-25,No,No,,no unit size on the supplier line,
LOREAL_GARNIER,422,PT. Surya Graha Pasaraya,P9213454,8992304013454,L'Oreal Paris,Dermo Expertise,LOR DEX REV DERM NIGHT ESSENCE 30ML,L'Oreal Paris Revitalift Derm Night Essence 30ml,,Toiletries,Women Skin Care,12 x 30ml,12 x 30ml,30ml,30.0,12,Bottle,137.75,11.4792,USD,Per Case,5.0,144.64,12.05,USD 144.64,USD 144.64/case (12pk) · USD 12.05/unit,Enquire,,,FOB Jakarta,FOB Jakarta,Indonesia,Jakarta,,2026-09-25,No,No,,,
LOREAL_GARNIER,425,PT. Surya Graha Pasaraya,P9214420,8992304014420,L'Oreal Paris,Dermo Expertise,LOR DEX REV DERM NIGHT CREAM 20ML,L'Oreal Paris Revitalift Derm Night Cream 20ml,,Toiletries,Women Skin Care,24 x 20ml,24 x 20ml,20ml,20.0,24,Jar,86.78,3.616,USD,Per Case,5.0,91.12,3.8,USD 91.12,USD 91.12/case (24pk) · USD 3.80/unit,Enquire,,,FOB Jakarta,FOB Jakarta,Indonesia,Jakarta,,2026-09-25,No,No,,,
LOREAL_GARNIER,428,PT. Surya Graha Pasaraya,P9216776,8992304016776,L'Oreal Paris,Dermo Expertise,LOR DEX REV DERM DAY CREAM 20ML,L'Oreal Paris Revitalift Derm Day Cream 20ml,,Toiletries,Women Skin Care,12 x 20ml,12 x 20ml,20ml,20.0,12,Jar,38.3,3.1913,USD,Per Case,5.0,40.21,3.35,USD 40.21,USD 40.21/case (12pk) · USD 3.35/unit,Enquire,,,FOB Jakarta,FOB Jakarta,Indonesia,Jakarta,,2026-09-25,No,No,kode distributor/kode SKU akan dinonaktifkan,,
LOREAL_GARNIER,429,PT. Surya Graha Pasaraya,P9216776A,8992304016776,L'Oreal Paris,Dermo Expertise,LOR DEX REV DERM DAY CREAM 20ML,L'Oreal Paris Revitalift Derm Day Cream 20ml,,Toiletries,Women Skin Care,36 x 20ml,36 x 20ml,20ml,20.0,36,Jar,114.89,3.1913,USD,Per Case,5.0,120.63,3.35,USD 120.63,USD 120.63/case (36pk) · USD 3.35/unit,Enquire,,,FOB Jakarta,FOB Jakarta,Indonesia,Jakarta,,2026-09-25,No,No,,,
LOREAL_GARNIER,430,PT. Surya Graha Pasaraya,P9217803,8992304017803,L'Oreal Paris,Dermo Expertise,LOR DEX REV DERM NIGHT CREAM 50ML,L'Oreal Paris Revitalift Derm Night Cream 50ml,,Toiletries,Women Skin Care,12 x 50ml,12 x 50ml,50ml,50.0,12,Jar,137.68,11.4733,USD,Per Case,5.0,144.56,12.05,USD 144.56,USD 144.56/case (12pk) · USD 12.05/unit,Enquire,,,FOB Jakarta,FOB Jakarta,Indonesia,Jakarta,,2026-09-25,No,No,,,
LOREAL_GARNIER,431,PT. Surya Graha Pasaraya,P9217810,8992304017810,L'Oreal Paris,Dermo Expertise,LOR DEX REV DERM EYE 15ML,L'Oreal Paris Revitalift Derm Eye 15ml,,Toiletries,Women Skin Care,12 x 15ml,12 x 15ml,15ml,15.0,12,Pump,97.97,8.164,USD,Per Case,5.0,102.87,8.57,USD 102.87,USD 102.87/case (12pk) · USD 8.57/unit,Enquire,,,FOB Jakarta,FOB Jakarta,Indonesia,Jakarta,,2026-09-25,No,No,,,
LOREAL_GARNIER,432,PT. Surya Graha Pasaraya,P9217827,8992304017827,L'Oreal Paris,Dermo Expertise,LOR DEX REV DERM DAY CREAM 50ML,L'Oreal Paris Revitalift Derm Day Cream 50ml,,Toiletries,Women Skin Care,12 x 50ml,12 x 50ml,50ml,50.0,12,Jar,137.68,11.4733,USD,Per Case,5.0,144.56,12.05,USD 144.56,USD 144.56/case (12pk) · USD 12.05/unit,Enquire,,,FOB Jakarta,FOB Jakarta,Indonesia,Jakarta,,2026-09-25,No,No,,,
LOREAL_GARNIER,435,PT. Surya Graha Pasaraya,P92D2162,8991380232162,L'Oreal Paris,Dermo Expertise,LOR DEX REV FOAMING GEL 100ML,L'Oreal Paris Revitalift Foaming Gel 100ml,,Toiletries,Women Skin Care,12 x 100ml,12 x 100ml,100ml,100.0,12,Tube,45.23,3.7694,USD,Per Case,5.0,47.49,3.96,USD 47.49,USD 47.49/case (12pk) · USD 3.96/unit,Enquire,,,FOB Jakarta,FOB Jakarta,Indonesia,Jakarta,,2026-09-25,No,No,,,
LOREAL_GARNIER,436,PT. Surya Graha Pasaraya,P9233237,8991380233237,L'Oreal Paris,Dermo Expertise,LOR DEX REV TONER 200ML,L'Oreal Paris Revitalift Toner 200ml,,Toiletries,Women Skin Care,12 x 200ml,12 x 200ml,200ml,200.0,12,Tube,74.89,6.241,USD,Per Case,5.0,78.64,6.55,USD 78.64,USD 78.64/case (12pk) · USD 6.55/unit,Enquire,,,FOB Jakarta,FOB Jakarta,Indonesia,Jakarta,,2026-09-25,No,No,,,
LOREAL_GARNIER,438,PT. Surya Graha Pasaraya,L27965,8994993027965,L'Oreal Paris,Dermo Expertise,LOR DEX UV AQUAFUSION 50ML,L'Oreal Paris Uv Aquafusion 50ml,,Toiletries,Women Skin Care,12 x 50ml,12 x 50ml,50ml,50.0,12,Bottle,89.76,7.4798,USD,Per Case,5.0,94.24,7.85,USD 94.24,USD 94.24/case (12pk) · USD 7.85/unit,Enquire,,,FOB Jakarta,FOB Jakarta,Indonesia,Jakarta,,2026-09-25,No,No,Produk baru Agustus 2025,,
LOREAL_GARNIER,439,PT. Surya Graha Pasaraya,L28009,8994993028009,L'Oreal Paris,Dermo Expertise,LOR DEX UV AQUAFUSION 30ML,L'Oreal Paris Uv Aquafusion 30ml,,Toiletries,Women Skin Care,24 x 30ml,24 x 30ml,30ml,30.0,24,Bottle,94.85,3.9522,USD,Per Case,5.0,99.6,4.15,USD 99.60,USD 99.60/case (24pk) · USD 4.15/unit,Enquire,,,FOB Jakarta,FOB Jakarta,Indonesia,Jakarta,,2026-09-25,No,No,Produk baru Agustus 2025,,
LOREAL_GARNIER,440,PT. Surya Graha Pasaraya,L20409,8994993020409,L'Oreal Paris,Dermo Expertise,LOR DEX UVD 30ML BRIGHT & CLEAR,L'Oreal Paris UV Defender 30ml Bright & Clear,,Toiletries,Women Skin Care,24 x 30ml,24 x 30ml,30ml,30.0,24,Tube,94.85,3.9522,USD,Per Case,5.0,99.6,4.15,USD 99.60,USD 99.60/case (24pk) · USD 4.15/unit,Enquire,,,FOB Jakarta,FOB Jakarta,Indonesia,Jakarta,,2026-09-25,No,No,,,
LOREAL_GARNIER,441,PT. Surya Graha Pasaraya,L20423,8994993020423,L'Oreal Paris,Dermo Expertise,LOR DEX UVD 30ML INV FLUID,L'Oreal Paris UV Defender 30ml INV Fluid,,Toiletries,Women Skin Care,24 x 30ml,24 x 30ml,30ml,30.0,24,Tube,94.85,3.9522,USD,Per Case,5.0,99.6,4.15,USD 99.60,USD 99.60/case (24pk) · USD 4.15/unit,Enquire,,,FOB Jakarta,FOB Jakarta,Indonesia,Jakarta,,2026-09-25,No,No,,name codes: INV,
LOREAL_GARNIER,442,PT. Surya Graha Pasaraya,L20416,8994993020416,L'Oreal Paris,Dermo Expertise,LOR DEX UVD 30ML MATTE & FRESH,L'Oreal Paris UV Defender 30ml Matte & Fresh,,Toiletries,Women Skin Care,24 x 30ml,24 x 30ml,30ml,30.0,24,Tube,94.85,3.9522,USD,Per Case,5.0,99.6,4.15,USD 99.60,USD 99.60/case (24pk) · USD 4.15/unit,Enquire,,,FOB Jakarta,FOB Jakarta,Indonesia,Jakarta,,2026-09-25,No,No,,,
LOREAL_GARNIER,443,PT. Surya Graha Pasaraya,L20836,8994993020836,L'Oreal Paris,Dermo Expertise,LOR DEX UV SERUM 30ML,L'Oreal Paris Uv Serum 30ml,,Toiletries,Women Skin Care,12 x 30ml,12 x 30ml,30ml,30.0,12,Tube,81.12,6.7601,USD,Per Case,5.0,85.18,7.1,USD 85.18,USD 85.18/case (12pk) · USD 7.10/unit,Enquire,,,FOB Jakarta,FOB Jakarta,Indonesia,Jakarta,,2026-09-25,No,No,,,
LOREAL_GARNIER,444,PT. Surya Graha Pasaraya,P9214651,8994993014651,L'Oreal Paris,Dermo Expertise,LOR DEX UVP DEFD BRIT CLEAR 15ML,L'Oreal Paris UV Perfect Defender Bright Clear 15ml,,Toiletries,Women Skin Care,24 x 15ml,24 x 15ml,15ml,15.0,24,Tube,43.6,1.8168,USD,Per Case,5.0,45.78,1.91,USD 45.78,USD 45.78/case (24pk) · USD 1.91/unit,Enquire,,,FOB Jakarta,FOB Jakarta,Indonesia,Jakarta,,2026-09-25,No,No,,,
LOREAL_GARNIER,445,PT. Surya Graha Pasaraya,P9214651V,8994993014651,L'Oreal Paris,Dermo Expertise,VS DEX UVP DEFD BRIT CLEAR 15ML+CRYSTAL 2ML,L'Oreal Paris Value Set UV Perfect Defender Bright Clear 15ml+Crystal 2ml,,Toiletries,Women Skin Care,24 x 15ml,24 x 15ml,15ml,15.0,24,Tube,43.6,1.8168,USD,Per Case,5.0,45.78,1.91,USD 45.78,USD 45.78/case (24pk) · USD 1.91/unit,Enquire,,,FOB Jakarta,FOB Jakarta,Indonesia,Jakarta,,2026-09-25,No,No,,bundle/value set - confirm what the case contains,
LOREAL_GARNIER,446,PT. Surya Graha Pasaraya,P9214699,8994993014699,L'Oreal Paris,Dermo Expertise,LOR DEX UVP DEFD MAT FRSH 15ML,L'Oreal Paris UV Perfect Defender Matte Fresh 15ml,,Toiletries,Women Skin Care,24 x 15ml,24 x 15ml,15ml,15.0,24,Tube,43.6,1.8168,USD,Per Case,5.0,45.78,1.91,USD 45.78,USD 45.78/case (24pk) · USD 1.91/unit,Enquire,,,FOB Jakarta,FOB Jakarta,Indonesia,Jakarta,,2026-09-25,No,No,,,
LOREAL_GARNIER,447,PT. Surya Graha Pasaraya,P9214699V,8994993014699,L'Oreal Paris,Dermo Expertise,VS UVP DEFD MAT FRSH 15ML+CRYSTAL 2ML,L'Oreal Paris Value Set UV Perfect Defender Matte Fresh 15ml+Crystal 2ml,,Toiletries,Women Skin Care,24 x 15ml,24 x 15ml,15ml,15.0,24,Tube,43.6,1.8168,USD,Per Case,5.0,45.78,1.91,USD 45.78,USD 45.78/case (24pk) · USD 1.91/unit,Enquire,,,FOB Jakarta,FOB Jakarta,Indonesia,Jakarta,,2026-09-25,No,No,,bundle/value set - confirm what the case contains,
LOREAL_GARNIER,448,PT. Surya Graha Pasaraya,L18086,8994993018086,L'Oreal Paris,Dermo Expertise,LOR DEX UVP DEFD SHAKA 50ML,L'Oreal Paris UV Perfect Defender Shaka 50ml,,Toiletries,Women Skin Care,12 x 50ml,12 x 50ml,50ml,50.0,12,Tube,89.76,7.4798,USD,Per Case,5.0,94.24,7.85,USD 94.24,USD 94.24/case (12pk) · USD 7.85/unit,Enquire,,,FOB Jakarta,FOB Jakarta,Indonesia,Jakarta,,2026-09-25,No,No,,,
LOREAL_GARNIER,449,PT. Surya Graha Pasaraya,P9214705,8994993014705,L'Oreal Paris,Dermo Expertise,LOR DEX UVP DEFD MAT FRSH 50ML,L'Oreal Paris UV Perfect Defender Matte Fresh 50ml,,Toiletries,Women Skin Care,12 x 50ml,12 x 50ml,50ml,50.0,12,Tube,89.76,7.4798,USD,Per Case,5.0,94.24,7.85,USD 94.24,USD 94.24/case (12pk) · USD 7.85/unit,Enquire,,,FOB Jakarta,FOB Jakarta,Indonesia,Jakarta,,2026-09-25,No,No,,,
LOREAL_GARNIER,450,PT. Surya Graha Pasaraya,P9214743,8994993014743,L'Oreal Paris,Dermo Expertise,LOR DEX UVP DEFD MOIST FRSH 50ML,L'Oreal Paris UV Perfect Defender Moist Fresh 50ml,,Toiletries,Women Skin Care,12 x 50ml,12 x 50ml,50ml,50.0,12,Tube,89.76,7.4798,USD,Per Case,5.0,94.24,7.85,USD 94.24,USD 94.24/case (12pk) · USD 7.85/unit,Enquire,,,FOB Jakarta,FOB Jakarta,Indonesia,Jakarta,,2026-09-25,No,No,,,
LOREAL_GARNIER,451,PT. Surya Graha Pasaraya,P9214668,8994993014668,L'Oreal Paris,Dermo Expertise,LOR DEX UVP DEFD BRIT CLEAR 50ML,L'Oreal Paris UV Perfect Defender Bright Clear 50ml,,Toiletries,Women Skin Care,12 x 50ml,12 x 50ml,50ml,50.0,12,Tube,89.76,7.4798,USD,Per Case,5.0,94.24,7.85,USD 94.24,USD 94.24/case (12pk) · USD 7.85/unit,Enquire,,,FOB Jakarta,FOB Jakarta,Indonesia,Jakarta,,2026-09-25,No,No,,,
LOREAL_GARNIER,452,PT. Surya Graha Pasaraya,P921468A,8994993014682,L'Oreal Paris,Dermo Expertise,LOR DEX UVP DEFD CORCT PROTCT 50ML,L'Oreal Paris UV Perfect Defender Correct Protect 50ml,,Toiletries,Women Skin Care,12 x 50ml,12 x 50ml,50ml,50.0,12,Tube,89.76,7.4798,USD,Per Case,5.0,94.24,7.85,USD 94.24,USD 94.24/case (12pk) · USD 7.85/unit,Enquire,,,FOB Jakarta,FOB Jakarta,Indonesia,Jakarta,,2026-09-25,No,No,,,
LOREAL_GARNIER,456,PT. Surya Graha Pasaraya,P9233053,8991380233053,L'Oreal Paris,Dermo Expertise,LOR DEX GENTLE LIP&EYE MU REMOVER 125ML,L'Oreal Paris Gentle Lip&Eye Remover 125ml,,Toiletries,Women Skin Care,12 x 125ml,12 x 125ml,125ml,125.0,12,Bottle,80.84,6.7365,USD,Per Case,5.0,84.88,7.07,USD 84.88,USD 84.88/case (12pk) · USD 7.07/unit,Enquire,,,FOB Jakarta,FOB Jakarta,Indonesia,Jakarta,,2026-09-25,No,No,,,
LOREAL_GARNIER,457,PT. Surya Graha Pasaraya,P9233213,8991380233213,L'Oreal Paris,Dermo Expertise,LOR DEX GENTLE CLEANSING MILK 200ML,L'Oreal Paris Gentle Cleansing Milk 200ml,,Toiletries,Women Skin Care,12 x 200ml,12 x 200ml,200ml,200.0,12,Tube,70.93,5.9107,USD,Per Case,5.0,74.47,6.21,USD 74.47,USD 74.47/case (12pk) · USD 6.21/unit,Enquire,,,FOB Jakarta,FOB Jakarta,Indonesia,Jakarta,,2026-09-25,No,No,,,
LOREAL_GARNIER,459,PT. Surya Graha Pasaraya,P9282078,8992304082078,L'Oreal Paris,Dermo Expertise,LOR DEX WP WHIP FOAM 100ML,L'Oreal Paris White Perfect Whip Foam 100ml,,Toiletries,Women Skin Care,12 x 100ml,12 x 100ml,100ml,100.0,12,Tube,39.0,3.2503,USD,Per Case,5.0,40.95,3.41,USD 40.95,USD 40.95/case (12pk) · USD 3.41/unit,Enquire,,,FOB Jakarta,FOB Jakarta,Indonesia,Jakarta,,2026-09-25,No,No,Perubahan harga per Februari 2025,,
LOREAL_GARNIER,460,PT. Surya Graha Pasaraya,P9237788,8992304037788,L'Oreal Paris,Dermo Expertise,LOR DEX WP LASER PWR NIGHT CRE 50ML,L'Oreal Paris White Perfect Laser Power Night Cream 50ml,,Toiletries,Women Skin Care,12 x 50ml,12 x 50ml,50ml,50.0,12,Jar,132.37,11.0309,USD,Per Case,5.0,138.99,11.58,USD 138.99,USD 138.99/case (12pk) · USD 11.58/unit,Enquire,,,FOB Jakarta,FOB Jakarta,Indonesia,Jakarta,,2026-09-25,No,No,Perubahan harga per Februari 2025,,
LOREAL_GARNIER,461,PT. Surya Graha Pasaraya,P9247106,6955818247106,L'Oreal Paris,Dermo Expertise,LOR DEX WP LASER WHITE ESSENCE 30ML,L'Oreal Paris White Perfect Laser White Essence 30ml,,Toiletries,Women Skin Care,12 x 30ml,12 x 30ml,30ml,30.0,12,Bottle,167.55,13.9626,USD,Per Case,5.0,175.93,14.66,USD 175.93,USD 175.93/case (12pk) · USD 14.66/unit,Enquire,,,FOB Jakarta,FOB Jakarta,Indonesia,Jakarta,,2026-09-25,No,No,Perubahan harga per Februari 2025,,
LOREAL_GARNIER,462,PT. Surya Graha Pasaraya,P9274027,6955818274027,L'Oreal Paris,Dermo Expertise,LOR DEX WP ESSENCE LOTION 175ML,L'Oreal Paris White Perfect Essence Lotion 175ml,,Toiletries,Women Skin Care,12 x 175ml,12 x 175ml,175ml,175.0,12,Bottle,155.59,12.9657,USD,Per Case,5.0,163.37,13.61,USD 163.37,USD 163.37/case (12pk) · USD 13.61/unit,Enquire,,,FOB Jakarta,FOB Jakarta,Indonesia,Jakarta,,2026-09-25,No,No,,,
LOREAL_GARNIER,463,PT. Surya Graha Pasaraya,P9201192,8992304001192,L'Oreal Paris,Dermo Expertise,LOR DEX WP SCRUB FOAM 100ML,L'Oreal Paris White Perfect Scrub Foam 100ml,,Toiletries,Women Skin Care,12 x 100ml,12 x 100ml,100ml,100.0,12,Tube,35.53,2.9612,USD,Per Case,5.0,37.31,3.11,USD 37.31,USD 37.31/case (12pk) · USD 3.11/unit,Enquire,,,FOB Jakarta,FOB Jakarta,Indonesia,Jakarta,,2026-09-25,No,No,Perubahan harga per Januari 2025,,
LOREAL_GARNIER,466,PT. Surya Graha Pasaraya,P9213126,8992304013126,L'Oreal Paris,Dermo Expertise,LOR DEX WP DAY MEL.VNSH SPF17 50ML,L'Oreal Paris White Perfect Day Mel.Vnsh SPF17 50ml,,Toiletries,Women Skin Care,12 x 50ml,12 x 50ml,50ml,50.0,12,Jar,118.07,9.8393,USD,Per Case,5.0,123.98,10.33,USD 123.98,USD 123.98/case (12pk) · USD 10.33/unit,Enquire,,,FOB Jakarta,FOB Jakarta,Indonesia,Jakarta,,2026-09-25,No,No,Perubahan harga per Februari 2025,,
LOREAL_GARNIER,467,PT. Surya Graha Pasaraya,P9214406,8992304014406,L'Oreal Paris,Dermo Expertise,LOR DEX WP DAY MEL.VNSH SPF17 20ML,L'Oreal Paris White Perfect Day Mel.Vnsh SPF17 20ml,,Toiletries,Women Skin Care,24 x 20ml,24 x 20ml,20ml,20.0,24,Jar,60.73,2.5306,USD,Per Case,5.0,63.77,2.66,USD 63.77,USD 63.77/case (24pk) · USD 2.66/unit,Enquire,,,FOB Jakarta,FOB Jakarta,Indonesia,Jakarta,,2026-09-25,No,No,,,
LOREAL_GARNIER,468,PT. Surya Graha Pasaraya,P9221074,8991380221074,L'Oreal Paris,Dermo Expertise,LOR DEX WP NIGHT CREAM 50ML,L'Oreal Paris White Perfect Night Cream 50ml,,Toiletries,Women Skin Care,12 x 50ml,12 x 50ml,50ml,50.0,12,Jar,120.34,10.0281,USD,Per Case,5.0,126.35,10.53,USD 126.35,USD 126.35/case (12pk) · USD 10.53/unit,Enquire,,,FOB Jakarta,FOB Jakarta,Indonesia,Jakarta,,2026-09-25,No,No,Perubahan harga per Februari 2025,,
LOREAL_GARNIER,471,PT. Surya Graha Pasaraya,P9224467,8992304024467,L'Oreal Paris,Dermo Expertise,LOR DEX WP LASER PWR DAY CR SPF19 50ML,L'Oreal Paris White Perfect Laser Power Day Cream SPF19 50ml,,Toiletries,Women Skin Care,12 x 50ml,12 x 50ml,50ml,50.0,12,Jar,140.37,11.6974,USD,Per Case,5.0,147.39,12.28,USD 147.39,USD 147.39/case (12pk) · USD 12.28/unit,Enquire,,,FOB Jakarta,FOB Jakarta,Indonesia,Jakarta,,2026-09-25,No,No,Perubahan harga per Februari 2025,,
LOREAL_GARNIER,473,PT. Surya Graha Pasaraya,P9232261,8991380232261,L'Oreal Paris,Dermo Expertise,LOR DEX WP FOAM 50ML,L'Oreal Paris White Perfect Foam 50ml,,Toiletries,Women Skin Care,24 x 50ml,24 x 50ml,50ml,50.0,24,Tube,41.48,1.7284,USD,Per Case,5.0,43.55,1.81,USD 43.55,USD 43.55/case (24pk) · USD 1.81/unit,Enquire,,,FOB Jakarta,FOB Jakarta,Indonesia,Jakarta,,2026-09-25,No,No,Perubahan harga per Februari 2025,,
LOREAL_GARNIER,488,PT. Surya Graha Pasaraya,L26913,8994993026913,L'Oreal Paris,Dermo Expertise,LOR DEX GLYCO DARK SPOT UV SPF50 50ML EBT,L'Oreal Paris Glycolic Dark Spot Uv SPF50 50ml,,Toiletries,Women Skin Care,126 x 50ml,126 x 50ml,50ml,50.0,126,Bottle,942.45,7.4798,USD,Per Case,5.0,989.57,7.85,USD 989.57,USD 989.57/case (126pk) · USD 7.85/unit,Enquire,,,FOB Jakarta,FOB Jakarta,Indonesia,Jakarta,,2026-09-25,No,No,,,
LOREAL_GARNIER,492,PT. Surya Graha Pasaraya,L32431,8992304032431,L'Oreal Paris,Men Expertise,LOR MEX WA RED VOLCANO FOAM 100ML,L'Oreal Paris Men Expert White Activ Red Volcano Foam 100ml,,Toiletries,Men Skin Care,12 x 100ml,12 x 100ml,100ml,100.0,12,Tube,28.95,2.4126,USD,Per Case,5.0,30.4,2.53,USD 30.40,USD 30.40/case (12pk) · USD 2.53/unit,Enquire,,,FOB Jakarta,FOB Jakarta,Indonesia,Jakarta,,2026-09-25,No,No,,,
LOREAL_GARNIER,495,PT. Surya Graha Pasaraya,L09679,8992304009679,L'Oreal Paris,Men Expertise,LOR MEX WA OIL CON.DEEP CL FOAM 100ML,L'Oreal Paris Men Expert White Activ Oil Con.Deep CL Foam 100ml,,Toiletries,Men Skin Care,12 x 100ml,12 x 100ml,100ml,100.0,12,Tube,28.95,2.4126,USD,Per Case,5.0,30.4,2.53,USD 30.40,USD 30.40/case (12pk) · USD 2.53/unit,Enquire,,,FOB Jakarta,FOB Jakarta,Indonesia,Jakarta,,2026-09-25,No,No,,name codes: CL,
LOREAL_GARNIER,496,PT. Surya Graha Pasaraya,L09709,8992304009709,L'Oreal Paris,Men Expertise,LOR MEX WA OIL CON.GEL CR.50ML,L'Oreal Paris Men Expert White Activ Oil Con.Gel Cr.50ml,,Toiletries,Men Skin Care,12 x 50ml,12 x 50ml,50ml,50.0,12,Tube,69.87,5.8222,USD,Per Case,5.0,73.36,6.11,USD 73.36,USD 73.36/case (12pk) · USD 6.11/unit,Enquire,,,FOB Jakarta,FOB Jakarta,Indonesia,Jakarta,,2026-09-25,No,No,,,
LOREAL_GARNIER,499,PT. Surya Graha Pasaraya,L32131,8991380232131,L'Oreal Paris,Men Expertise,LOR MEX WA BRIGHTENING FOAM 100ML,L'Oreal Paris Men Expert White Activ Brightening Foam 100ml,,Toiletries,Men Skin Care,12 x 100ml,12 x 100ml,100ml,100.0,12,Tube,28.95,2.4126,USD,Per Case,5.0,30.4,2.53,USD 30.40,USD 30.40/case (12pk) · USD 2.53/unit,Enquire,,,FOB Jakarta,FOB Jakarta,Indonesia,Jakarta,,2026-09-25,No,No,,,
LOREAL_GARNIER,501,PT. Surya Graha Pasaraya,L25518,8992304025518,L'Oreal Paris,Men Expertise,LOR MEX P&M CHARCOAL BLACK SCRUB 100ML,L'Oreal Paris Men Expert P&M Charcoal Black Scrub 100ml,,Toiletries,Men Skin Care,12 x 100ml,12 x 100ml,100ml,100.0,12,Tube,28.95,2.4126,USD,Per Case,5.0,30.4,2.53,USD 30.40,USD 30.40/case (12pk) · USD 2.53/unit,Enquire,,,FOB Jakarta,FOB Jakarta,Indonesia,Jakarta,,2026-09-25,No,No,,,
LOREAL_GARNIER,502,PT. Surya Graha Pasaraya,L25556,8992304025556,L'Oreal Paris,Men Expertise,LOR MEX P&M CHARCOAL BLACK FOAM 100ML,L'Oreal Paris Men Expert P&M Charcoal Black Foam 100ml,,Toiletries,Men Skin Care,12 x 100ml,12 x 100ml,100ml,100.0,12,Tube,28.95,2.4126,USD,Per Case,5.0,30.4,2.53,USD 30.40,USD 30.40/case (12pk) · USD 2.53/unit,Enquire,,,FOB Jakarta,FOB Jakarta,Indonesia,Jakarta,,2026-09-25,No,No,,,
LOREAL_GARNIER,510,PT. Surya Graha Pasaraya,L34534,8992304034534,L'Oreal Paris,Men Expertise,LOR MEX HYD ENGTC TRANSP GEL 100ML,L'Oreal Paris Men Expert Hydra Engtc Transp Gel 100ml,,Toiletries,Men Skin Care,12 x 100ml,12 x 100ml,100ml,100.0,12,Tube,28.95,2.4126,USD,Per Case,5.0,30.4,2.53,USD 30.40,USD 30.40/case (12pk) · USD 2.53/unit,Enquire,,,FOB Jakarta,FOB Jakarta,Indonesia,Jakarta,,2026-09-25,No,No,,,
LOREAL_GARNIER,512,PT. Surya Graha Pasaraya,L02830,8992304002830,L'Oreal Paris,Men Expertise,LOR MEX VITALIFT FOAM 100ML,L'Oreal Paris Men Expert Vitalift Foam 100ml,,Toiletries,Men Skin Care,12 x 100ml,12 x 100ml,100ml,100.0,12,Tube,39.0,3.2503,USD,Per Case,5.0,40.95,3.41,USD 40.95,USD 40.95/case (12pk) · USD 3.41/unit,Enquire,,,FOB Jakarta,FOB Jakarta,Indonesia,Jakarta,,2026-09-25,No,No,,,
LOREAL_GARNIER,517,PT. Surya Graha Pasaraya,L51014,4891661051014,L'Oreal Paris,Studio Line,LOR SL INDESTRUCTIBLE GEL 150ML,L'Oreal Paris Studio Line Indestructible Gel 150ml,,Toiletries,Hair Styling,12 x 150ml,12 x 150ml,150ml,150.0,12,Tube,53.59,4.4654,USD,Per Case,5.0,56.26,4.69,USD 56.26,USD 56.26/case (12pk) · USD 4.69/unit,Enquire,,,FOB Jakarta,FOB Jakarta,Indonesia,Jakarta,,2026-09-25,No,No,,,
LOREAL_GARNIER,518,PT. Surya Graha Pasaraya,L08064,3600010008064,L'Oreal Paris,Studio Line,LOR SL MINERAL FXGEL NORM STRENGTH 150ML,L'Oreal Paris Studio Line Mineral Fxgel NORM Strength 150ml,,Toiletries,Hair Styling,12 x 150ml,12 x 150ml,150ml,150.0,12,Tube,53.59,4.4654,USD,Per Case,5.0,56.26,4.69,USD 56.26,USD 56.26/case (12pk) · USD 4.69/unit,Enquire,,,FOB Jakarta,FOB Jakarta,Indonesia,Jakarta,,2026-09-25,No,No,,name codes: NORM,
LOREAL_GARNIER,519,PT. Surya Graha Pasaraya,L52169,5011408052169,L'Oreal Paris,Studio Line,LOR SL MINERAL FXGEL XTRA STRENGTH 150ML,L'Oreal Paris Studio Line Mineral Fxgel XTRA Strength 150ml,,Toiletries,Hair Styling,12 x 150ml,12 x 150ml,150ml,150.0,12,Tube,53.59,4.4654,USD,Per Case,5.0,56.26,4.69,USD 56.26,USD 56.26/case (12pk) · USD 4.69/unit,Enquire,,,FOB Jakarta,FOB Jakarta,Indonesia,Jakarta,,2026-09-25,No,No,,name codes: XTRA,
LOREAL_GARNIER,524,PT. Surya Graha Pasaraya,L36015,3061375036015,L'Oreal Paris,Studio Line,LOR SL PURE WET LOOK GEL 150ML,L'Oreal Paris Studio Line Pure WET LOOK Gel 150ml,,Toiletries,Hair Styling,12 x 150ml,12 x 150ml,150ml,150.0,12,Tube,53.59,4.4654,USD,Per Case,5.0,56.26,4.69,USD 56.26,USD 56.26/case (12pk) · USD 4.69/unit,Enquire,,,FOB Jakarta,FOB Jakarta,Indonesia,Jakarta,,2026-09-25,No,No,,"name codes: LOOK, WET",
LOREAL_GARNIER,526,PT. Surya Graha Pasaraya,L62311,5011408062311,L'Oreal Paris,Studio Line,LOR SL FX REMIX 150ML,L'Oreal Paris Studio Line FX Remix 150ml,,Toiletries,Hair Styling,12 x 150ml,12 x 150ml,150ml,150.0,12,Tube,53.59,4.4654,USD,Per Case,5.0,56.26,4.69,USD 56.26,USD 56.26/case (12pk) · USD 4.69/unit,Enquire,,,FOB Jakarta,FOB Jakarta,Indonesia,Jakarta,,2026-09-25,No,No,,name codes: FX,
LOREAL_GARNIER,532,PT. Surya Graha Pasaraya,L85177,6923700985177,L'Oreal Paris,Excellence,LOR EXC BLEACH EBT,L'Oreal Paris Excellence Bleach,,Toiletries,Hair Color,12,12 x box,,,12,Box,96.91,8.0755,USD,Per Case,5.0,101.75,8.48,USD 101.75,USD 101.75/case (12pk) · USD 8.48/unit,Enquire,,,FOB Jakarta,FOB Jakarta,Indonesia,Jakarta,,2026-09-25,No,No,Perubahan harga per Februari 2025,no unit size on the supplier line,
LOREAL_GARNIER,533,PT. Surya Graha Pasaraya,L34380,6923700934380,L'Oreal Paris,Excellence,LOR EXC FASHION 7.17 MATT ASH,L'Oreal Paris Excellence Fashion 7.17 MATT Ash,,Toiletries,Hair Color,12,12 x box,,,12,Box,96.91,8.0755,USD,Per Case,5.0,101.75,8.48,USD 101.75,USD 101.75/case (12pk) · USD 8.48/unit,Enquire,,,FOB Jakarta,FOB Jakarta,Indonesia,Jakarta,,2026-09-25,No,No,Perubahan harga per Februari 2025,no unit size on the supplier line; name codes: MATT,
LOREAL_GARNIER,534,PT. Surya Graha Pasaraya,L85726,6923700985726,L'Oreal Paris,Excellence,LOR EXC FASHION ASH 6.12 EBT,L'Oreal Paris Excellence Fashion Ash 6.12,,Toiletries,Hair Color,12,12 x box,,,12,Box,96.91,8.0755,USD,Per Case,5.0,101.75,8.48,USD 101.75,USD 101.75/case (12pk) · USD 8.48/unit,Enquire,,,FOB Jakarta,FOB Jakarta,Indonesia,Jakarta,,2026-09-25,No,No,Perubahan harga per Februari 2025,no unit size on the supplier line,
LOREAL_GARNIER,535,PT. Surya Graha Pasaraya,L85757,6923700985757,L'Oreal Paris,Excellence,LOR EXC FASHION ASH 6.11 EBT,L'Oreal Paris Excellence Fashion Ash 6.11,,Toiletries,Hair Color,12,12 x box,,,12,Box,96.91,8.0755,USD,Per Case,5.0,101.75,8.48,USD 101.75,USD 101.75/case (12pk) · USD 8.48/unit,Enquire,,,FOB Jakarta,FOB Jakarta,Indonesia,Jakarta,,2026-09-25,No,No,Perubahan harga per Februari 2025,no unit size on the supplier line,
LOREAL_GARNIER,536,PT. Surya Graha Pasaraya,L34403,6923700934403,L'Oreal Paris,Excellence,LOR EXC FASHION 9.11 MODERATE ASH,L'Oreal Paris Excellence Fashion 9.11 Moderate Ash,,Toiletries,Hair Color,12,12 x box,,,12,Box,96.91,8.0755,USD,Per Case,5.0,101.75,8.48,USD 101.75,USD 101.75/case (12pk) · USD 8.48/unit,Enquire,,,FOB Jakarta,FOB Jakarta,Indonesia,Jakarta,,2026-09-25,No,No,Perubahan harga per Februari 2025,no unit size on the supplier line,
LOREAL_GARNIER,537,PT. Surya Graha Pasaraya,L16768,6955818216768,L'Oreal Paris,Excellence,LOR EXC FASHION - #6.13 GOLD NUDE,L'Oreal Paris Excellence Fashion - #6.13 Gold Nude,,Toiletries,Hair Color,12,12 x box,,,12,Box,96.91,8.0755,USD,Per Case,5.0,101.75,8.48,USD 101.75,USD 101.75/case (12pk) · USD 8.48/unit,Enquire,,,FOB Jakarta,FOB Jakarta,Indonesia,Jakarta,,2026-09-25,No,No,Perubahan harga per Februari 2025,no unit size on the supplier line; duplicate line in the supplier list (2x),
LOREAL_GARNIER,538,PT. Surya Graha Pasaraya,L65490,6955818265490,L'Oreal Paris,Excellence,LOR EXC FASHION - #6.34 AUBURN,L'Oreal Paris Excellence Fashion - #6.34 Auburn,,Toiletries,Hair Color,12,12 x box,,,12,Box,96.91,8.0755,USD,Per Case,5.0,101.75,8.48,USD 101.75,USD 101.75/case (12pk) · USD 8.48/unit,Enquire,,,FOB Jakarta,FOB Jakarta,Indonesia,Jakarta,,2026-09-25,No,No,Perubahan harga per Februari 2025,no unit size on the supplier line,
LOREAL_GARNIER,539,PT. Surya Graha Pasaraya,L87428A,6928820087428,L'Oreal Paris,Excellence,LOR EXC FASHION 6.31 EBT,L'Oreal Paris Excellence Fashion 6.31,,Toiletries,Hair Color,12,12 x box,,,12,Box,96.91,8.0755,USD,Per Case,5.0,101.75,8.48,USD 101.75,USD 101.75/case (12pk) · USD 8.48/unit,Enquire,,,FOB Jakarta,FOB Jakarta,Indonesia,Jakarta,,2026-09-25,No,No,Perubahan harga per Februari 2025,no unit size on the supplier line,
LOREAL_GARNIER,540,PT. Surya Graha Pasaraya,L87428,6928820087428,L'Oreal Paris,Excellence,LOR EXC FASHION ULTRA LIGHT 03,L'Oreal Paris Excellence Fashion Ultra Light 03,,Toiletries,Hair Color,12,12 x box,,,12,Box,96.91,8.0755,USD,Per Case,5.0,101.75,8.48,USD 101.75,USD 101.75/case (12pk) · USD 8.48/unit,Enquire,,,FOB Jakarta,FOB Jakarta,Indonesia,Jakarta,,2026-09-25,No,No,Perubahan harga per Februari 2025,no unit size on the supplier line,
LOREAL_GARNIER,541,PT. Surya Graha Pasaraya,L87435A,6928820087435,L'Oreal Paris,Excellence,LOR EXC FASHION 6.45 EBT,L'Oreal Paris Excellence Fashion 6.45,,Toiletries,Hair Color,12,12 x box,,,12,Box,96.91,8.0755,USD,Per Case,5.0,101.75,8.48,USD 101.75,USD 101.75/case (12pk) · USD 8.48/unit,Enquire,,,FOB Jakarta,FOB Jakarta,Indonesia,Jakarta,,2026-09-25,No,No,Perubahan harga per Februari 2025,no unit size on the supplier line,
LOREAL_GARNIER,542,PT. Surya Graha Pasaraya,L87435,6928820087435,L'Oreal Paris,Excellence,LOR EXC FASHION ULTRA LIGHT 02,L'Oreal Paris Excellence Fashion Ultra Light 02,,Toiletries,Hair Color,12,12 x box,,,12,Box,96.91,8.0755,USD,Per Case,5.0,101.75,8.48,USD 101.75,USD 101.75/case (12pk) · USD 8.48/unit,Enquire,,,FOB Jakarta,FOB Jakarta,Indonesia,Jakarta,,2026-09-25,No,No,Perubahan harga per Februari 2025,no unit size on the supplier line,
LOREAL_GARNIER,543,PT. Surya Graha Pasaraya,L87442A,6928820087442,L'Oreal Paris,Excellence,LOR EXC FASHION 6.35 EBT,L'Oreal Paris Excellence Fashion 6.35,,Toiletries,Hair Color,12,12 x box,,,12,Box,96.91,8.0755,USD,Per Case,5.0,101.75,8.48,USD 101.75,USD 101.75/case (12pk) · USD 8.48/unit,Enquire,,,FOB Jakarta,FOB Jakarta,Indonesia,Jakarta,,2026-09-25,No,No,Perubahan harga per Februari 2025,no unit size on the supplier line,
LOREAL_GARNIER,544,PT. Surya Graha Pasaraya,L87442,6928820087442,L'Oreal Paris,Excellence,LOR EXC FASHION ULTRA LIGHT 01,L'Oreal Paris Excellence Fashion Ultra Light 01,,Toiletries,Hair Color,12,12 x box,,,12,Box,96.91,8.0755,USD,Per Case,5.0,101.75,8.48,USD 101.75,USD 101.75/case (12pk) · USD 8.48/unit,Enquire,,,FOB Jakarta,FOB Jakarta,Indonesia,Jakarta,,2026-09-25,No,No,Perubahan harga per Februari 2025,no unit size on the supplier line,
LOREAL_GARNIER,546,PT. Surya Graha Pasaraya,L00154,8850434200154,L'Oreal Paris,Excellence,LOR EXC CREME - #1 NATURAL BLACK,L'Oreal Paris Excellence Creme - #1 Natural Black,,Toiletries,Hair Color,12,12 x box,,,12,Box,86.71,7.2261,USD,Per Case,5.0,91.05,7.59,USD 91.05,USD 91.05/case (12pk) · USD 7.59/unit,Enquire,,,FOB Jakarta,FOB Jakarta,Indonesia,Jakarta,,2026-09-25,No,No,Perubahan harga per Februari 2025,no unit size on the supplier line,
LOREAL_GARNIER,547,PT. Surya Graha Pasaraya,L00154V,8850434200154,L'Oreal Paris,Excellence,BDL EXC 01 + CP SHP 330,L'Oreal Paris Bundle Excellence 01 + Color Protect Shampoo 330,,Toiletries,Hair Color,12,12 x box,,,12,Box,86.71,7.2261,USD,Per Case,5.0,91.05,7.59,USD 91.05,USD 91.05/case (12pk) · USD 7.59/unit,Enquire,,,FOB Jakarta,FOB Jakarta,Indonesia,Jakarta,,2026-09-25,No,No,Perubahan harga per Februari 2025,no unit size on the supplier line; bundle/value set - confirm what the case contains,
LOREAL_GARNIER,548,PT. Surya Graha Pasaraya,L00178,8850434200178,L'Oreal Paris,Excellence,LOR EXC CREME - #3 NATURAL DARK BROWN,L'Oreal Paris Excellence Creme - #3 Natural Dark Brown,,Toiletries,Hair Color,12,12 x box,,,12,Box,86.71,7.2261,USD,Per Case,5.0,91.05,7.59,USD 91.05,USD 91.05/case (12pk) · USD 7.59/unit,Enquire,,,FOB Jakarta,FOB Jakarta,Indonesia,Jakarta,,2026-09-25,No,No,Perubahan harga per Februari 2025,no unit size on the supplier line,
LOREAL_GARNIER,549,PT. Surya Graha Pasaraya,L00178V,8850434200178,L'Oreal Paris,Excellence,BDL EXC 03 + CP SHP 330,L'Oreal Paris Bundle Excellence 03 + Color Protect Shampoo 330,,Toiletries,Hair Color,12,12 x box,,,12,Box,86.71,7.2261,USD,Per Case,5.0,91.05,7.59,USD 91.05,USD 91.05/case (12pk) · USD 7.59/unit,Enquire,,,FOB Jakarta,FOB Jakarta,Indonesia,Jakarta,,2026-09-25,No,No,Perubahan harga per Februari 2025,no unit size on the supplier line; bundle/value set - confirm what the case contains,
LOREAL_GARNIER,550,PT. Surya Graha Pasaraya,L00215,8850434200215,L'Oreal Paris,Excellence,LOR EXC CREME - #4 NATURAL BROWN,L'Oreal Paris Excellence Creme - #4 Natural Brown,,Toiletries,Hair Color,12,12 x box,,,12,Box,86.71,7.2261,USD,Per Case,5.0,91.05,7.59,USD 91.05,USD 91.05/case (12pk) · USD 7.59/unit,Enquire,,,FOB Jakarta,FOB Jakarta,Indonesia,Jakarta,,2026-09-25,No,No,Perubahan harga per Februari 2025,no unit size on the supplier line,
LOREAL_GARNIER,551,PT. Surya Graha Pasaraya,L00215V,8850434200215,L'Oreal Paris,Excellence,BDL EXC 04 + CP SHP 330,L'Oreal Paris Bundle Excellence 04 + Color Protect Shampoo 330,,Toiletries,Hair Color,12,12 x box,,,12,Box,86.71,7.2261,USD,Per Case,5.0,91.05,7.59,USD 91.05,USD 91.05/case (12pk) · USD 7.59/unit,Enquire,,,FOB Jakarta,FOB Jakarta,Indonesia,Jakarta,,2026-09-25,No,No,Perubahan harga per Februari 2025,no unit size on the supplier line; bundle/value set - confirm what the case contains,
LOREAL_GARNIER,552,PT. Surya Graha Pasaraya,L00239,8850434200239,L'Oreal Paris,Excellence,LOR EXC CREME-#4.2 PEARLY BROWN,L'Oreal Paris Excellence Creme-#4.2 Pearly Brown,,Toiletries,Hair Color,12,12 x box,,,12,Box,86.71,7.2261,USD,Per Case,5.0,91.05,7.59,USD 91.05,USD 91.05/case (12pk) · USD 7.59/unit,Enquire,,,FOB Jakarta,FOB Jakarta,Indonesia,Jakarta,,2026-09-25,No,No,Perubahan harga per Februari 2025,no unit size on the supplier line,
LOREAL_GARNIER,553,PT. Surya Graha Pasaraya,L00253,8850434200253,L'Oreal Paris,Excellence,LOR EXC CREME - #4.45 MAH COPPER BROWN,L'Oreal Paris Excellence Creme - #4.45 MAH Copper Brown,,Toiletries,Hair Color,12,12 x box,,,12,Box,86.71,7.2261,USD,Per Case,5.0,91.05,7.59,USD 91.05,USD 91.05/case (12pk) · USD 7.59/unit,Enquire,,,FOB Jakarta,FOB Jakarta,Indonesia,Jakarta,,2026-09-25,No,No,Perubahan harga per Februari 2025,no unit size on the supplier line; name codes: MAH,
LOREAL_GARNIER,554,PT. Surya Graha Pasaraya,L00260,8850434200260,L'Oreal Paris,Excellence,LOR EXC CREME - #5 NATURAL LIGHT BROWN,L'Oreal Paris Excellence Creme - #5 Natural Light Brown,,Toiletries,Hair Color,12,12 x box,,,12,Box,86.71,7.2261,USD,Per Case,5.0,91.05,7.59,USD 91.05,USD 91.05/case (12pk) · USD 7.59/unit,Enquire,,,FOB Jakarta,FOB Jakarta,Indonesia,Jakarta,,2026-09-25,No,No,Perubahan harga per Februari 2025,no unit size on the supplier line,
LOREAL_GARNIER,556,PT. Surya Graha Pasaraya,L04262,8991380404262,L'Oreal Paris,Excellence,LOR EXC CREME - #4.26 PURPLE BROWN,L'Oreal Paris Excellence Creme - #4.26 Purple Brown,,Toiletries,Hair Color,12,12 x box,,,12,Box,86.71,7.2261,USD,Per Case,5.0,91.05,7.59,USD 91.05,USD 91.05/case (12pk) · USD 7.59/unit,Enquire,,,FOB Jakarta,FOB Jakarta,Indonesia,Jakarta,,2026-09-25,No,No,Perubahan harga per Februari 2025,no unit size on the supplier line,
LOREAL_GARNIER,557,PT. Surya Graha Pasaraya,L05351,8991380405351,L'Oreal Paris,Excellence,LOR EXC CREME-#5.35 CHOCOLATE BROWN,L'Oreal Paris Excellence Creme-#5.35 Chocolate Brown,,Toiletries,Hair Color,12,12 x box,,,12,Box,86.71,7.2261,USD,Per Case,5.0,91.05,7.59,USD 91.05,USD 91.05/case (12pk) · USD 7.59/unit,Enquire,,,FOB Jakarta,FOB Jakarta,Indonesia,Jakarta,,2026-09-25,No,No,Perubahan harga per Februari 2025,no unit size on the supplier line,
LOREAL_GARNIER,562,PT. Surya Graha Pasaraya,L23926,6955818223926,L'Oreal Paris,Excellence,LOR EXC FASHION - #5.62 VIOL BROWN,L'Oreal Paris Excellence Fashion - #5.62 VIOL Brown,,Toiletries,Hair Color,12,12 x box,,,12,Box,96.91,8.0755,USD,Per Case,5.0,101.75,8.48,USD 101.75,USD 101.75/case (12pk) · USD 8.48/unit,Enquire,,,FOB Jakarta,FOB Jakarta,Indonesia,Jakarta,,2026-09-25,No,No,Perubahan harga per Februari 2025,no unit size on the supplier line; name codes: VIOL,
LOREAL_GARNIER,566,PT. Surya Graha Pasaraya,L90802,6938181590802,L'Oreal Paris,Excellence,LOR EXC CREME-#4.15 FROSTED BROWN,L'Oreal Paris Excellence Creme-#4.15 Frosted Brown,,Toiletries,Hair Color,12,12 x box,,,12,Box,86.71,7.2261,USD,Per Case,5.0,91.05,7.59,USD 91.05,USD 91.05/case (12pk) · USD 7.59/unit,Enquire,,,FOB Jakarta,FOB Jakarta,Indonesia,Jakarta,,2026-09-25,No,No,Perubahan harga per Februari 2025,no unit size on the supplier line,
LOREAL_GARNIER,567,PT. Surya Graha Pasaraya,L90819,6938181590819,L'Oreal Paris,Excellence,LOR EXC CREME-#4.25 MOKA BROWN,L'Oreal Paris Excellence Creme-#4.25 MOKA Brown,,Toiletries,Hair Color,12,12 x box,,,12,Box,86.71,7.2261,USD,Per Case,5.0,91.05,7.59,USD 91.05,USD 91.05/case (12pk) · USD 7.59/unit,Enquire,,,FOB Jakarta,FOB Jakarta,Indonesia,Jakarta,,2026-09-25,No,No,Perubahan harga per Februari 2025,no unit size on the supplier line; name codes: MOKA,
LOREAL_GARNIER,569,PT. Surya Graha Pasaraya,L90840,6938181590840,L'Oreal Paris,Excellence,LOR EXC CREME-#6.45 LIGHT AUBURN,L'Oreal Paris Excellence Creme-#6.45 Light Auburn,,Toiletries,Hair Color,12,12 x box,,,12,Box,86.71,7.2261,USD,Per Case,5.0,91.05,7.59,USD 91.05,USD 91.05/case (12pk) · USD 7.59/unit,Enquire,,,FOB Jakarta,FOB Jakarta,Indonesia,Jakarta,,2026-09-25,No,No,Perubahan harga per Februari 2025,no unit size on the supplier line,
LOREAL_GARNIER,570,PT. Surya Graha Pasaraya,L16768,6955818216768,L'Oreal Paris,Excellence,LOR EXC FASHION - #6.13 GOLD NUDE,L'Oreal Paris Excellence Fashion - #6.13 Gold Nude,,Toiletries,Hair Color,12,12 x box,,,12,Box,96.91,8.0755,USD,Per Case,5.0,101.75,8.48,USD 101.75,USD 101.75/case (12pk) · USD 8.48/unit,Enquire,,,FOB Jakarta,FOB Jakarta,Indonesia,Jakarta,,2026-09-25,No,No,Perubahan harga per Februari 2025,no unit size on the supplier line; duplicate line in the supplier list (2x),
LOREAL_GARNIER,578,PT. Surya Graha Pasaraya,L19076,8994993019076,L'Oreal Paris,Elseve,LOR ELS HYALURONIC CDR 280 ml AS,L'Oreal Paris Elseve Hyaluronic Conditioner 280ml,,Toiletries,Hair Care,12 x 280ml,12 x 280ml,280ml,280.0,12,Bottle,44.38,3.6986,USD,Per Case,5.0,46.6,3.88,USD 46.60,USD 46.60/case (12pk) · USD 3.88/unit,Enquire,,,FOB Jakarta,FOB Jakarta,Indonesia,Jakarta,,2026-09-25,No,No,,,
LOREAL_GARNIER,579,PT. Surya Graha Pasaraya,L19090,8994993019090,L'Oreal Paris,Elseve,LOR ELS HYALURONIC NC 150 ml AS,L'Oreal Paris Elseve Hyaluronic NC 150ml,,Toiletries,Hair Care,12 x 150ml,12 x 150ml,150ml,150.0,12,Bottle,37.16,3.0969,USD,Per Case,5.0,39.02,3.25,USD 39.02,USD 39.02/case (12pk) · USD 3.25/unit,Enquire,,,FOB Jakarta,FOB Jakarta,Indonesia,Jakarta,,2026-09-25,No,No,Perubahan harga per Februari 2025,name codes: NC,
LOREAL_GARNIER,580,PT. Surya Graha Pasaraya,L27033,8994993027033,L'Oreal Paris,Elseve,LOR ELS HA PURE SHP 280ML EBT,L'Oreal Paris Elseve Hyaluronic Pure Shampoo 280ml,,Toiletries,Hair Care,12 x 280ml,12 x 280ml,280ml,280.0,12,Bottle,44.38,3.6986,USD,Per Case,5.0,46.6,3.88,USD 46.60,USD 46.60/case (12pk) · USD 3.88/unit,Enquire,,,FOB Jakarta,FOB Jakarta,Indonesia,Jakarta,,2026-09-25,No,No,,,
LOREAL_GARNIER,581,PT. Surya Graha Pasaraya,L27118,8994993027118,L'Oreal Paris,Elseve,LOR ELS HA PURE CDR 265ML EBT,L'Oreal Paris Elseve Hyaluronic Pure Conditioner 265ml,,Toiletries,Hair Care,12 x 265ml,12 x 265ml,265ml,265.0,12,Bottle,44.38,3.6986,USD,Per Case,5.0,46.6,3.88,USD 46.60,USD 46.60/case (12pk) · USD 3.88/unit,Enquire,,,FOB Jakarta,FOB Jakarta,Indonesia,Jakarta,,2026-09-25,No,No,,,
LOREAL_GARNIER,582,PT. Surya Graha Pasaraya,L26999,8994993026999,L'Oreal Paris,Elseve,LOR ELS HA PURE SHP 400ML EBT,L'Oreal Paris Elseve Hyaluronic Pure Shampoo 400ml,,Toiletries,Hair Care,12 x 400ml,12 x 400ml,400ml,400.0,12,Bottle,53.59,4.4654,USD,Per Case,5.0,56.26,4.69,USD 56.26,USD 56.26/case (12pk) · USD 4.69/unit,Enquire,,,FOB Jakarta,FOB Jakarta,Indonesia,Jakarta,,2026-09-25,No,No,Produk baru Maret 2025,,
LOREAL_GARNIER,583,PT. Surya Graha Pasaraya,L19120,8994993019120,L'Oreal Paris,Elseve,LOR ELS HYALURONIC SHP 280 ml AS,L'Oreal Paris Elseve Hyaluronic Shampoo 280ml,,Toiletries,Hair Care,12 x 280ml,12 x 280ml,280ml,280.0,12,Bottle,44.38,3.6986,USD,Per Case,5.0,46.6,3.88,USD 46.60,USD 46.60/case (12pk) · USD 3.88/unit,Enquire,,,FOB Jakarta,FOB Jakarta,Indonesia,Jakarta,,2026-09-25,No,No,,,
LOREAL_GARNIER,584,PT. Surya Graha Pasaraya,L19137,8994993019137,L'Oreal Paris,Elseve,LOR ELS HYALURONIC SHP 400 ml AS,L'Oreal Paris Elseve Hyaluronic Shampoo 400ml,,Toiletries,Hair Care,12 x 400ml,12 x 400ml,400ml,400.0,12,Bottle,53.59,4.4654,USD,Per Case,5.0,56.26,4.69,USD 56.26,USD 56.26/case (12pk) · USD 4.69/unit,Enquire,,,FOB Jakarta,FOB Jakarta,Indonesia,Jakarta,,2026-09-25,No,No,Produk baru Maret 2025,,
LOREAL_GARNIER,585,PT. Surya Graha Pasaraya,L27613,8994993027613,L'Oreal Paris,Elseve,LOR ELS GLYCOLIC GLOSS SHP 400ML EBT,L'Oreal Paris Elseve Glycolic Gloss Shampoo 400ml,,Toiletries,Hair Care,12 x 400ml,12 x 400ml,400ml,400.0,12,Bottle,53.59,4.4654,USD,Per Case,5.0,56.26,4.69,USD 56.26,USD 56.26/case (12pk) · USD 4.69/unit,Enquire,,,FOB Jakarta,FOB Jakarta,Indonesia,Jakarta,,2026-09-25,No,No,Produk baru September 2025,,
LOREAL_GARNIER,586,PT. Surya Graha Pasaraya,L30705,8994993030705,L'Oreal Paris,Elseve,OAP ELS FRX3 CDR 175ML EBT,L'Oreal Paris Elseve Frx3 Conditioner 175ml,,Toiletries,Hair Care,24 x 175ml,24 x 175ml,175ml,175.0,24,Bottle,34.54,1.4393,USD,Per Case,5.0,36.27,1.51,USD 36.27,USD 36.27/case (24pk) · USD 1.51/unit,Enquire,,,FOB Jakarta,FOB Jakarta,Indonesia,Jakarta,,2026-09-25,No,No,Produk baru Oktober 2025,,
LOREAL_GARNIER,587,PT. Surya Graha Pasaraya,L63811,8901526663811,L'Oreal Paris,Elseve,OAP ELS HA PURE CDR 175ML EBT,L'Oreal Paris Elseve Hyaluronic Pure Conditioner 175ml,,Toiletries,Hair Care,24 x 175ml,24 x 175ml,175ml,175.0,24,Bottle,34.54,1.4393,USD,Per Case,5.0,36.27,1.51,USD 36.27,USD 36.27/case (24pk) · USD 1.51/unit,Enquire,,,FOB Jakarta,FOB Jakarta,Indonesia,Jakarta,,2026-09-25,No,No,Produk baru Oktober 2025,,
LOREAL_GARNIER,588,PT. Surya Graha Pasaraya,L63699,8901526663699,L'Oreal Paris,Elseve,LOR ELS TR5 SHP 200ML EBT,L'Oreal Paris Elseve Total Repair 5 Shampoo 200ml,,Toiletries,Hair Care,24 x 200ml,24 x 200ml,200ml,200.0,24,Bottle,34.54,1.4393,USD,Per Case,5.0,36.27,1.51,USD 36.27,USD 36.27/case (24pk) · USD 1.51/unit,Enquire,,,FOB Jakarta,FOB Jakarta,Indonesia,Jakarta,,2026-09-25,No,No,Produk baru November 2025,,
LOREAL_GARNIER,589,PT. Surya Graha Pasaraya,L63859,8901526663859,L'Oreal Paris,Elseve,LOR ELS HYA SHP 200ML EBT,L'Oreal Paris Elseve HYA Shampoo 200ml,,Toiletries,Hair Care,24 x 200ml,24 x 200ml,200ml,200.0,24,Bottle,34.54,1.4393,USD,Per Case,5.0,36.27,1.51,USD 36.27,USD 36.27/case (24pk) · USD 1.51/unit,Enquire,,,FOB Jakarta,FOB Jakarta,Indonesia,Jakarta,,2026-09-25,No,No,Produk baru November 2025,name codes: HYA,
LOREAL_GARNIER,590,PT. Surya Graha Pasaraya,L63736,8901526663736,L'Oreal Paris,Elseve,LOR ELS TR5 CDR 175ML EBT,L'Oreal Paris Elseve Total Repair 5 Conditioner 175ml,,Toiletries,Hair Care,24 x 175ml,24 x 175ml,175ml,175.0,24,Bottle,34.54,1.4393,USD,Per Case,5.0,36.27,1.51,USD 36.27,USD 36.27/case (24pk) · USD 1.51/unit,Enquire,,,FOB Jakarta,FOB Jakarta,Indonesia,Jakarta,,2026-09-25,No,No,Produk baru November 2025,,
LOREAL_GARNIER,591,PT. Surya Graha Pasaraya,L63897,8901526663897,L'Oreal Paris,Elseve,LOR ELS HYA CDR 175ML EBT,L'Oreal Paris Elseve HYA Conditioner 175ml,,Toiletries,Hair Care,24 x 175ml,24 x 175ml,175ml,175.0,24,Bottle,34.54,1.4393,USD,Per Case,5.0,36.27,1.51,USD 36.27,USD 36.27/case (24pk) · USD 1.51/unit,Enquire,,,FOB Jakarta,FOB Jakarta,Indonesia,Jakarta,,2026-09-25,No,No,Produk baru November 2025,name codes: HYA,
LOREAL_GARNIER,592,PT. Surya Graha Pasaraya,L72295,8901526672295,L'Oreal Paris,Elseve,OAP ELS GLYCO GLOSS CDR 175ML EBT,L'Oreal Paris Elseve Glycolic Gloss Conditioner 175ml,,Toiletries,Hair Care,24 x 175ml,24 x 175ml,175ml,175.0,24,Bottle,34.54,1.4393,USD,Per Case,5.0,36.27,1.51,USD 36.27,USD 36.27/case (24pk) · USD 1.51/unit,Enquire,,,FOB Jakarta,FOB Jakarta,Indonesia,Jakarta,,2026-09-25,No,No,Produk baru Oktober 2025,,
LOREAL_GARNIER,593,PT. Surya Graha Pasaraya,L30804,8994993030804,L'Oreal Paris,Elseve,OAP ELS FRX3 SHP 200ML EBT,L'Oreal Paris Elseve Frx3 Shampoo 200ml,,Toiletries,Hair Care,24 x 200ml,24 x 200ml,200ml,200.0,24,Bottle,34.54,1.4393,USD,Per Case,5.0,36.27,1.51,USD 36.27,USD 36.27/case (24pk) · USD 1.51/unit,Enquire,,,FOB Jakarta,FOB Jakarta,Indonesia,Jakarta,,2026-09-25,No,No,Produk baru Oktober 2025,,
LOREAL_GARNIER,594,PT. Surya Graha Pasaraya,L63774,8901526663774,L'Oreal Paris,Elseve,OAP ELS HA PURE SHP 200ML EBT,L'Oreal Paris Elseve Hyaluronic Pure Shampoo 200ml,,Toiletries,Hair Care,24 x 200ml,24 x 200ml,200ml,200.0,24,Bottle,34.54,1.4393,USD,Per Case,5.0,36.27,1.51,USD 36.27,USD 36.27/case (24pk) · USD 1.51/unit,Enquire,,,FOB Jakarta,FOB Jakarta,Indonesia,Jakarta,,2026-09-25,No,No,Produk baru Oktober 2025,,
LOREAL_GARNIER,595,PT. Surya Graha Pasaraya,L72257,8901526672257,L'Oreal Paris,Elseve,OAP ELS GLYCO GLOSS SHP 200ML EBT,L'Oreal Paris Elseve Glycolic Gloss Shampoo 200ml,,Toiletries,Hair Care,24 x 200ml,24 x 200ml,200ml,200.0,24,Bottle,34.54,1.4393,USD,Per Case,5.0,36.27,1.51,USD 36.27,USD 36.27/case (24pk) · USD 1.51/unit,Enquire,,,FOB Jakarta,FOB Jakarta,Indonesia,Jakarta,,2026-09-25,No,No,Produk baru Oktober 2025,,
LOREAL_GARNIER,596,PT. Surya Graha Pasaraya,L82296,6941594582296,L'Oreal Paris,Elseve,ELS RECHARGEABLE MASK 250ML CND,L'Oreal Paris Elseve Rechargeable Mask 250ml,,Toiletries,Hair Care,6 x 250ml,6 x 250ml,250ml,250.0,6,Bottle,38.01,6.3354,USD,Per Case,5.0,39.91,6.65,USD 39.91,USD 39.91/case (6pk) · USD 6.65/unit,Enquire,,,FOB Jakarta,FOB Jakarta,Indonesia,Jakarta,,2026-09-25,No,No,Produk baru Oktober 2025,,
LOREAL_GARNIER,597,PT. Surya Graha Pasaraya,L57628,8991380057628,L'Oreal Paris,Elseve,ELS RECHARGE MASK 250ML REFIL CND,L'Oreal Paris Elseve Recharge Mask 250ml Refil,,Toiletries,Hair Care,12 x 250ml,12 x 250ml,250ml,250.0,12,Bottle,60.73,5.0612,USD,Per Case,5.0,63.77,5.31,USD 63.77,USD 63.77/case (12pk) · USD 5.31/unit,Enquire,,,FOB Jakarta,FOB Jakarta,Indonesia,Jakarta,,2026-09-25,No,No,Produk baru Oktober 2025,,
LOREAL_GARNIER,598,PT. Surya Graha Pasaraya,L27699,8994993027699,L'Oreal Paris,Elseve,ELS GLYCOLIC GLOSS CDR 265ML EBT,L'Oreal Paris Elseve Glycolic Gloss Conditioner 265ml,,Toiletries,Hair Care,12 x 265ml,12 x 265ml,265ml,265.0,12,Bottle,40.77,3.3977,USD,Per Case,5.0,42.81,3.57,USD 42.81,USD 42.81/case (12pk) · USD 3.57/unit,Enquire,,,FOB Jakarta,FOB Jakarta,Indonesia,Jakarta,,2026-09-25,No,No,Produk baru Oktober 2025,,
LOREAL_GARNIER,599,PT. Surya Graha Pasaraya,L27651,8994993027651,L'Oreal Paris,Elseve,ELS GLYCOLIC GLOSS SHP 280ML EBT,L'Oreal Paris Elseve Glycolic Gloss Shampoo 280ml,,Toiletries,Hair Care,12 x 280ml,12 x 280ml,280ml,280.0,12,Bottle,40.77,3.3977,USD,Per Case,5.0,42.81,3.57,USD 42.81,USD 42.81/case (12pk) · USD 3.57/unit,Enquire,,,FOB Jakarta,FOB Jakarta,Indonesia,Jakarta,,2026-09-25,No,No,Produk baru Oktober 2025,,
LOREAL_GARNIER,600,PT. Surya Graha Pasaraya,L79017,3600524079017,L'Oreal Paris,Elseve,LOR ELS ARGIN NON B102ML 002,L'Oreal Paris Elseve Argin NON B102Ml 002,,Toiletries,Hair Care,6 x 102ml,6 x 102ml,102ml,102.0,6,Bottle,38.01,6.3354,USD,Per Case,5.0,39.91,6.65,USD 39.91,USD 39.91/case (6pk) · USD 6.65/unit,Enquire,,,FOB Jakarta,FOB Jakarta,Indonesia,Jakarta,,2026-09-25,No,No,Produk baru Agustus 2025,name codes: NON,
LOREAL_GARNIER,601,PT. Surya Graha Pasaraya,L11964,8994993011964,L'Oreal Paris,Elseve,LOR ELS TR5 COND 265ML AS PCR,L'Oreal Paris Elseve Total Repair 5 Conditioner 265ml,,Toiletries,Hair Care,12 x 265ml,12 x 265ml,265ml,265.0,12,Bottle,40.77,3.3977,USD,Per Case,5.0,42.81,3.57,USD 42.81,USD 42.81/case (12pk) · USD 3.57/unit,Enquire,,,FOB Jakarta,FOB Jakarta,Indonesia,Jakarta,,2026-09-25,No,No,Produk baru Maret 2025,,
LOREAL_GARNIER,602,PT. Surya Graha Pasaraya,L12473,8994993012473,L'Oreal Paris,Elseve,LOR ELS FRX3 COND 265ML AS PCR,L'Oreal Paris Elseve Frx3 Conditioner 265ml,,Toiletries,Hair Care,12 x 265ml,12 x 265ml,265ml,265.0,12,Bottle,40.77,3.3977,USD,Per Case,5.0,42.81,3.57,USD 42.81,USD 42.81/case (12pk) · USD 3.57/unit,Enquire,,,FOB Jakarta,FOB Jakarta,Indonesia,Jakarta,,2026-09-25,No,No,Produk baru Maret 2025,,
LOREAL_GARNIER,603,PT. Surya Graha Pasaraya,L23210,8991380023210,L'Oreal Paris,Elseve,BDL ELS TR5 170 + GWP DROPLET,L'Oreal Paris Bundle Elseve Total Repair 5 170 + Gift Pack Droplet,,Toiletries,Hair Care,12,12 x bottle,,,12,Bottle,73.12,6.0935,USD,Per Case,5.0,76.78,6.4,USD 76.78,USD 76.78/case (12pk) · USD 6.40/unit,Enquire,,,FOB Jakarta,FOB Jakarta,Indonesia,Jakarta,,2026-09-25,No,No,,no unit size on the supplier line; bundle/value set - confirm what the case contains,
LOREAL_GARNIER,605,PT. Surya Graha Pasaraya,L11995V,8994993011995,L'Oreal Paris,Elseve,BDL BOGOF ELS TR5 SHP 280ML+170ML NEW,L'Oreal Paris Bundle Bogof Elseve Total Repair 5 Shampoo 280ml+170ml,,Toiletries,Hair Care,6 x 280ml,6 x 280ml,280ml,280.0,6,Bottle,20.39,3.3977,USD,Per Case,5.0,21.41,3.57,USD 21.41,USD 21.41/case (6pk) · USD 3.57/unit,Enquire,,,FOB Jakarta,FOB Jakarta,Indonesia,Jakarta,,2026-09-25,No,No,,bundle/value set - confirm what the case contains,
LOREAL_GARNIER,606,PT. Surya Graha Pasaraya,L12497V,8994993012497,L'Oreal Paris,Elseve,BDL BOGOF ELS FR SHP 280+170ML NEW,L'Oreal Paris Bundle Bogof Elseve Fall Resist Shampoo 280+170ml,,Toiletries,Hair Care,6 x 280+170ml,6 x 280+170ml,280+170ml,450.0,6,Bottle,20.39,3.3977,USD,Per Case,5.0,21.41,3.57,USD 21.41,USD 21.41/case (6pk) · USD 3.57/unit,Enquire,,,FOB Jakarta,FOB Jakarta,Indonesia,Jakarta,,2026-09-25,No,No,,bundle/value set - confirm what the case contains,bonus-pack size (main + extra)
LOREAL_GARNIER,607,PT. Surya Graha Pasaraya,L12459V,8994993012459,L'Oreal Paris,Elseve,BDL BOGOF ELS XO OIL SHP 280+170ML,L'Oreal Paris Bundle Bogof Elseve XO Oil Shampoo 280+170ml,,Toiletries,Hair Care,6 x 280+170ml,6 x 280+170ml,280+170ml,450.0,6,Bottle,20.39,3.3977,USD,Per Case,5.0,21.41,3.57,USD 21.41,USD 21.41/case (6pk) · USD 3.57/unit,Enquire,,,FOB Jakarta,FOB Jakarta,Indonesia,Jakarta,,2026-09-25,No,No,,bundle/value set - confirm what the case contains; name codes: XO,bonus-pack size (main + extra)
LOREAL_GARNIER,608,PT. Surya Graha Pasaraya,L06915,8994993006915,L'Oreal Paris,Elseve,LOR ELS RAPID REVIVERS COND TR5 150ML AS,L'Oreal Paris Elseve Rapid Revivers Conditioner Total Repair 5 150ml,,Toiletries,Hair Care,12 x 150ml,12 x 150ml,150ml,150.0,12,Tube,35.96,2.9966,USD,Per Case,5.0,37.76,3.15,USD 37.76,USD 37.76/case (12pk) · USD 3.15/unit,Enquire,,,FOB Jakarta,FOB Jakarta,Indonesia,Jakarta,,2026-09-25,No,No,Perubahan harga per Januari 2025,,
LOREAL_GARNIER,609,PT. Surya Graha Pasaraya,L11810,8994993011810,L'Oreal Paris,Elseve,LOR ELS COL PROT SHP 280ML AS,L'Oreal Paris Elseve Color PROT Shampoo 280ml,,Toiletries,Hair Care,12 x 280ml,12 x 280ml,280ml,280.0,12,Bottle,40.77,3.3977,USD,Per Case,5.0,42.81,3.57,USD 42.81,USD 42.81/case (12pk) · USD 3.57/unit,Enquire,,,FOB Jakarta,FOB Jakarta,Indonesia,Jakarta,,2026-09-25,No,No,,name codes: PROT,
LOREAL_GARNIER,610,PT. Surya Graha Pasaraya,L11995,8994993011995,L'Oreal Paris,Elseve,LOR ELS TR5 SHP 280ML AS,L'Oreal Paris Elseve Total Repair 5 Shampoo 280ml,,Toiletries,Hair Care,12 x 280ml,12 x 280ml,280ml,280.0,12,Bottle,40.77,3.3977,USD,Per Case,5.0,42.81,3.57,USD 42.81,USD 42.81/case (12pk) · USD 3.57/unit,Enquire,,,FOB Jakarta,FOB Jakarta,Indonesia,Jakarta,,2026-09-25,No,No,,,
LOREAL_GARNIER,611,PT. Surya Graha Pasaraya,L12459,8994993012459,L'Oreal Paris,Elseve,LOR ELS EXO SHP 280ML AS,L'Oreal Paris Elseve Extraordinary Oil Shampoo 280ml,,Toiletries,Hair Care,12 x 280ml,12 x 280ml,280ml,280.0,12,Bottle,40.77,3.3977,USD,Per Case,5.0,42.81,3.57,USD 42.81,USD 42.81/case (12pk) · USD 3.57/unit,Enquire,,,FOB Jakarta,FOB Jakarta,Indonesia,Jakarta,,2026-09-25,No,No,,,
LOREAL_GARNIER,612,PT. Surya Graha Pasaraya,L12497,8994993012497,L'Oreal Paris,Elseve,LOR ELS FR SHP 280ML AS,L'Oreal Paris Elseve Fall Resist Shampoo 280ml,,Toiletries,Hair Care,12 x 280ml,12 x 280ml,280ml,280.0,12,Bottle,40.77,3.3977,USD,Per Case,5.0,42.81,3.57,USD 42.81,USD 42.81/case (12pk) · USD 3.57/unit,Enquire,,,FOB Jakarta,FOB Jakarta,Indonesia,Jakarta,,2026-09-25,No,No,,,
LOREAL_GARNIER,613,PT. Surya Graha Pasaraya,L11834,8994993011834,L'Oreal Paris,Elseve,LOR ELS EXO COND 155ML AS PCR,L'Oreal Paris Elseve Extraordinary Oil Conditioner 155ml,,Toiletries,Hair Care,12 x 155ml,12 x 155ml,155ml,155.0,12,Bottle,24.42,2.0351,USD,Per Case,5.0,25.64,2.14,USD 25.64,USD 25.64/case (12pk) · USD 2.14/unit,Enquire,,,FOB Jakarta,FOB Jakarta,Indonesia,Jakarta,,2026-09-25,No,No,kode distributor/kode SKU akan dinonaktifkan,duplicate line in the supplier list (2x),
LOREAL_GARNIER,614,PT. Surya Graha Pasaraya,L11834A,8994993011834,L'Oreal Paris,Elseve,LOR ELS EXO COND 155ML AS,L'Oreal Paris Elseve Extraordinary Oil Conditioner 155ml,,Toiletries,Hair Care,12 x 155ml,12 x 155ml,155ml,155.0,12,Bottle,24.42,2.0351,USD,Per Case,5.0,25.64,2.14,USD 25.64,USD 25.64/case (12pk) · USD 2.14/unit,Enquire,,,FOB Jakarta,FOB Jakarta,Indonesia,Jakarta,,2026-09-25,No,No,,duplicate line in the supplier list (2x),
LOREAL_GARNIER,615,PT. Surya Graha Pasaraya,L11773,8994993011773,L'Oreal Paris,Elseve,LOR ELS COL PROT COND 170ML AS,L'Oreal Paris Elseve Color PROT Conditioner 170ml,,Toiletries,Hair Care,12 x 170ml,12 x 170ml,170ml,170.0,12,Bottle,25.77,2.1472,USD,Per Case,5.0,27.05,2.25,USD 27.05,USD 27.05/case (12pk) · USD 2.25/unit,Enquire,,,FOB Jakarta,FOB Jakarta,Indonesia,Jakarta,,2026-09-25,No,No,"Perubahan harga per Februari 2025, kode distributor/kode SKU akan dinonaktifkan",name codes: PROT,
LOREAL_GARNIER,616,PT. Surya Graha Pasaraya,L11773A,8994993011773,L'Oreal Paris,Elseve,LOR ELS CP COND 155ML AS,L'Oreal Paris Elseve Color Protect Conditioner 155ml,,Toiletries,Hair Care,12 x 155ml,12 x 155ml,155ml,155.0,12,Bottle,25.77,2.1472,USD,Per Case,5.0,27.05,2.25,USD 27.05,USD 27.05/case (12pk) · USD 2.25/unit,Enquire,,,FOB Jakarta,FOB Jakarta,Indonesia,Jakarta,,2026-09-25,No,No,Perubahan harga per Februari 2025,,
LOREAL_GARNIER,617,PT. Surya Graha Pasaraya,L11872,8994993011872,L'Oreal Paris,Elseve,LOR ELS FRX3 COND 155ML AS NEW,L'Oreal Paris Elseve Frx3 Conditioner 155ml,,Toiletries,Hair Care,12 x 155ml,12 x 155ml,155ml,155.0,12,Bottle,25.77,2.1472,USD,Per Case,5.0,27.05,2.25,USD 27.05,USD 27.05/case (12pk) · USD 2.25/unit,Enquire,,,FOB Jakarta,FOB Jakarta,Indonesia,Jakarta,,2026-09-25,No,No,"Perubahan harga per Februari 2025, kode distributor/kode SKU akan dinonaktifkan",duplicate line in the supplier list (2x),
LOREAL_GARNIER,618,PT. Surya Graha Pasaraya,L11872A,8994993011872,L'Oreal Paris,Elseve,LOR ELS FRX3 COND 155ML AS,L'Oreal Paris Elseve Frx3 Conditioner 155ml,,Toiletries,Hair Care,12 x 155ml,12 x 155ml,155ml,155.0,12,Bottle,25.77,2.1472,USD,Per Case,5.0,27.05,2.25,USD 27.05,USD 27.05/case (12pk) · USD 2.25/unit,Enquire,,,FOB Jakarta,FOB Jakarta,Indonesia,Jakarta,,2026-09-25,No,No,Perubahan harga per Februari 2025,duplicate line in the supplier list (2x),
LOREAL_GARNIER,619,PT. Surya Graha Pasaraya,L11940,8994993011940,L'Oreal Paris,Elseve,LOR ELS TR5 COND 155ML AS PCR,L'Oreal Paris Elseve Total Repair 5 Conditioner 155ml,,Toiletries,Hair Care,12 x 155ml,12 x 155ml,155ml,155.0,12,Bottle,25.77,2.1472,USD,Per Case,5.0,27.05,2.25,USD 27.05,USD 27.05/case (12pk) · USD 2.25/unit,Enquire,,,FOB Jakarta,FOB Jakarta,Indonesia,Jakarta,,2026-09-25,No,No,"Perubahan harga per Februari 2025, kode distributor/kode SKU akan dinonaktifkan",duplicate line in the supplier list (2x),
LOREAL_GARNIER,620,PT. Surya Graha Pasaraya,L11940A,8994993011940,L'Oreal Paris,Elseve,LOR ELS TR5 COND 155ML AS,L'Oreal Paris Elseve Total Repair 5 Conditioner 155ml,,Toiletries,Hair Care,12 x 155ml,12 x 155ml,155ml,155.0,12,Bottle,25.77,2.1472,USD,Per Case,5.0,27.05,2.25,USD 27.05,USD 27.05/case (12pk) · USD 2.25/unit,Enquire,,,FOB Jakarta,FOB Jakarta,Indonesia,Jakarta,,2026-09-25,No,No,Perubahan harga per Februari 2025,duplicate line in the supplier list (2x),
LOREAL_GARNIER,621,PT. Surya Graha Pasaraya,L68072,8992304068072,L'Oreal Paris,Elseve,LOR ELS EXO SHP 170ML AS,L'Oreal Paris Elseve Extraordinary Oil Shampoo 170ml,,Toiletries,Hair Care,12 x 170ml,12 x 170ml,170ml,170.0,12,Bottle,23.93,1.9938,USD,Per Case,5.0,25.12,2.09,USD 25.12,USD 25.12/case (12pk) · USD 2.09/unit,Enquire,,,FOB Jakarta,FOB Jakarta,Indonesia,Jakarta,,2026-09-25,No,No,kode distributor/kode SKU akan dinonaktifkan,,
LOREAL_GARNIER,622,PT. Surya Graha Pasaraya,L68072A,8992304068072,L'Oreal Paris,Elseve,LOR ELS EXO SHP 155ML AS,L'Oreal Paris Elseve Extraordinary Oil Shampoo 155ml,,Toiletries,Hair Care,12 x 155ml,12 x 155ml,155ml,155.0,12,Bottle,23.93,1.9938,USD,Per Case,5.0,25.12,2.09,USD 25.12,USD 25.12/case (12pk) · USD 2.09/unit,Enquire,,,FOB Jakarta,FOB Jakarta,Indonesia,Jakarta,,2026-09-25,No,No,,,
LOREAL_GARNIER,623,PT. Surya Graha Pasaraya,L12480,8994993012480,L'Oreal Paris,Elseve,LOR ELS FRX3 SHP 155ML AS PCR,L'Oreal Paris Elseve Frx3 Shampoo 155ml,,Toiletries,Hair Care,12 x 155ml,12 x 155ml,155ml,155.0,12,Bottle,25.13,2.0941,USD,Per Case,5.0,26.39,2.2,USD 26.39,USD 26.39/case (12pk) · USD 2.20/unit,Enquire,,,FOB Jakarta,FOB Jakarta,Indonesia,Jakarta,,2026-09-25,No,No,"Perubahan harga per Februari 2025, kode distributor/kode SKU akan dinonaktifkan",duplicate line in the supplier list (2x),
LOREAL_GARNIER,624,PT. Surya Graha Pasaraya,L12480A,8994993012480,L'Oreal Paris,Elseve,LOR ELS FRX3 SHP 155ML AS,L'Oreal Paris Elseve Frx3 Shampoo 155ml,,Toiletries,Hair Care,12 x 155ml,12 x 155ml,155ml,155.0,12,Bottle,25.13,2.0941,USD,Per Case,5.0,26.39,2.2,USD 26.39,USD 26.39/case (12pk) · USD 2.20/unit,Enquire,,,FOB Jakarta,FOB Jakarta,Indonesia,Jakarta,,2026-09-25,No,No,Perubahan harga per Februari 2025,duplicate line in the supplier list (2x),
LOREAL_GARNIER,625,PT. Surya Graha Pasaraya,L12503,8994993012503,L'Oreal Paris,Elseve,LOR ELS FR SHP 620ML AS,L'Oreal Paris Elseve Fall Resist Shampoo 620ml,,Toiletries,Hair Care,6 x 620ml,6 x 620ml,620ml,620.0,6,Bottle,32.63,5.4387,USD,Per Case,5.0,34.26,5.71,USD 34.26,USD 34.26/case (6pk) · USD 5.71/unit,Enquire,,,FOB Jakarta,FOB Jakarta,Indonesia,Jakarta,,2026-09-25,No,No,,,
LOREAL_GARNIER,626,PT. Surya Graha Pasaraya,L12718,8994993012718,L'Oreal Paris,Elseve,LOR ELS TR5 SHP 620ML AS,L'Oreal Paris Elseve Total Repair 5 Shampoo 620ml,,Toiletries,Hair Care,6 x 620ml,6 x 620ml,620ml,620.0,6,Bottle,32.63,5.4387,USD,Per Case,5.0,34.26,5.71,USD 34.26,USD 34.26/case (6pk) · USD 5.71/unit,Enquire,,,FOB Jakarta,FOB Jakarta,Indonesia,Jakarta,,2026-09-25,No,No,,,
LOREAL_GARNIER,627,PT. Surya Graha Pasaraya,L08367,6923700908367,L'Oreal Paris,Elseve,LOR ELS FLORAL EX OIL JASMINE 100ML,L'Oreal Paris Elseve Floral EX Oil Jasmine 100ml,,Toiletries,Hair Care,12 x 100ml,12 x 100ml,100ml,100.0,12,Bottle,110.99,9.2494,USD,Per Case,5.0,116.54,9.71,USD 116.54,USD 116.54/case (12pk) · USD 9.71/unit,Enquire,,,FOB Jakarta,FOB Jakarta,Indonesia,Jakarta,,2026-09-25,No,No,,name codes: EX,
LOREAL_GARNIER,628,PT. Surya Graha Pasaraya,L08411,6923700908411,L'Oreal Paris,Elseve,LOR ELS FLORAL EX OIL ROSE 100ML,L'Oreal Paris Elseve Floral EX Oil Rose 100ml,,Toiletries,Hair Care,12 x 100ml,12 x 100ml,100ml,100.0,12,Bottle,110.99,9.2494,USD,Per Case,5.0,116.54,9.71,USD 116.54,USD 116.54/case (12pk) · USD 9.71/unit,Enquire,,,FOB Jakarta,FOB Jakarta,Indonesia,Jakarta,,2026-09-25,No,No,,name codes: EX,
LOREAL_GARNIER,629,PT. Surya Graha Pasaraya,L43023,6923700943023,L'Oreal Paris,Elseve,LOR ELS FLORAL EX OIL LAVENDER 100ML,L'Oreal Paris Elseve Floral EX Oil Lavender 100ml,,Toiletries,Hair Care,12 x 100ml,12 x 100ml,100ml,100.0,12,Bottle,110.99,9.2494,USD,Per Case,5.0,116.54,9.71,USD 116.54,USD 116.54/case (12pk) · USD 9.71/unit,Enquire,,,FOB Jakarta,FOB Jakarta,Indonesia,Jakarta,,2026-09-25,No,No,,name codes: EX,
LOREAL_GARNIER,630,PT. Surya Graha Pasaraya,L50632,6923700950632,L'Oreal Paris,Elseve,LOR ELS EXTRAORDINARY OIL PINK 100ML,L'Oreal Paris Elseve Extraordinary Oil Pink 100ml,,Toiletries,Hair Care,12 x 100ml,12 x 100ml,100ml,100.0,12,Bottle,93.86,7.8219,USD,Per Case,5.0,98.56,8.21,USD 98.56,USD 98.56/case (12pk) · USD 8.21/unit,Enquire,,,FOB Jakarta,FOB Jakarta,Indonesia,Jakarta,,2026-09-25,No,No,,,
LOREAL_GARNIER,634,PT. Surya Graha Pasaraya,L11576,4992944111576,L'Oreal Paris,Elseve,LOR ELS EXTRAORDINARY OIL GOLD 100ML,L'Oreal Paris Elseve Extraordinary Oil Gold 100ml,,Toiletries,Hair Care,12 x 100ml,12 x 100ml,100ml,100.0,12,Bottle,93.86,7.8219,USD,Per Case,5.0,98.56,8.21,USD 98.56,USD 98.56/case (12pk) · USD 8.21/unit,Enquire,,,FOB Jakarta,FOB Jakarta,Indonesia,Jakarta,,2026-09-25,No,No,,,
LOREAL_GARNIER,635,PT. Surya Graha Pasaraya,L53658,8992304053658,L'Oreal Paris,Elseve,LOR ELS EXTRAORDINARY OIL GOLD 50ML,L'Oreal Paris Elseve Extraordinary Oil Gold 50ml,,Toiletries,Hair Care,24 x 50ml,24 x 50ml,50ml,50.0,24,Bottle,53.66,2.2357,USD,Per Case,5.0,56.34,2.35,USD 56.34,USD 56.34/case (24pk) · USD 2.35/unit,Enquire,,,FOB Jakarta,FOB Jakarta,Indonesia,Jakarta,,2026-09-25,No,No,,,
LOREAL_GARNIER,636,PT. Surya Graha Pasaraya,L50588,6923700950588,L'Oreal Paris,Elseve,LOR ELS EXTRAORDINARY OIL GOLD 30ML,L'Oreal Paris Elseve Extraordinary Oil Gold 30ml,,Toiletries,Hair Care,36 x 30ml,36 x 30ml,30ml,30.0,36,Bottle,94.71,2.6309,USD,Per Case,5.0,99.45,2.76,USD 99.45,USD 99.45/case (36pk) · USD 2.76/unit,Enquire,,,FOB Jakarta,FOB Jakarta,Indonesia,Jakarta,,2026-09-25,No,No,,,
LOREAL_GARNIER,637,PT. Surya Graha Pasaraya,L57512,8991380057512,L'Oreal Paris,Elseve,LOR ELS EXTRAORDINARY OIL GOLD 30ML BLISTER,L'Oreal Paris Elseve Extraordinary Oil Gold 30ml Blister,,Toiletries,Hair Care,36 x 30ml,36 x 30ml,30ml,30.0,36,Bottle,84.31,2.3418,USD,Per Case,5.0,88.52,2.46,USD 88.52,USD 88.52/case (36pk) · USD 2.46/unit,Enquire,,,FOB Jakarta,FOB Jakarta,Indonesia,Jakarta,,2026-09-25,No,No,,,
LOREAL_GARNIER,643,PT. Surya Graha Pasaraya,L36491,8992304036491,L'Oreal Paris,Elseve,LOR ELS FR SHP 650ML,L'Oreal Paris Elseve Fall Resist Shampoo 650ml,,Toiletries,Hair Care,6 x 650ml,6 x 650ml,650ml,650.0,6,Bottle,25.73,4.2885,USD,Per Case,5.0,27.02,4.5,USD 27.02,USD 27.02/case (6pk) · USD 4.50/unit,Enquire,,,FOB Jakarta,FOB Jakarta,Indonesia,Jakarta,,2026-09-25,No,No,,,
LOREAL_GARNIER,645,PT. Surya Graha Pasaraya,L08954,6923700908954,L'Oreal Paris,Elseve,LOR ELS EXO COND 440ml SHINE CND,L'Oreal Paris Elseve Extraordinary Oil Conditioner 440ml Shine,,Toiletries,Hair Care,8 x 440ml,8 x 440ml,440ml,440.0,8,Bottle,74.47,9.3084,USD,Per Case,5.0,78.19,9.77,USD 78.19,USD 78.19/case (8pk) · USD 9.77/unit,Enquire,,,FOB Jakarta,FOB Jakarta,Indonesia,Jakarta,,2026-09-25,No,No,,,
LOREAL_GARNIER,646,PT. Surya Graha Pasaraya,L09005,6923700909005,L'Oreal Paris,Elseve,LOR ELS EXO COND 440ml SLEEK CND,L'Oreal Paris Elseve Extraordinary Oil Conditioner 440ml Sleek,,Toiletries,Hair Care,8 x 440ml,8 x 440ml,440ml,440.0,8,Bottle,83.29,10.4115,USD,Per Case,5.0,87.46,10.93,USD 87.46,USD 87.46/case (8pk) · USD 10.93/unit,Enquire,,,FOB Jakarta,FOB Jakarta,Indonesia,Jakarta,,2026-09-25,No,No,Perubahan harga per Februari 2025,,
LOREAL_GARNIER,647,PT. Surya Graha Pasaraya,L13941,6923700913941,L'Oreal Paris,Elseve,LOR ELS EXO SHP 440ml SHINE CND,L'Oreal Paris Elseve Extraordinary Oil Shampoo 440ml Shine,,Toiletries,Hair Care,8 x 440ml,8 x 440ml,440ml,440.0,8,Bottle,74.47,9.3084,USD,Per Case,5.0,78.19,9.77,USD 78.19,USD 78.19/case (8pk) · USD 9.77/unit,Enquire,,,FOB Jakarta,FOB Jakarta,Indonesia,Jakarta,,2026-09-25,No,No,,,
LOREAL_GARNIER,648,PT. Surya Graha Pasaraya,L14047,6923700914047,L'Oreal Paris,Elseve,LOR ELS EXO SHP 440ml SLEEK CND,L'Oreal Paris Elseve Extraordinary Oil Shampoo 440ml Sleek,,Toiletries,Hair Care,8 x 440ml,8 x 440ml,440ml,440.0,8,Bottle,83.29,10.4115,USD,Per Case,5.0,87.46,10.93,USD 87.46,USD 87.46/case (8pk) · USD 10.93/unit,Enquire,,,FOB Jakarta,FOB Jakarta,Indonesia,Jakarta,,2026-09-25,No,No,Perubahan harga per Februari 2025,,
LOREAL_GARNIER,649,PT. Surya Graha Pasaraya,L24368,8992304024368,L'Oreal Paris,Elseve,LOR ELS TR5 SHP 410ML AS PCR,L'Oreal Paris Elseve Total Repair 5 Shampoo 410ml,,Toiletries,Hair Care,12 x 410ml,12 x 410ml,410ml,410.0,12,Bottle,53.59,4.4654,USD,Per Case,5.0,56.26,4.69,USD 56.26,USD 56.26/case (12pk) · USD 4.69/unit,Enquire,,,FOB Jakarta,FOB Jakarta,Indonesia,Jakarta,,2026-09-25,No,No,,,
LOREAL_GARNIER,650,PT. Surya Graha Pasaraya,L31281,8992304031281,L'Oreal Paris,Elseve,LOR ELS FR SHP 410ML AS PCR,L'Oreal Paris Elseve Fall Resist Shampoo 410ml,,Toiletries,Hair Care,12 x 410ml,12 x 410ml,410ml,410.0,12,Bottle,53.59,4.4654,USD,Per Case,5.0,56.26,4.69,USD 56.26,USD 56.26/case (12pk) · USD 4.69/unit,Enquire,,,FOB Jakarta,FOB Jakarta,Indonesia,Jakarta,,2026-09-25,No,No,,,
LOREAL_GARNIER,651,PT. Surya Graha Pasaraya,L68096,8992304068096,L'Oreal Paris,Elseve,LOR ELS EXO SHP 410ML AS PCR,L'Oreal Paris Elseve Extraordinary Oil Shampoo 410ml,,Toiletries,Hair Care,12 x 410ml,12 x 410ml,410ml,410.0,12,Bottle,53.59,4.4654,USD,Per Case,5.0,56.26,4.69,USD 56.26,USD 56.26/case (12pk) · USD 4.69/unit,Enquire,,,FOB Jakarta,FOB Jakarta,Indonesia,Jakarta,,2026-09-25,No,No,,,
LOREAL_GARNIER,652,PT. Surya Graha Pasaraya,L68089,8992304068089,L'Oreal Paris,Elseve,LOR ELS SHP NOURISH SHP 330ML ET,L'Oreal Paris Elseve Shampoo Nourish Shampoo 330ml,,Toiletries,Hair Care,12 x 330ml,12 x 330ml,330ml,330.0,12,Bottle,36.45,3.0379,USD,Per Case,5.0,38.28,3.19,USD 38.28,USD 38.28/case (12pk) · USD 3.19/unit,Enquire,,,FOB Jakarta,FOB Jakarta,Indonesia,Jakarta,,2026-09-25,No,No,,,
LOREAL_GARNIER,653,PT. Surya Graha Pasaraya,L29424,8992304029424,L'Oreal Paris,Elseve,LOR ELS TR5 SHP 330ML,L'Oreal Paris Elseve Total Repair 5 Shampoo 330ml,,Toiletries,Hair Care,12 x 330ml,12 x 330ml,330ml,330.0,12,Bottle,31.22,2.6014,USD,Per Case,5.0,32.78,2.73,USD 32.78,USD 32.78/case (12pk) · USD 2.73/unit,Enquire,,,FOB Jakarta,FOB Jakarta,Indonesia,Jakarta,,2026-09-25,No,No,Perubahan harga per Januari 2025,,
LOREAL_GARNIER,654,PT. Surya Graha Pasaraya,L47450,6946537047450,L'Oreal Paris,Elseve,LOR ELS FR SHP 330ML,L'Oreal Paris Elseve Fall Resist Shampoo 330ml,,Toiletries,Hair Care,12 x 330ml,12 x 330ml,330ml,330.0,12,Bottle,30.37,2.5306,USD,Per Case,5.0,31.89,2.66,USD 31.89,USD 31.89/case (12pk) · USD 2.66/unit,Enquire,,,FOB Jakarta,FOB Jakarta,Indonesia,Jakarta,,2026-09-25,No,No,,,
LOREAL_GARNIER,655,PT. Surya Graha Pasaraya,L17400,8991380017400,L'Oreal Paris,Elseve,LOR ELS SM.INT SHP 330ML,L'Oreal Paris Elseve Smooth Intense Shampoo 330ml,,Toiletries,Hair Care,12 x 330ml,12 x 330ml,330ml,330.0,12,Bottle,27.47,2.2888,USD,Per Case,5.0,28.84,2.4,USD 28.84,USD 28.84/case (12pk) · USD 2.40/unit,Enquire,,,FOB Jakarta,FOB Jakarta,Indonesia,Jakarta,,2026-09-25,No,No,,,
LOREAL_GARNIER,656,PT. Surya Graha Pasaraya,L29301,8992304029301,L'Oreal Paris,Elseve,LOR ELS COL VIVE SHP 330ML,L'Oreal Paris Elseve Color VIVE Shampoo 330ml,,Toiletries,Hair Care,12 x 330ml,12 x 330ml,330ml,330.0,12,Bottle,31.22,2.6014,USD,Per Case,5.0,32.78,2.73,USD 32.78,USD 32.78/case (12pk) · USD 2.73/unit,Enquire,,,FOB Jakarta,FOB Jakarta,Indonesia,Jakarta,,2026-09-25,No,No,Perubahan harga per Januari 2025,name codes: VIVE,
LOREAL_GARNIER,662,PT. Surya Graha Pasaraya,L10125,8992304010125,L'Oreal Paris,Elseve,LOR ELS TR5 SHP 170ML,L'Oreal Paris Elseve Total Repair 5 Shampoo 170ml,,Toiletries,Hair Care,12 x 170ml,12 x 170ml,170ml,170.0,12,Bottle,25.77,2.1472,USD,Per Case,5.0,27.05,2.25,USD 27.05,USD 27.05/case (12pk) · USD 2.25/unit,Enquire,,,FOB Jakarta,FOB Jakarta,Indonesia,Jakarta,,2026-09-25,No,No,"Perubahan harga per Februari 2025, kode distributor/kode SKU akan dinonaktifkan",,
LOREAL_GARNIER,663,PT. Surya Graha Pasaraya,L10125A,8992304010125,L'Oreal Paris,Elseve,LOR ELS TR5 SHP 155ML AS,L'Oreal Paris Elseve Total Repair 5 Shampoo 155ml,,Toiletries,Hair Care,12 x 155ml,12 x 155ml,155ml,155.0,12,Bottle,25.77,2.1472,USD,Per Case,5.0,27.05,2.25,USD 27.05,USD 27.05/case (12pk) · USD 2.25/unit,Enquire,,,FOB Jakarta,FOB Jakarta,Indonesia,Jakarta,,2026-09-25,No,No,Perubahan harga per Februari 2025,,
LOREAL_GARNIER,664,PT. Surya Graha Pasaraya,L47481,6946537047481,L'Oreal Paris,Elseve,LOR ELS FR SHP 170ML,L'Oreal Paris Elseve Fall Resist Shampoo 170ml,,Toiletries,Hair Care,12 x 170ml,12 x 170ml,170ml,170.0,12,Bottle,25.13,2.0941,USD,Per Case,5.0,26.39,2.2,USD 26.39,USD 26.39/case (12pk) · USD 2.20/unit,Enquire,,,FOB Jakarta,FOB Jakarta,Indonesia,Jakarta,,2026-09-25,No,No,Perubahan harga per Februari 2025,,
LOREAL_GARNIER,665,PT. Surya Graha Pasaraya,L10224,8992304010224,L'Oreal Paris,Elseve,LOR ELS SM.INT SHP 170ML,L'Oreal Paris Elseve Smooth Intense Shampoo 170ml,,Toiletries,Hair Care,12 x 170ml,12 x 170ml,170ml,170.0,12,Bottle,15.5,1.2918,USD,Per Case,5.0,16.28,1.36,USD 16.28,USD 16.28/case (12pk) · USD 1.36/unit,Enquire,,,FOB Jakarta,FOB Jakarta,Indonesia,Jakarta,,2026-09-25,No,No,,,
LOREAL_GARNIER,666,PT. Surya Graha Pasaraya,L10101,8992304010101,L'Oreal Paris,Elseve,LOR ELS CP SHP 155ML AS NEW,L'Oreal Paris Elseve Color Protect Shampoo 155ml,,Toiletries,Hair Care,12 x 155ml,12 x 155ml,155ml,155.0,12,Bottle,25.77,2.1472,USD,Per Case,5.0,27.05,2.25,USD 27.05,USD 27.05/case (12pk) · USD 2.25/unit,Enquire,,,FOB Jakarta,FOB Jakarta,Indonesia,Jakarta,,2026-09-25,No,No,"Perubahan harga per Februari 2025, kode distributor/kode SKU akan dinonaktifkan",duplicate line in the supplier list (2x),
LOREAL_GARNIER,667,PT. Surya Graha Pasaraya,L10101A,8992304010101,L'Oreal Paris,Elseve,LOR ELS CP SHP 155ML AS NEW,L'Oreal Paris Elseve Color Protect Shampoo 155ml,,Toiletries,Hair Care,12 x 155ml,12 x 155ml,155ml,155.0,12,Bottle,25.77,2.1472,USD,Per Case,5.0,27.05,2.25,USD 27.05,USD 27.05/case (12pk) · USD 2.25/unit,Enquire,,,FOB Jakarta,FOB Jakarta,Indonesia,Jakarta,,2026-09-25,No,No,Perubahan harga per Februari 2025,duplicate line in the supplier list (2x),
LOREAL_GARNIER,678,PT. Surya Graha Pasaraya,L28208,8991380028208,L'Oreal Paris,Elseve,LOR ELS TR5 COND 165ML,L'Oreal Paris Elseve Total Repair 5 Conditioner 165ml,,Toiletries,Hair Care,12 x 165ml,12 x 165ml,165ml,165.0,12,Bottle,24.0,1.9997,USD,Per Case,5.0,25.2,2.1,USD 25.20,USD 25.20/case (12pk) · USD 2.10/unit,Enquire,,,FOB Jakarta,FOB Jakarta,Indonesia,Jakarta,,2026-09-25,No,No,,,
LOREAL_GARNIER,679,PT. Surya Graha Pasaraya,L47443,6946537047443,L'Oreal Paris,Elseve,LOR ELS FR COND 165ML,L'Oreal Paris Elseve Fall Resist Conditioner 165ml,,Toiletries,Hair Care,12 x 165ml,12 x 165ml,165ml,165.0,12,Bottle,24.0,1.9997,USD,Per Case,5.0,25.2,2.1,USD 25.20,USD 25.20/case (12pk) · USD 2.10/unit,Enquire,,,FOB Jakarta,FOB Jakarta,Indonesia,Jakarta,,2026-09-25,No,No,Perubahan harga per Januari 2025,,
LOREAL_GARNIER,680,PT. Surya Graha Pasaraya,L27201,8991380027201,L'Oreal Paris,Elseve,LOR ELS SM.INT COND 165ML,L'Oreal Paris Elseve Smooth Intense Conditioner 165ml,,Toiletries,Hair Care,12 x 165ml,12 x 165ml,165ml,165.0,12,Bottle,18.76,1.5632,USD,Per Case,5.0,19.7,1.64,USD 19.70,USD 19.70/case (12pk) · USD 1.64/unit,Enquire,,,FOB Jakarta,FOB Jakarta,Indonesia,Jakarta,,2026-09-25,No,No,,,
LOREAL_GARNIER,681,PT. Surya Graha Pasaraya,L16502,8991380016502,L'Oreal Paris,Elseve,LOR ELS COL PROT COND 165ML,L'Oreal Paris Elseve Color PROT Conditioner 165ml,,Toiletries,Hair Care,12 x 165ml,12 x 165ml,165ml,165.0,12,Bottle,24.0,1.9997,USD,Per Case,5.0,25.2,2.1,USD 25.20,USD 25.20/case (12pk) · USD 2.10/unit,Enquire,,,FOB Jakarta,FOB Jakarta,Indonesia,Jakarta,,2026-09-25,No,No,Perubahan harga per Januari 2025,name codes: PROT,
LOREAL_GARNIER,693,PT. Surya Graha Pasaraya,L38108,8991380038108,L'Oreal Paris,Elseve,LOR ELS TR5 MASK 200ML,L'Oreal Paris Elseve Total Repair 5 Mask 200ml,,Toiletries,Hair Care,12 x 200ml,12 x 200ml,200ml,200.0,12,Jar,55.99,4.666,USD,Per Case,5.0,58.79,4.9,USD 58.79,USD 58.79/case (12pk) · USD 4.90/unit,Enquire,,,FOB Jakarta,FOB Jakarta,Indonesia,Jakarta,,2026-09-25,No,No,Perubahan harga per Februari 2025,,
LOREAL_GARNIER,694,PT. Surya Graha Pasaraya,L20834,8992304020834,L'Oreal Paris,Elseve,LOR ELS FR MASK 200ML,L'Oreal Paris Elseve Fall Resist Mask 200ml,,Toiletries,Hair Care,12 x 200ml,12 x 200ml,200ml,200.0,12,Jar,56.06,4.6719,USD,Per Case,5.0,58.87,4.91,USD 58.87,USD 58.87/case (12pk) · USD 4.91/unit,Enquire,,,FOB Jakarta,FOB Jakarta,Indonesia,Jakarta,,2026-09-25,No,No,Perubahan harga per Februari 2025,,
LOREAL_GARNIER,695,PT. Surya Graha Pasaraya,L07014,8888671007014,L'Oreal Paris,Elseve,LOR ELS SM.INT MASK 200ML,L'Oreal Paris Elseve Smooth Intense Mask 200ml,,Toiletries,Hair Care,12 x 200ml,12 x 200ml,200ml,200.0,12,Jar,51.96,4.3298,USD,Per Case,5.0,54.55,4.55,USD 54.55,USD 54.55/case (12pk) · USD 4.55/unit,Enquire,,,FOB Jakarta,FOB Jakarta,Indonesia,Jakarta,,2026-09-25,No,No,,,
LOREAL_GARNIER,708,PT. Surya Graha Pasaraya,L53856,8992304053856,L'Oreal Paris,Elseve,LOR ELS SM.INT MASK 20ML,L'Oreal Paris Elseve Smooth Intense Mask 20ml,,Toiletries,Hair Care,48 x 20ml,48 x 20ml,20ml,20.0,48,Sachet,20.39,0.4247,USD,Per Case,5.0,21.41,0.446,USD 21.41,USD 21.41/case (48pk) · USD 0.446/unit,Enquire,,,FOB Jakarta,FOB Jakarta,Indonesia,Jakarta,,2026-09-25,No,No,,,
LOREAL_GARNIER,715,PT. Surya Graha Pasaraya,L10125V,8992304010125,L'Oreal Paris,Elseve,VS TR5 SHP 170ml + CONDI 170ml,L'Oreal Paris Value Set Total Repair 5 Shampoo 170ml + Conditioner 170ml,,Toiletries,Hair Care,12 x 170ml,12 x 170ml,170ml,170.0,12,Bottle,25.77,2.1472,USD,Per Case,5.0,27.05,2.25,USD 27.05,USD 27.05/case (12pk) · USD 2.25/unit,Enquire,,,FOB Jakarta,FOB Jakarta,Indonesia,Jakarta,,2026-09-25,No,No,Perubahan harga per Februari 2025,bundle/value set - confirm what the case contains,
LOREAL_GARNIER,719,PT. Surya Graha Pasaraya,L10125V4,8992304010125,L'Oreal Paris,Elseve,VS LOR ELS TR5 SHP 170ML+MEX VOLC FOM 50,L'Oreal Paris Value Set Elseve Total Repair 5 Shampoo 170ml+Mex VOLC FOM 50,,Toiletries,Hair Care,12 x 170ml,12 x 170ml,170ml,170.0,12,Bottle,25.77,2.1472,USD,Per Case,5.0,27.05,2.25,USD 27.05,USD 27.05/case (12pk) · USD 2.25/unit,Enquire,,,FOB Jakarta,FOB Jakarta,Indonesia,Jakarta,,2026-09-25,No,No,Perubahan harga per Februari 2025,"bundle/value set - confirm what the case contains; name codes: FOM, VOLC",
LOREAL_GARNIER,721,PT. Surya Graha Pasaraya,L47481V2,6946537047481,L'Oreal Paris,Elseve,VS LOR ELS FR BOGOF SHP 170ML + SI MASK,L'Oreal Paris Value Set Elseve Fall Resist Bogof Shampoo 170ml + Smooth Intense Mask,,Toiletries,Hair Care,12 x 170ml,12 x 170ml,170ml,170.0,12,Bottle,25.13,2.0941,USD,Per Case,5.0,26.39,2.2,USD 26.39,USD 26.39/case (12pk) · USD 2.20/unit,Enquire,,,FOB Jakarta,FOB Jakarta,Indonesia,Jakarta,,2026-09-25,No,No,Perubahan harga per Februari 2025,bundle/value set - confirm what the case contains,
LOREAL_GARNIER,722,PT. Surya Graha Pasaraya,L47481V3,6946537047481,L'Oreal Paris,Elseve,VS LOR ELS FR SHP 170ML+MEX VOLC FOM 50,L'Oreal Paris Value Set Elseve Fall Resist Shampoo 170ml+Mex VOLC FOM 50,,Toiletries,Hair Care,12 x 170ml,12 x 170ml,170ml,170.0,12,Bottle,25.13,2.0941,USD,Per Case,5.0,26.39,2.2,USD 26.39,USD 26.39/case (12pk) · USD 2.20/unit,Enquire,,,FOB Jakarta,FOB Jakarta,Indonesia,Jakarta,,2026-09-25,No,No,Perubahan harga per Februari 2025,"bundle/value set - confirm what the case contains; name codes: FOM, VOLC",
LOREAL_GARNIER,730,PT. Surya Graha Pasaraya,L29424V1,8992304029424,L'Oreal Paris,Elseve,BOGOF ELS TR5 SHP 330ML ETC,L'Oreal Paris Bogof Elseve Total Repair 5 Shampoo 330ml,,Toiletries,Hair Care,12 x 330ml,12 x 330ml,330ml,330.0,12,Bottle,31.22,2.6014,USD,Per Case,5.0,32.78,2.73,USD 32.78,USD 32.78/case (12pk) · USD 2.73/unit,Enquire,,,FOB Jakarta,FOB Jakarta,Indonesia,Jakarta,,2026-09-25,No,No,,bundle/value set - confirm what the case contains,
LOREAL_GARNIER,731,PT. Surya Graha Pasaraya,L47450V1,6946537047450,L'Oreal Paris,Elseve,BOGOF ELS FR SHP 330ML ETB,L'Oreal Paris Bogof Elseve Fall Resist Shampoo 330ml,,Toiletries,Hair Care,12 x 330ml,12 x 330ml,330ml,330.0,12,Bottle,30.37,2.5306,USD,Per Case,5.0,31.89,2.66,USD 31.89,USD 31.89/case (12pk) · USD 2.66/unit,Enquire,,,FOB Jakarta,FOB Jakarta,Indonesia,Jakarta,,2026-09-25,No,No,,bundle/value set - confirm what the case contains,
LOREAL_GARNIER,732,PT. Surya Graha Pasaraya,L47450V2,6946537047450,L'Oreal Paris,Elseve,BOGOF ELS FR SHP (330+170),L'Oreal Paris Bogof Elseve Fall Resist Shampoo (330+170),,Toiletries,Hair Care,12,12 x bottle,,,12,Bottle,30.37,2.5306,USD,Per Case,5.0,31.89,2.66,USD 31.89,USD 31.89/case (12pk) · USD 2.66/unit,Enquire,,,FOB Jakarta,FOB Jakarta,Indonesia,Jakarta,,2026-09-25,No,No,,no unit size on the supplier line; bundle/value set - confirm what the case contains,
LOREAL_GARNIER,733,PT. Surya Graha Pasaraya,L29424V2,8992304029424,L'Oreal Paris,Elseve,BOGOF ELS TR5 SHP (330+170),L'Oreal Paris Bogof Elseve Total Repair 5 Shampoo (330+170),,Toiletries,Hair Care,12,12 x bottle,,,12,Bottle,31.22,2.6014,USD,Per Case,5.0,32.78,2.73,USD 32.78,USD 32.78/case (12pk) · USD 2.73/unit,Enquire,,,FOB Jakarta,FOB Jakarta,Indonesia,Jakarta,,2026-09-25,No,No,,no unit size on the supplier line; bundle/value set - confirm what the case contains,
LOREAL_GARNIER,735,PT. Surya Graha Pasaraya,L92687,3600523192687,L'Oreal Paris,Magic Retouch,LOR MAGIC RETOUCH - BLACK 01,L'Oreal Paris Magic Retouch - Black 01,,Toiletries,Hair Color,6,6 x pack,,,6,Pack,25.48,4.2472,USD,Per Case,5.0,26.76,4.46,USD 26.76,USD 26.76/case (6pk) · USD 4.46/unit,Enquire,,,FOB Jakarta,FOB Jakarta,Indonesia,Jakarta,,2026-09-25,No,No,,no unit size on the supplier line,
LOREAL_GARNIER,740,PT. Surya Graha Pasaraya,M42044,8991380042044,Maybelline,Maybelline,MYB SKY HIGH COSMIC MASCARA BUNDLE,Maybelline SKY HIGH Cosmic Mascara Bundle,,Toiletries,Makeup,72,72 x piece,,,72,Piece,414.95,5.7632,USD,Per Case,5.0,435.7,6.05,USD 435.70,USD 435.70/case (72pk) · USD 6.05/unit,Enquire,,,FOB Jakarta,FOB Jakarta,Indonesia,Jakarta,,2026-09-25,No,No,,"no unit size on the supplier line; name codes: HIGH, SKY",
LOREAL_GARNIER,741,PT. Surya Graha Pasaraya,M99495,6902395972518,Maybelline,Maybelline,MYB LS FIREWORK MASCARA VERY BLACK AS X,Maybelline LS Firework Mascara VERY Black,,Toiletries,Makeup,72,72 x piece,,,72,Piece,428.12,5.946,USD,Per Case,5.0,449.52,6.24,USD 449.52,USD 449.52/case (72pk) · USD 6.24/unit,Enquire,,,FOB Jakarta,FOB Jakarta,Indonesia,Jakarta,,2026-09-25,No,No,,"no unit size on the supplier line; name codes: LS, VERY",
LOREAL_GARNIER,742,PT. Surya Graha Pasaraya,M77599,6902395977599,Maybelline,Maybelline,LIFTER GLAZE 002 PINK DRIP AS X,Maybelline Lifter Glaze 002 Pink DRIP,,Toiletries,Makeup,135,135 x piece,,,135,Piece,496.92,3.6809,USD,Per Case,5.0,521.77,3.86,USD 521.77,USD 521.77/case (135pk) · USD 3.86/unit,Enquire,,,FOB Jakarta,FOB Jakarta,Indonesia,Jakarta,,2026-09-25,No,No,,no unit size on the supplier line; name codes: DRIP,
LOREAL_GARNIER,743,PT. Surya Graha Pasaraya,M77575,6902395977575,Maybelline,Maybelline,LIFTER GLAZE 003 ROSE BITE AS X,Maybelline Lifter Glaze 003 Rose BITE,,Toiletries,Makeup,135,135 x piece,,,135,Piece,496.92,3.6809,USD,Per Case,5.0,521.77,3.86,USD 521.77,USD 521.77/case (135pk) · USD 3.86/unit,Enquire,,,FOB Jakarta,FOB Jakarta,Indonesia,Jakarta,,2026-09-25,No,No,,no unit size on the supplier line; name codes: BITE,
LOREAL_GARNIER,744,PT. Surya Graha Pasaraya,M77582,6902395977582,Maybelline,Maybelline,LIFTER GLAZE 004 CHERRY SWIRL AS X,Maybelline Lifter Glaze 004 Cherry Swirl,,Toiletries,Makeup,135,135 x piece,,,135,Piece,496.92,3.6809,USD,Per Case,5.0,521.77,3.86,USD 521.77,USD 521.77/case (135pk) · USD 3.86/unit,Enquire,,,FOB Jakarta,FOB Jakarta,Indonesia,Jakarta,,2026-09-25,No,No,,no unit size on the supplier line,
LOREAL_GARNIER,745,PT. Surya Graha Pasaraya,M77605,6902395977605,Maybelline,Maybelline,LIFTER GLAZE 005 PEACH QUENCH AS X,Maybelline Lifter Glaze 005 Peach Quench,,Toiletries,Makeup,135,135 x piece,,,135,Piece,496.92,3.6809,USD,Per Case,5.0,521.77,3.86,USD 521.77,USD 521.77/case (135pk) · USD 3.86/unit,Enquire,,,FOB Jakarta,FOB Jakarta,Indonesia,Jakarta,,2026-09-25,No,No,,no unit size on the supplier line,
LOREAL_GARNIER,746,PT. Surya Graha Pasaraya,M77612,6902395977612,Maybelline,Maybelline,LIFTER GLAZE 006 CARAMEL GLOW AS X,Maybelline Lifter Glaze 006 Caramel Glow,,Toiletries,Makeup,135,135 x piece,,,135,Piece,496.92,3.6809,USD,Per Case,5.0,521.77,3.86,USD 521.77,USD 521.77/case (135pk) · USD 3.86/unit,Enquire,,,FOB Jakarta,FOB Jakarta,Indonesia,Jakarta,,2026-09-25,No,No,,no unit size on the supplier line,
LOREAL_GARNIER,747,PT. Surya Graha Pasaraya,M77629,6902395977629,Maybelline,Maybelline,LIFTER GLAZE 007 BERRY HAZE AS X,Maybelline Lifter Glaze 007 Berry HAZE,,Toiletries,Makeup,135,135 x piece,,,135,Piece,496.92,3.6809,USD,Per Case,5.0,521.77,3.86,USD 521.77,USD 521.77/case (135pk) · USD 3.86/unit,Enquire,,,FOB Jakarta,FOB Jakarta,Indonesia,Jakarta,,2026-09-25,No,No,,no unit size on the supplier line; name codes: HAZE,
LOREAL_GARNIER,748,PT. Surya Graha Pasaraya,M77568,6902395977568,Maybelline,Maybelline,LIFTER GLAZE 008 ACAI GLAZE AS X,Maybelline Lifter Glaze 008 ACAI Glaze,,Toiletries,Makeup,135,135 x piece,,,135,Piece,496.92,3.6809,USD,Per Case,5.0,521.77,3.86,USD 521.77,USD 521.77/case (135pk) · USD 3.86/unit,Enquire,,,FOB Jakarta,FOB Jakarta,Indonesia,Jakarta,,2026-09-25,No,No,,no unit size on the supplier line; name codes: ACAI,
LOREAL_GARNIER,749,PT. Surya Graha Pasaraya,M77636,6902395977636,Maybelline,Maybelline,LIFTER GLAZE 009 LATTE CRUSH AS X,Maybelline Lifter Glaze 009 Latte Crush,,Toiletries,Makeup,135,135 x piece,,,135,Piece,496.92,3.6809,USD,Per Case,5.0,521.77,3.86,USD 521.77,USD 521.77/case (135pk) · USD 3.86/unit,Enquire,,,FOB Jakarta,FOB Jakarta,Indonesia,Jakarta,,2026-09-25,No,No,,no unit size on the supplier line,
LOREAL_GARNIER,757,PT. Surya Graha Pasaraya,M72242,6902395972242,Maybelline,Maybelline,MYB SUPERSTAY TEDDY 15 SKINNYDIP AS X,Maybelline Superstay Teddy 15 Skinnydip,,Toiletries,Makeup,72,72 x piece,,,72,Piece,377.57,5.2441,USD,Per Case,5.0,396.45,5.51,USD 396.45,USD 396.45/case (72pk) · USD 5.51/unit,Enquire,,,FOB Jakarta,FOB Jakarta,Indonesia,Jakarta,,2026-09-25,No,No,,no unit size on the supplier line,
LOREAL_GARNIER,758,PT. Surya Graha Pasaraya,M72150,6902395972150,Maybelline,Maybelline,MYB SUPERSTAY TEDDY 25 BABY TEE AS X,Maybelline Superstay Teddy 25 Baby TEE,,Toiletries,Makeup,72,72 x piece,,,72,Piece,377.57,5.2441,USD,Per Case,5.0,396.45,5.51,USD 396.45,USD 396.45/case (72pk) · USD 5.51/unit,Enquire,,,FOB Jakarta,FOB Jakarta,Indonesia,Jakarta,,2026-09-25,No,No,,no unit size on the supplier line; name codes: TEE,
LOREAL_GARNIER,759,PT. Surya Graha Pasaraya,M72181,6902395972181,Maybelline,Maybelline,MYB SUPERSTAY TEDDY 30 COQUETTISH AS X,Maybelline Superstay Teddy 30 Coquettish,,Toiletries,Makeup,72,72 x piece,,,72,Piece,377.57,5.2441,USD,Per Case,5.0,396.45,5.51,USD 396.45,USD 396.45/case (72pk) · USD 5.51/unit,Enquire,,,FOB Jakarta,FOB Jakarta,Indonesia,Jakarta,,2026-09-25,No,No,,no unit size on the supplier line,
LOREAL_GARNIER,760,PT. Surya Graha Pasaraya,M72198,6902395972198,Maybelline,Maybelline,MYB SUPERSTAY TEDDY 35 JULYFOREVER AS X,Maybelline Superstay Teddy 35 Julyforever,,Toiletries,Makeup,72,72 x piece,,,72,Piece,377.57,5.2441,USD,Per Case,5.0,396.45,5.51,USD 396.45,USD 396.45/case (72pk) · USD 5.51/unit,Enquire,,,FOB Jakarta,FOB Jakarta,Indonesia,Jakarta,,2026-09-25,No,No,,no unit size on the supplier line,
LOREAL_GARNIER,761,PT. Surya Graha Pasaraya,M72167,6902395972167,Maybelline,Maybelline,MYB SUPERSTAY TEDDY 55 KNEE HIGH AS X,Maybelline Superstay Teddy 55 KNEE HIGH,,Toiletries,Makeup,72,72 x piece,,,72,Piece,377.57,5.2441,USD,Per Case,5.0,396.45,5.51,USD 396.45,USD 396.45/case (72pk) · USD 5.51/unit,Enquire,,,FOB Jakarta,FOB Jakarta,Indonesia,Jakarta,,2026-09-25,No,No,,"no unit size on the supplier line; name codes: HIGH, KNEE",
LOREAL_GARNIER,762,PT. Surya Graha Pasaraya,M72174,6902395972174,Maybelline,Maybelline,MYB SUPERSTAY TEDDY 60 COOL GRUNGE AS X,Maybelline Superstay Teddy 60 Cool Grunge,,Toiletries,Makeup,72,72 x piece,,,72,Piece,377.57,5.2441,USD,Per Case,5.0,396.45,5.51,USD 396.45,USD 396.45/case (72pk) · USD 5.51/unit,Enquire,,,FOB Jakarta,FOB Jakarta,Indonesia,Jakarta,,2026-09-25,No,No,,no unit size on the supplier line,
LOREAL_GARNIER,763,PT. Surya Graha Pasaraya,M72204,6902395972204,Maybelline,Maybelline,MYB SUPERSTAY TEDDY 65 PINKIEBESTI AS X,Maybelline Superstay Teddy 65 Pinkiebesti,,Toiletries,Makeup,72,72 x piece,,,72,Piece,377.57,5.2441,USD,Per Case,5.0,396.45,5.51,USD 396.45,USD 396.45/case (72pk) · USD 5.51/unit,Enquire,,,FOB Jakarta,FOB Jakarta,Indonesia,Jakarta,,2026-09-25,No,No,,no unit size on the supplier line,
LOREAL_GARNIER,764,PT. Surya Graha Pasaraya,M72211,6902395972211,Maybelline,Maybelline,MYB SUPERSTAY TEDDY 70 THE A+ AS X,Maybelline Superstay Teddy 70 THE A+,,Toiletries,Makeup,72,72 x piece,,,72,Piece,377.57,5.2441,USD,Per Case,5.0,396.45,5.51,USD 396.45,USD 396.45/case (72pk) · USD 5.51/unit,Enquire,,,FOB Jakarta,FOB Jakarta,Indonesia,Jakarta,,2026-09-25,No,No,,no unit size on the supplier line; bundle/value set - confirm what the case contains; name codes: THE,
LOREAL_GARNIER,765,PT. Surya Graha Pasaraya,M72228,6902395972228,Maybelline,Maybelline,MYB SUPERSTAY TEDDY 75 LATTE TO GO AS X,Maybelline Superstay Teddy 75 Latte TO GO,,Toiletries,Makeup,72,72 x piece,,,72,Piece,377.57,5.2441,USD,Per Case,5.0,396.45,5.51,USD 396.45,USD 396.45/case (72pk) · USD 5.51/unit,Enquire,,,FOB Jakarta,FOB Jakarta,Indonesia,Jakarta,,2026-09-25,No,No,,"no unit size on the supplier line; name codes: GO, TO",
LOREAL_GARNIER,766,PT. Surya Graha Pasaraya,M72235,6902395972235,Maybelline,Maybelline,MYB SUPERSTAY TEDDY 80 KEEPIT COZY AS X,Maybelline Superstay Teddy 80 Keepit COZY,,Toiletries,Makeup,72,72 x piece,,,72,Piece,377.57,5.2441,USD,Per Case,5.0,396.45,5.51,USD 396.45,USD 396.45/case (72pk) · USD 5.51/unit,Enquire,,,FOB Jakarta,FOB Jakarta,Indonesia,Jakarta,,2026-09-25,No,No,,no unit size on the supplier line; name codes: COZY,
LOREAL_GARNIER,767,PT. Surya Graha Pasaraya,M70033,6902395970033,Maybelline,Maybelline,MYB SUPERSTAY LUMI MATTE 110 AS X,Maybelline Superstay Lumi Matte 110,,Toiletries,Makeup,24,24 x piece,,,24,Piece,138.32,5.7632,USD,Per Case,5.0,145.23,6.05,USD 145.23,USD 145.23/case (24pk) · USD 6.05/unit,Enquire,,,FOB Jakarta,FOB Jakarta,Indonesia,Jakarta,,2026-09-25,No,No,,no unit size on the supplier line,
LOREAL_GARNIER,768,PT. Surya Graha Pasaraya,M70040,6902395970040,Maybelline,Maybelline,MYB SUPERSTAY LUMI MATTE 111 AS X,Maybelline Superstay Lumi Matte 111,,Toiletries,Makeup,24,24 x piece,,,24,Piece,138.32,5.7632,USD,Per Case,5.0,145.23,6.05,USD 145.23,USD 145.23/case (24pk) · USD 6.05/unit,Enquire,,,FOB Jakarta,FOB Jakarta,Indonesia,Jakarta,,2026-09-25,No,No,,no unit size on the supplier line,
LOREAL_GARNIER,769,PT. Surya Graha Pasaraya,M70057,6902395970057,Maybelline,Maybelline,MYB SUPERSTAY LUMI MATTE 115 AS X,Maybelline Superstay Lumi Matte 115,,Toiletries,Makeup,24,24 x piece,,,24,Piece,138.32,5.7632,USD,Per Case,5.0,145.23,6.05,USD 145.23,USD 145.23/case (24pk) · USD 6.05/unit,Enquire,,,FOB Jakarta,FOB Jakarta,Indonesia,Jakarta,,2026-09-25,No,No,,no unit size on the supplier line,
LOREAL_GARNIER,770,PT. Surya Graha Pasaraya,M70064,6902395970064,Maybelline,Maybelline,MYB SUPERSTAY LUMI MATTE 119 AS X,Maybelline Superstay Lumi Matte 119,,Toiletries,Makeup,24,24 x piece,,,24,Piece,138.32,5.7632,USD,Per Case,5.0,145.23,6.05,USD 145.23,USD 145.23/case (24pk) · USD 6.05/unit,Enquire,,,FOB Jakarta,FOB Jakarta,Indonesia,Jakarta,,2026-09-25,No,No,,no unit size on the supplier line,
LOREAL_GARNIER,771,PT. Surya Graha Pasaraya,M70071,6902395970071,Maybelline,Maybelline,MYB SUPERSTAY LUMI MATTE 120 AS X,Maybelline Superstay Lumi Matte 120,,Toiletries,Makeup,24,24 x piece,,,24,Piece,138.32,5.7632,USD,Per Case,5.0,145.23,6.05,USD 145.23,USD 145.23/case (24pk) · USD 6.05/unit,Enquire,,,FOB Jakarta,FOB Jakarta,Indonesia,Jakarta,,2026-09-25,No,No,,no unit size on the supplier line,
LOREAL_GARNIER,772,PT. Surya Graha Pasaraya,M70095,6902395970095,Maybelline,Maybelline,MYB SUPERSTAY LUMI MATTE 123 AS X,Maybelline Superstay Lumi Matte 123,,Toiletries,Makeup,24,24 x piece,,,24,Piece,138.32,5.7632,USD,Per Case,5.0,145.23,6.05,USD 145.23,USD 145.23/case (24pk) · USD 6.05/unit,Enquire,,,FOB Jakarta,FOB Jakarta,Indonesia,Jakarta,,2026-09-25,No,No,,no unit size on the supplier line,
LOREAL_GARNIER,773,PT. Surya Graha Pasaraya,M70101,6902395970101,Maybelline,Maybelline,MYB SUPERSTAY LUMI MATTE 125 AS X,Maybelline Superstay Lumi Matte 125,,Toiletries,Makeup,24,24 x piece,,,24,Piece,138.32,5.7632,USD,Per Case,5.0,145.23,6.05,USD 145.23,USD 145.23/case (24pk) · USD 6.05/unit,Enquire,,,FOB Jakarta,FOB Jakarta,Indonesia,Jakarta,,2026-09-25,No,No,,no unit size on the supplier line,
LOREAL_GARNIER,774,PT. Surya Graha Pasaraya,M70118,6902395970118,Maybelline,Maybelline,MYB SUPERSTAY LUMI MATTE 128 AS X,Maybelline Superstay Lumi Matte 128,,Toiletries,Makeup,24,24 x piece,,,24,Piece,138.32,5.7632,USD,Per Case,5.0,145.23,6.05,USD 145.23,USD 145.23/case (24pk) · USD 6.05/unit,Enquire,,,FOB Jakarta,FOB Jakarta,Indonesia,Jakarta,,2026-09-25,No,No,,no unit size on the supplier line,
LOREAL_GARNIER,775,PT. Surya Graha Pasaraya,M70156,6902395970156,Maybelline,Maybelline,MYB SUPERSTAY LUMI MATTE 220 AS X,Maybelline Superstay Lumi Matte 220,,Toiletries,Makeup,24,24 x piece,,,24,Piece,138.32,5.7632,USD,Per Case,5.0,145.23,6.05,USD 145.23,USD 145.23/case (24pk) · USD 6.05/unit,Enquire,,,FOB Jakarta,FOB Jakarta,Indonesia,Jakarta,,2026-09-25,No,No,,no unit size on the supplier line,
LOREAL_GARNIER,776,PT. Surya Graha Pasaraya,M70163,6902395970163,Maybelline,Maybelline,MYB SUPERSTAY LUMI MATTE 228 AS X,Maybelline Superstay Lumi Matte 228,,Toiletries,Makeup,24,24 x piece,,,24,Piece,138.32,5.7632,USD,Per Case,5.0,145.23,6.05,USD 145.23,USD 145.23/case (24pk) · USD 6.05/unit,Enquire,,,FOB Jakarta,FOB Jakarta,Indonesia,Jakarta,,2026-09-25,No,No,,no unit size on the supplier line,
LOREAL_GARNIER,777,PT. Surya Graha Pasaraya,M70170,6902395970170,Maybelline,Maybelline,MYB SUPERSTAY LUMI MATTE 230 AS X,Maybelline Superstay Lumi Matte 230,,Toiletries,Makeup,24,24 x piece,,,24,Piece,138.32,5.7632,USD,Per Case,5.0,145.23,6.05,USD 145.23,USD 145.23/case (24pk) · USD 6.05/unit,Enquire,,,FOB Jakarta,FOB Jakarta,Indonesia,Jakarta,,2026-09-25,No,No,,no unit size on the supplier line,
LOREAL_GARNIER,778,PT. Surya Graha Pasaraya,M70217,6902395970217,Maybelline,Maybelline,MYB SUPERSTAY LUMI MATTE 330 AS X,Maybelline Superstay Lumi Matte 330,,Toiletries,Makeup,24,24 x piece,,,24,Piece,138.32,5.7632,USD,Per Case,5.0,145.23,6.05,USD 145.23,USD 145.23/case (24pk) · USD 6.05/unit,Enquire,,,FOB Jakarta,FOB Jakarta,Indonesia,Jakarta,,2026-09-25,No,No,,no unit size on the supplier line,
LOREAL_GARNIER,779,PT. Surya Graha Pasaraya,M77148,6902395977148,Maybelline,Maybelline,MYB SUPERSTAY LUMI 110 TUBE18MLASX,Maybelline Superstay Lumi 110 Tube18Mlasx,,Toiletries,Makeup,90,90 x piece,,,90,Piece,322.25,3.5806,USD,Per Case,5.0,338.37,3.76,USD 338.37,USD 338.37/case (90pk) · USD 3.76/unit,Enquire,,,FOB Jakarta,FOB Jakarta,Indonesia,Jakarta,,2026-09-25,No,No,,no unit size on the supplier line,
LOREAL_GARNIER,780,PT. Surya Graha Pasaraya,M77155,6902395977155,Maybelline,Maybelline,MYB SUPERSTAY LUMI 111 TUBE18MLASX,Maybelline Superstay Lumi 111 Tube18Mlasx,,Toiletries,Makeup,90,90 x piece,,,90,Piece,322.25,3.5806,USD,Per Case,5.0,338.37,3.76,USD 338.37,USD 338.37/case (90pk) · USD 3.76/unit,Enquire,,,FOB Jakarta,FOB Jakarta,Indonesia,Jakarta,,2026-09-25,No,No,,no unit size on the supplier line,
LOREAL_GARNIER,781,PT. Surya Graha Pasaraya,M77162,6902395977162,Maybelline,Maybelline,MYB SUPERSTAY LUMI 119 TUBE18MLASX,Maybelline Superstay Lumi 119 Tube18Mlasx,,Toiletries,Makeup,90,90 x piece,,,90,Piece,322.25,3.5806,USD,Per Case,5.0,338.37,3.76,USD 338.37,USD 338.37/case (90pk) · USD 3.76/unit,Enquire,,,FOB Jakarta,FOB Jakarta,Indonesia,Jakarta,,2026-09-25,No,No,,no unit size on the supplier line,
LOREAL_GARNIER,782,PT. Surya Graha Pasaraya,M77179,6902395977179,Maybelline,Maybelline,MYB SUPERSTAY LUMI 120 TUBE18MLASX,Maybelline Superstay Lumi 120 Tube18Mlasx,,Toiletries,Makeup,90,90 x piece,,,90,Piece,322.25,3.5806,USD,Per Case,5.0,338.37,3.76,USD 338.37,USD 338.37/case (90pk) · USD 3.76/unit,Enquire,,,FOB Jakarta,FOB Jakarta,Indonesia,Jakarta,,2026-09-25,No,No,,no unit size on the supplier line,
LOREAL_GARNIER,783,PT. Surya Graha Pasaraya,M77186,6902395977186,Maybelline,Maybelline,MYB SUPERSTAY LUMI 128 TUBE18MLASX,Maybelline Superstay Lumi 128 Tube18Mlasx,,Toiletries,Makeup,90,90 x piece,,,90,Piece,322.25,3.5806,USD,Per Case,5.0,338.37,3.76,USD 338.37,USD 338.37/case (90pk) · USD 3.76/unit,Enquire,,,FOB Jakarta,FOB Jakarta,Indonesia,Jakarta,,2026-09-25,No,No,,no unit size on the supplier line,
LOREAL_GARNIER,784,PT. Surya Graha Pasaraya,M77193,6902395977193,Maybelline,Maybelline,MYB SUPERSTAY LUMI 220 TUBE18MLASX,Maybelline Superstay Lumi 220 Tube18Mlasx,,Toiletries,Makeup,90,90 x piece,,,90,Piece,322.25,3.5806,USD,Per Case,5.0,338.37,3.76,USD 338.37,USD 338.37/case (90pk) · USD 3.76/unit,Enquire,,,FOB Jakarta,FOB Jakarta,Indonesia,Jakarta,,2026-09-25,No,No,,no unit size on the supplier line,
LOREAL_GARNIER,785,PT. Surya Graha Pasaraya,M82234,6902395982234,Maybelline,Maybelline,MYB SUPERSTAY BABY CUSH 110.5 AS X,Maybelline Superstay Baby Cushion 110.5,,Toiletries,Makeup,72,72 x piece,,,72,Piece,535.57,7.4385,USD,Per Case,5.0,562.35,7.81,USD 562.35,USD 562.35/case (72pk) · USD 7.81/unit,Enquire,,,FOB Jakarta,FOB Jakarta,Indonesia,Jakarta,,2026-09-25,No,No,,no unit size on the supplier line,
LOREAL_GARNIER,786,PT. Surya Graha Pasaraya,M82241,6902395982241,Maybelline,Maybelline,MYB SUPERSTAY BABY CUSH 111.5 AS X,Maybelline Superstay Baby Cushion 111.5,,Toiletries,Makeup,72,72 x piece,,,72,Piece,535.57,7.4385,USD,Per Case,5.0,562.35,7.81,USD 562.35,USD 562.35/case (72pk) · USD 7.81/unit,Enquire,,,FOB Jakarta,FOB Jakarta,Indonesia,Jakarta,,2026-09-25,No,No,,no unit size on the supplier line,
LOREAL_GARNIER,787,PT. Surya Graha Pasaraya,M82265,6902395982265,Maybelline,Maybelline,MYB SUPERSTAY BABY CUSH 118.5 AS X,Maybelline Superstay Baby Cushion 118.5,,Toiletries,Makeup,72,72 x piece,,,72,Piece,535.57,7.4385,USD,Per Case,5.0,562.35,7.81,USD 562.35,USD 562.35/case (72pk) · USD 7.81/unit,Enquire,,,FOB Jakarta,FOB Jakarta,Indonesia,Jakarta,,2026-09-25,No,No,,no unit size on the supplier line,
LOREAL_GARNIER,788,PT. Surya Graha Pasaraya,M82272,6902395982272,Maybelline,Maybelline,MYB SUPERSTAY BABY CUSH 120 AS X,Maybelline Superstay Baby Cushion 120,,Toiletries,Makeup,72,72 x piece,,,72,Piece,535.57,7.4385,USD,Per Case,5.0,562.35,7.81,USD 562.35,USD 562.35/case (72pk) · USD 7.81/unit,Enquire,,,FOB Jakarta,FOB Jakarta,Indonesia,Jakarta,,2026-09-25,No,No,,no unit size on the supplier line,
LOREAL_GARNIER,789,PT. Surya Graha Pasaraya,M82289,6902395982289,Maybelline,Maybelline,MYB SUPERSTAY BABY CUSH 120.5 AS X,Maybelline Superstay Baby Cushion 120.5,,Toiletries,Makeup,72,72 x piece,,,72,Piece,535.57,7.4385,USD,Per Case,5.0,562.35,7.81,USD 562.35,USD 562.35/case (72pk) · USD 7.81/unit,Enquire,,,FOB Jakarta,FOB Jakarta,Indonesia,Jakarta,,2026-09-25,No,No,,no unit size on the supplier line,
LOREAL_GARNIER,790,PT. Surya Graha Pasaraya,M82296,6902395982296,Maybelline,Maybelline,MYB SUPERSTAY BABY CUSH 123.5 AS X,Maybelline Superstay Baby Cushion 123.5,,Toiletries,Makeup,72,72 x piece,,,72,Piece,535.57,7.4385,USD,Per Case,5.0,562.35,7.81,USD 562.35,USD 562.35/case (72pk) · USD 7.81/unit,Enquire,,,FOB Jakarta,FOB Jakarta,Indonesia,Jakarta,,2026-09-25,No,No,,no unit size on the supplier line,
LOREAL_GARNIER,791,PT. Surya Graha Pasaraya,M82302,6902395982302,Maybelline,Maybelline,MYB SUPERSTAY BABY CUSH 128 AS X,Maybelline Superstay Baby Cushion 128,,Toiletries,Makeup,72,72 x piece,,,72,Piece,535.57,7.4385,USD,Per Case,5.0,562.35,7.81,USD 562.35,USD 562.35/case (72pk) · USD 7.81/unit,Enquire,,,FOB Jakarta,FOB Jakarta,Indonesia,Jakarta,,2026-09-25,No,No,,no unit size on the supplier line,
LOREAL_GARNIER,792,PT. Surya Graha Pasaraya,M82319,6902395982319,Maybelline,Maybelline,MYB SUPERSTAY BABY CUSH 132 AS X,Maybelline Superstay Baby Cushion 132,,Toiletries,Makeup,72,72 x piece,,,72,Piece,535.57,7.4385,USD,Per Case,5.0,562.35,7.81,USD 562.35,USD 562.35/case (72pk) · USD 7.81/unit,Enquire,,,FOB Jakarta,FOB Jakarta,Indonesia,Jakarta,,2026-09-25,No,No,,no unit size on the supplier line,
LOREAL_GARNIER,793,PT. Surya Graha Pasaraya,M82333,6902395982333,Maybelline,Maybelline,MYB SUPERSTAY BABY CUSH 220 AS X,Maybelline Superstay Baby Cushion 220,,Toiletries,Makeup,72,72 x piece,,,72,Piece,535.57,7.4385,USD,Per Case,5.0,562.35,7.81,USD 562.35,USD 562.35/case (72pk) · USD 7.81/unit,Enquire,,,FOB Jakarta,FOB Jakarta,Indonesia,Jakarta,,2026-09-25,No,No,,no unit size on the supplier line,
LOREAL_GARNIER,794,PT. Surya Graha Pasaraya,M82340,6902395982340,Maybelline,Maybelline,MYB SUPERSTAY BABY CUSH 230.5 OS AS X,Maybelline Superstay Baby Cushion 230.5,,Toiletries,Makeup,72,72 x piece,,,72,Piece,535.57,7.4385,USD,Per Case,5.0,562.35,7.81,USD 562.35,USD 562.35/case (72pk) · USD 7.81/unit,Enquire,,,FOB Jakarta,FOB Jakarta,Indonesia,Jakarta,,2026-09-25,No,No,,no unit size on the supplier line,
LOREAL_GARNIER,795,PT. Surya Graha Pasaraya,M82470,6902395982470,Maybelline,Maybelline,MYB SUPERSTAY BABY CUSH 110.5 REF AS X,Maybelline Superstay Baby Cushion 110.5 Refill,,Toiletries,Makeup,96,96 x piece,,,96,Piece,463.79,4.8312,USD,Per Case,5.0,486.98,5.07,USD 486.98,USD 486.98/case (96pk) · USD 5.07/unit,Enquire,,,FOB Jakarta,FOB Jakarta,Indonesia,Jakarta,,2026-09-25,No,No,,no unit size on the supplier line,
LOREAL_GARNIER,796,PT. Surya Graha Pasaraya,M82487,6902395982487,Maybelline,Maybelline,MYB SUPERSTAY BABY CUSH 111.5 REF AS X,Maybelline Superstay Baby Cushion 111.5 Refill,,Toiletries,Makeup,96,96 x piece,,,96,Piece,463.79,4.8312,USD,Per Case,5.0,486.98,5.07,USD 486.98,USD 486.98/case (96pk) · USD 5.07/unit,Enquire,,,FOB Jakarta,FOB Jakarta,Indonesia,Jakarta,,2026-09-25,No,No,,no unit size on the supplier line,
LOREAL_GARNIER,797,PT. Surya Graha Pasaraya,M82500,6902395982500,Maybelline,Maybelline,MYB SUPERSTAY BABY CUSH 118.5 REF AS X,Maybelline Superstay Baby Cushion 118.5 Refill,,Toiletries,Makeup,96,96 x piece,,,96,Piece,463.79,4.8312,USD,Per Case,5.0,486.98,5.07,USD 486.98,USD 486.98/case (96pk) · USD 5.07/unit,Enquire,,,FOB Jakarta,FOB Jakarta,Indonesia,Jakarta,,2026-09-25,No,No,,no unit size on the supplier line,
LOREAL_GARNIER,798,PT. Surya Graha Pasaraya,M82517,6902395982517,Maybelline,Maybelline,MYB SUPERSTAY BABY CUSH 120 REF AS X,Maybelline Superstay Baby Cushion 120 Refill,,Toiletries,Makeup,96,96 x piece,,,96,Piece,463.79,4.8312,USD,Per Case,5.0,486.98,5.07,USD 486.98,USD 486.98/case (96pk) · USD 5.07/unit,Enquire,,,FOB Jakarta,FOB Jakarta,Indonesia,Jakarta,,2026-09-25,No,No,,no unit size on the supplier line,
LOREAL_GARNIER,799,PT. Surya Graha Pasaraya,M82524,6902395982524,Maybelline,Maybelline,MYB SUPERSTAY BABY CUSH 120.5 REF AS X,Maybelline Superstay Baby Cushion 120.5 Refill,,Toiletries,Makeup,96,96 x piece,,,96,Piece,463.79,4.8312,USD,Per Case,5.0,486.98,5.07,USD 486.98,USD 486.98/case (96pk) · USD 5.07/unit,Enquire,,,FOB Jakarta,FOB Jakarta,Indonesia,Jakarta,,2026-09-25,No,No,,no unit size on the supplier line,
LOREAL_GARNIER,800,PT. Surya Graha Pasaraya,M82531,6902395982531,Maybelline,Maybelline,MYB SUPERSTAY BABY CUSH 123.5 REF AS X,Maybelline Superstay Baby Cushion 123.5 Refill,,Toiletries,Makeup,96,96 x piece,,,96,Piece,463.79,4.8312,USD,Per Case,5.0,486.98,5.07,USD 486.98,USD 486.98/case (96pk) · USD 5.07/unit,Enquire,,,FOB Jakarta,FOB Jakarta,Indonesia,Jakarta,,2026-09-25,No,No,,no unit size on the supplier line,
LOREAL_GARNIER,801,PT. Surya Graha Pasaraya,M82548,6902395982548,Maybelline,Maybelline,MYB SUPERSTAY BABY CUSH 128 REF AS X,Maybelline Superstay Baby Cushion 128 Refill,,Toiletries,Makeup,96,96 x piece,,,96,Piece,463.79,4.8312,USD,Per Case,5.0,486.98,5.07,USD 486.98,USD 486.98/case (96pk) · USD 5.07/unit,Enquire,,,FOB Jakarta,FOB Jakarta,Indonesia,Jakarta,,2026-09-25,No,No,,no unit size on the supplier line,
LOREAL_GARNIER,802,PT. Surya Graha Pasaraya,M82555,6902395982555,Maybelline,Maybelline,MYB SUPERSTAY BABY CUSH 132 REF AS X,Maybelline Superstay Baby Cushion 132 Refill,,Toiletries,Makeup,96,96 x piece,,,96,Piece,463.79,4.8312,USD,Per Case,5.0,486.98,5.07,USD 486.98,USD 486.98/case (96pk) · USD 5.07/unit,Enquire,,,FOB Jakarta,FOB Jakarta,Indonesia,Jakarta,,2026-09-25,No,No,,no unit size on the supplier line,
LOREAL_GARNIER,803,PT. Surya Graha Pasaraya,M82579,6902395982579,Maybelline,Maybelline,MYB SUPERSTAY BABY CUSH 220 REF AS X,Maybelline Superstay Baby Cushion 220 Refill,,Toiletries,Makeup,96,96 x piece,,,96,Piece,463.79,4.8312,USD,Per Case,5.0,486.98,5.07,USD 486.98,USD 486.98/case (96pk) · USD 5.07/unit,Enquire,,,FOB Jakarta,FOB Jakarta,Indonesia,Jakarta,,2026-09-25,No,No,,no unit size on the supplier line,
LOREAL_GARNIER,804,PT. Surya Graha Pasaraya,M82586,6902395982586,Maybelline,Maybelline,MYB SUPERSTAY BB CUSH 230.5 REF OS AS X,Maybelline Superstay Bb Cushion 230.5 Refill,,Toiletries,Makeup,96,96 x piece,,,96,Piece,463.79,4.8312,USD,Per Case,5.0,486.98,5.07,USD 486.98,USD 486.98/case (96pk) · USD 5.07/unit,Enquire,,,FOB Jakarta,FOB Jakarta,Indonesia,Jakarta,,2026-09-25,No,No,,no unit size on the supplier line,
LOREAL_GARNIER,805,PT. Surya Graha Pasaraya,M53510,6902395853510,Maybelline,Maybelline,MYB IAR ERASER 2023 CLEAN 120 AS X,Maybelline IAR Eraser 2023 Clean 120,,Toiletries,Makeup,96,96 x piece,,,96,Piece,573.65,5.9755,USD,Per Case,5.0,602.33,6.27,USD 602.33,USD 602.33/case (96pk) · USD 6.27/unit,Enquire,,,FOB Jakarta,FOB Jakarta,Indonesia,Jakarta,,2026-09-25,No,No,,no unit size on the supplier line; name codes: IAR,
LOREAL_GARNIER,806,PT. Surya Graha Pasaraya,M53527,6902395853527,Maybelline,Maybelline,MYB IAR ERASER 2023 CLEAN 122 AS X,Maybelline IAR Eraser 2023 Clean 122,,Toiletries,Makeup,96,96 x piece,,,96,Piece,573.65,5.9755,USD,Per Case,5.0,602.33,6.27,USD 602.33,USD 602.33/case (96pk) · USD 6.27/unit,Enquire,,,FOB Jakarta,FOB Jakarta,Indonesia,Jakarta,,2026-09-25,No,No,,no unit size on the supplier line; name codes: IAR,
LOREAL_GARNIER,807,PT. Surya Graha Pasaraya,M53534,6902395853534,Maybelline,Maybelline,MYB IAR ERASER 2023 CLEAN 130 AS X,Maybelline IAR Eraser 2023 Clean 130,,Toiletries,Makeup,96,96 x piece,,,96,Piece,573.65,5.9755,USD,Per Case,5.0,602.33,6.27,USD 602.33,USD 602.33/case (96pk) · USD 6.27/unit,Enquire,,,FOB Jakarta,FOB Jakarta,Indonesia,Jakarta,,2026-09-25,No,No,,no unit size on the supplier line; name codes: IAR,
LOREAL_GARNIER,808,PT. Surya Graha Pasaraya,M53596,6902395853596,Maybelline,Maybelline,MYB IAR ERASER 2023 CLEAN 150 AS X,Maybelline IAR Eraser 2023 Clean 150,,Toiletries,Makeup,96,96 x piece,,,96,Piece,573.65,5.9755,USD,Per Case,5.0,602.33,6.27,USD 602.33,USD 602.33/case (96pk) · USD 6.27/unit,Enquire,,,FOB Jakarta,FOB Jakarta,Indonesia,Jakarta,,2026-09-25,No,No,,no unit size on the supplier line; name codes: IAR,
LOREAL_GARNIER,809,PT. Surya Graha Pasaraya,M77230,6902395977230,Maybelline,Maybelline,MYB SUPERSTAY FLEX PWD FDT 110 AS X,Maybelline Superstay Flex Powder Foundation 110,,Toiletries,Makeup,72,72 x piece,,,72,Piece,479.51,6.6598,USD,Per Case,5.0,503.48,6.99,USD 503.48,USD 503.48/case (72pk) · USD 6.99/unit,Enquire,,,FOB Jakarta,FOB Jakarta,Indonesia,Jakarta,,2026-09-25,No,No,Perubahan harga per Juli 2025,no unit size on the supplier line,
LOREAL_GARNIER,810,PT. Surya Graha Pasaraya,M77247,6902395977247,Maybelline,Maybelline,MYB SUPERSTAY FLEX PWD FDT 111 AS X,Maybelline Superstay Flex Powder Foundation 111,,Toiletries,Makeup,72,72 x piece,,,72,Piece,479.51,6.6598,USD,Per Case,5.0,503.48,6.99,USD 503.48,USD 503.48/case (72pk) · USD 6.99/unit,Enquire,,,FOB Jakarta,FOB Jakarta,Indonesia,Jakarta,,2026-09-25,No,No,Perubahan harga per Juli 2025,no unit size on the supplier line,
LOREAL_GARNIER,811,PT. Surya Graha Pasaraya,M77254,6902395977254,Maybelline,Maybelline,MYB SUPERSTAY FLEX PWD FDT 115 AS X,Maybelline Superstay Flex Powder Foundation 115,,Toiletries,Makeup,72,72 x piece,,,72,Piece,479.51,6.6598,USD,Per Case,5.0,503.48,6.99,USD 503.48,USD 503.48/case (72pk) · USD 6.99/unit,Enquire,,,FOB Jakarta,FOB Jakarta,Indonesia,Jakarta,,2026-09-25,No,No,Perubahan harga per Juli 2025,no unit size on the supplier line,
LOREAL_GARNIER,812,PT. Surya Graha Pasaraya,M77261,6902395977261,Maybelline,Maybelline,MYB SUPERSTAY FLEX PWD FDT 119 AS X,Maybelline Superstay Flex Powder Foundation 119,,Toiletries,Makeup,72,72 x piece,,,72,Piece,479.51,6.6598,USD,Per Case,5.0,503.48,6.99,USD 503.48,USD 503.48/case (72pk) · USD 6.99/unit,Enquire,,,FOB Jakarta,FOB Jakarta,Indonesia,Jakarta,,2026-09-25,No,No,Perubahan harga per Juli 2025,no unit size on the supplier line,
LOREAL_GARNIER,813,PT. Surya Graha Pasaraya,M77278,6902395977278,Maybelline,Maybelline,MYB SUPERSTAY FLEX PWD FDT 120 AS X,Maybelline Superstay Flex Powder Foundation 120,,Toiletries,Makeup,72,72 x piece,,,72,Piece,479.51,6.6598,USD,Per Case,5.0,503.48,6.99,USD 503.48,USD 503.48/case (72pk) · USD 6.99/unit,Enquire,,,FOB Jakarta,FOB Jakarta,Indonesia,Jakarta,,2026-09-25,No,No,Perubahan harga per Juli 2025,no unit size on the supplier line,
LOREAL_GARNIER,814,PT. Surya Graha Pasaraya,M77292,6902395977292,Maybelline,Maybelline,MYB SUPERSTAY FLEX PWD FDT 128 AS X,Maybelline Superstay Flex Powder Foundation 128,,Toiletries,Makeup,72,72 x piece,,,72,Piece,479.51,6.6598,USD,Per Case,5.0,503.48,6.99,USD 503.48,USD 503.48/case (72pk) · USD 6.99/unit,Enquire,,,FOB Jakarta,FOB Jakarta,Indonesia,Jakarta,,2026-09-25,No,No,Perubahan harga per Juli 2025,no unit size on the supplier line,
LOREAL_GARNIER,815,PT. Surya Graha Pasaraya,M77308,6902395977308,Maybelline,Maybelline,MYB SUPERSTAY FLEX PWD FDT 220 AS X,Maybelline Superstay Flex Powder Foundation 220,,Toiletries,Makeup,72,72 x piece,,,72,Piece,479.51,6.6598,USD,Per Case,5.0,503.48,6.99,USD 503.48,USD 503.48/case (72pk) · USD 6.99/unit,Enquire,,,FOB Jakarta,FOB Jakarta,Indonesia,Jakarta,,2026-09-25,No,No,Perubahan harga per Juli 2025,no unit size on the supplier line,
LOREAL_GARNIER,816,PT. Surya Graha Pasaraya,M77315,6902395977315,Maybelline,Maybelline,MYB SUPERSTAY FLEX PWD FDT 228 AS X,Maybelline Superstay Flex Powder Foundation 228,,Toiletries,Makeup,72,72 x piece,,,72,Piece,479.51,6.6598,USD,Per Case,5.0,503.48,6.99,USD 503.48,USD 503.48/case (72pk) · USD 6.99/unit,Enquire,,,FOB Jakarta,FOB Jakarta,Indonesia,Jakarta,,2026-09-25,No,No,Perubahan harga per Juli 2025,no unit size on the supplier line,
LOREAL_GARNIER,817,PT. Surya Graha Pasaraya,M75359,6902395975359,Maybelline,Maybelline,MYB SUPERSTAY MAT INK 545Disrupter AS X,Maybelline Superstay Matte Ink 545Disrupter,,Toiletries,Makeup,126,126 x piece,,,126,Piece,651.09,5.1674,USD,Per Case,5.0,683.65,5.43,USD 683.65,USD 683.65/case (126pk) · USD 5.43/unit,Enquire,,,FOB Jakarta,FOB Jakarta,Indonesia,Jakarta,,2026-09-25,No,No,,no unit size on the supplier line,
LOREAL_GARNIER,818,PT. Surya Graha Pasaraya,M75328,6902395975328,Maybelline,Maybelline,MYB SUPERSTAY MAT INK 530 Warrior AS X,Maybelline Superstay Matte Ink 530 Warrior,,Toiletries,Makeup,126,126 x piece,,,126,Piece,651.09,5.1674,USD,Per Case,5.0,683.65,5.43,USD 683.65,USD 683.65/case (126pk) · USD 5.43/unit,Enquire,,,FOB Jakarta,FOB Jakarta,Indonesia,Jakarta,,2026-09-25,No,No,,no unit size on the supplier line,
LOREAL_GARNIER,819,PT. Surya Graha Pasaraya,M75274,6902395975274,Maybelline,Maybelline,MYB SUPERSTAY MAT INK 505Entertain AS X,Maybelline Superstay Matte Ink 505Entertain,,Toiletries,Makeup,126,126 x piece,,,126,Piece,651.09,5.1674,USD,Per Case,5.0,683.65,5.43,USD 683.65,USD 683.65/case (126pk) · USD 5.43/unit,Enquire,,,FOB Jakarta,FOB Jakarta,Indonesia,Jakarta,,2026-09-25,No,No,,no unit size on the supplier line,
LOREAL_GARNIER,820,PT. Surya Graha Pasaraya,M75281,6902395975281,Maybelline,Maybelline,MYB SUPERSTAY MAT INK 510 Charmer AS X,Maybelline Superstay Matte Ink 510 Charmer,,Toiletries,Makeup,126,126 x piece,,,126,Piece,651.09,5.1674,USD,Per Case,5.0,683.65,5.43,USD 683.65,USD 683.65/case (126pk) · USD 5.43/unit,Enquire,,,FOB Jakarta,FOB Jakarta,Indonesia,Jakarta,,2026-09-25,No,No,,no unit size on the supplier line,
LOREAL_GARNIER,821,PT. Surya Graha Pasaraya,M75298,6902395975298,Maybelline,Maybelline,MYB SUPERSTAY MAT INK 515 Renegade AS X,Maybelline Superstay Matte Ink 515 Renegade,,Toiletries,Makeup,126,126 x piece,,,126,Piece,651.09,5.1674,USD,Per Case,5.0,683.65,5.43,USD 683.65,USD 683.65/case (126pk) · USD 5.43/unit,Enquire,,,FOB Jakarta,FOB Jakarta,Indonesia,Jakarta,,2026-09-25,No,No,,no unit size on the supplier line,
LOREAL_GARNIER,822,PT. Surya Graha Pasaraya,M75304,6902395975304,Maybelline,Maybelline,MYB SUPERSTAY MAT INK 520 Champion AS X,Maybelline Superstay Matte Ink 520 Champion,,Toiletries,Makeup,126,126 x piece,,,126,Piece,651.09,5.1674,USD,Per Case,5.0,683.65,5.43,USD 683.65,USD 683.65/case (126pk) · USD 5.43/unit,Enquire,,,FOB Jakarta,FOB Jakarta,Indonesia,Jakarta,,2026-09-25,No,No,,no unit size on the supplier line,
LOREAL_GARNIER,823,PT. Surya Graha Pasaraya,M75335,6902395975335,Maybelline,Maybelline,MYB SUPERSTAY MAT INK 535 Wildcard AS X,Maybelline Superstay Matte Ink 535 Wildcard,,Toiletries,Makeup,126,126 x piece,,,126,Piece,651.09,5.1674,USD,Per Case,5.0,683.65,5.43,USD 683.65,USD 683.65/case (126pk) · USD 5.43/unit,Enquire,,,FOB Jakarta,FOB Jakarta,Indonesia,Jakarta,,2026-09-25,No,No,,no unit size on the supplier line,
LOREAL_GARNIER,824,PT. Surya Graha Pasaraya,M75267,6902395975267,Maybelline,Maybelline,MYB SUPERSTAY MAT INK 500 Insider AS X,Maybelline Superstay Matte Ink 500 Insider,,Toiletries,Makeup,126,126 x piece,,,126,Piece,651.09,5.1674,USD,Per Case,5.0,683.65,5.43,USD 683.65,USD 683.65/case (126pk) · USD 5.43/unit,Enquire,,,FOB Jakarta,FOB Jakarta,Indonesia,Jakarta,,2026-09-25,No,No,,no unit size on the supplier line,
LOREAL_GARNIER,825,PT. Surya Graha Pasaraya,M75649,6902395975649,Maybelline,Maybelline,MYB SUPERSTAY MAT INK 155 PATHFIND AS X,Maybelline Superstay Matte Ink 155 Pathfind,,Toiletries,Makeup,126,126 x piece,,,126,Piece,651.09,5.1674,USD,Per Case,5.0,683.65,5.43,USD 683.65,USD 683.65/case (126pk) · USD 5.43/unit,Enquire,,,FOB Jakarta,FOB Jakarta,Indonesia,Jakarta,,2026-09-25,No,No,,no unit size on the supplier line,
LOREAL_GARNIER,826,PT. Surya Graha Pasaraya,M43681,041554543681,Maybelline,Maybelline,MYB SUPERSTAY MATTE INK-POET,Maybelline Superstay Matte Ink-Poet,,Toiletries,Makeup,126,126 x piece,,,126,Piece,651.09,5.1674,USD,Per Case,5.0,683.65,5.43,USD 683.65,USD 683.65/case (126pk) · USD 5.43/unit,Enquire,,,FOB Jakarta,FOB Jakarta,Indonesia,Jakarta,,2026-09-25,No,No,,no unit size on the supplier line,
LOREAL_GARNIER,827,PT. Surya Graha Pasaraya,M77846,041554577846,Maybelline,Maybelline,MYB SUPERSTAY MATTE INK PINKS REVOLUTIONARY,Maybelline Superstay Matte Ink Pinks Revolutionary,,Toiletries,Makeup,126,126 x piece,,,126,Piece,651.09,5.1674,USD,Per Case,5.0,683.65,5.43,USD 683.65,USD 683.65/case (126pk) · USD 5.43/unit,Enquire,,,FOB Jakarta,FOB Jakarta,Indonesia,Jakarta,,2026-09-25,No,No,,no unit size on the supplier line,
LOREAL_GARNIER,828,PT. Surya Graha Pasaraya,M77822,041554577822,Maybelline,Maybelline,MYB SUPERSTAY MATTE INK-MOVER,Maybelline Superstay Matte Ink-Mover,,Toiletries,Makeup,126,126 x piece,,,126,Piece,651.09,5.1674,USD,Per Case,5.0,683.65,5.43,USD 683.65,USD 683.65/case (126pk) · USD 5.43/unit,Enquire,,,FOB Jakarta,FOB Jakarta,Indonesia,Jakarta,,2026-09-25,No,No,,no unit size on the supplier line,
LOREAL_GARNIER,829,PT. Surya Graha Pasaraya,M89528,041554589528,Maybelline,Maybelline,MYB SUPERSTAY MATTE INK SPICED EDITION EXHILARATOR,Maybelline Superstay Matte Ink Spiced Edition Exhilarator,,Toiletries,Makeup,126,126 x piece,,,126,Piece,651.09,5.1674,USD,Per Case,5.0,683.65,5.43,USD 683.65,USD 683.65/case (126pk) · USD 5.43/unit,Enquire,,,FOB Jakarta,FOB Jakarta,Indonesia,Jakarta,,2026-09-25,No,No,,no unit size on the supplier line,
LOREAL_GARNIER,830,PT. Surya Graha Pasaraya,M89498,041554589498,Maybelline,Maybelline,MYB SUPERSTAY MATTE INK SPICED EDITION SHOT CALLER,Maybelline Superstay Matte Ink Spiced Edition SHOT Caller,,Toiletries,Makeup,126,126 x piece,,,126,Piece,651.09,5.1674,USD,Per Case,5.0,683.65,5.43,USD 683.65,USD 683.65/case (126pk) · USD 5.43/unit,Enquire,,,FOB Jakarta,FOB Jakarta,Indonesia,Jakarta,,2026-09-25,No,No,,no unit size on the supplier line; name codes: SHOT,
LOREAL_GARNIER,831,PT. Surya Graha Pasaraya,L48783,6902395848783,Maybelline,Maybelline,LOR MU MSCR LASH PARADISE WTP MASCARA,Maybelline Mascara LASH Paradise WTP Mascara,,Toiletries,Makeup,3,3 x piece,,,3,Piece,22.83,7.6095,USD,Per Case,5.0,23.97,7.99,USD 23.97,USD 23.97/case (3pk) · USD 7.99/unit,Enquire,,,FOB Jakarta,FOB Jakarta,Indonesia,Jakarta,,2026-09-25,No,No,,"no unit size on the supplier line; name codes: LASH, WTP",
LOREAL_GARNIER,832,PT. Surya Graha Pasaraya,M58928,6902395858928,Maybelline,Maybelline,MYB SUPERSTAY VINYL INK 145 ROGUE AS,Maybelline Superstay Vinyl Ink 145 Rogue,,Toiletries,Makeup,126,126 x piece,,,126,Piece,655.55,5.2028,USD,Per Case,5.0,688.33,5.46,USD 688.33,USD 688.33/case (126pk) · USD 5.46/unit,Enquire,,,FOB Jakarta,FOB Jakarta,Indonesia,Jakarta,,2026-09-25,No,No,,no unit size on the supplier line,
LOREAL_GARNIER,833,PT. Surya Graha Pasaraya,M58935,6902395858935,Maybelline,Maybelline,MYB SUPERSTAY VINYL INK 150 STRIK AS,Maybelline Superstay Vinyl Ink 150 Strik,,Toiletries,Makeup,126,126 x piece,,,126,Piece,655.55,5.2028,USD,Per Case,5.0,688.33,5.46,USD 688.33,USD 688.33/case (126pk) · USD 5.46/unit,Enquire,,,FOB Jakarta,FOB Jakarta,Indonesia,Jakarta,,2026-09-25,No,No,,no unit size on the supplier line,
LOREAL_GARNIER,834,PT. Surya Graha Pasaraya,M58942,6902395858942,Maybelline,Maybelline,MYB SUPERSTAY VINYL INK 160 SULTRY AS,Maybelline Superstay Vinyl Ink 160 Sultry,,Toiletries,Makeup,126,126 x piece,,,126,Piece,655.55,5.2028,USD,Per Case,5.0,688.33,5.46,USD 688.33,USD 688.33/case (126pk) · USD 5.46/unit,Enquire,,,FOB Jakarta,FOB Jakarta,Indonesia,Jakarta,,2026-09-25,No,No,,no unit size on the supplier line,
LOREAL_GARNIER,835,PT. Surya Graha Pasaraya,M70026,6902395970026,Maybelline,Maybelline,MYB SUPERSTAY VINYL INK 155 UPBEAT AS,Maybelline Superstay Vinyl Ink 155 Upbeat,,Toiletries,Makeup,126,126 x piece,,,126,Piece,655.55,5.2028,USD,Per Case,5.0,688.33,5.46,USD 688.33,USD 688.33/case (126pk) · USD 5.46/unit,Enquire,,,FOB Jakarta,FOB Jakarta,Indonesia,Jakarta,,2026-09-25,No,No,,no unit size on the supplier line,
LOREAL_GARNIER,836,PT. Surya Graha Pasaraya,M70965,041554070965,Maybelline,Maybelline,MYB SUPERSTAY VINYL INK ROYAL,Maybelline Superstay Vinyl Ink Royal,,Toiletries,Makeup,126,126 x piece,,,126,Piece,655.55,5.2028,USD,Per Case,5.0,688.33,5.46,USD 688.33,USD 688.33/case (126pk) · USD 5.46/unit,Enquire,,,FOB Jakarta,FOB Jakarta,Indonesia,Jakarta,,2026-09-25,No,No,,no unit size on the supplier line,
LOREAL_GARNIER,837,PT. Surya Graha Pasaraya,M52773,6902395852773,Maybelline,Maybelline,MYB SUPERSTAY VINYL INK 105 GOLDEN AS,Maybelline Superstay Vinyl Ink 105 Golden,,Toiletries,Makeup,126,126 x piece,,,126,Piece,655.55,5.2028,USD,Per Case,5.0,688.33,5.46,USD 688.33,USD 688.33/case (126pk) · USD 5.46/unit,Enquire,,,FOB Jakarta,FOB Jakarta,Indonesia,Jakarta,,2026-09-25,No,No,,no unit size on the supplier line,
LOREAL_GARNIER,838,PT. Surya Graha Pasaraya,M34229,6902395834229,Maybelline,Maybelline,MYB SUPERSTAY VINYL INK 53 ENJP,Maybelline Superstay Vinyl Ink 53 ENJP,,Toiletries,Makeup,126,126 x piece,,,126,Piece,655.55,5.2028,USD,Per Case,5.0,688.33,5.46,USD 688.33,USD 688.33/case (126pk) · USD 5.46/unit,Enquire,,,FOB Jakarta,FOB Jakarta,Indonesia,Jakarta,,2026-09-25,No,No,,no unit size on the supplier line; name codes: ENJP,
LOREAL_GARNIER,839,PT. Surya Graha Pasaraya,M34250,6902395834250,Maybelline,Maybelline,MYB SUPERSTAY VINYL INK 23 ENJP,Maybelline Superstay Vinyl Ink 23 ENJP,,Toiletries,Makeup,126,126 x piece,,,126,Piece,655.55,5.2028,USD,Per Case,5.0,688.33,5.46,USD 688.33,USD 688.33/case (126pk) · USD 5.46/unit,Enquire,,,FOB Jakarta,FOB Jakarta,Indonesia,Jakarta,,2026-09-25,No,No,,no unit size on the supplier line; name codes: ENJP,
LOREAL_GARNIER,840,PT. Surya Graha Pasaraya,M34212,6902395834212,Maybelline,Maybelline,MYB SUPERSTAY VINYL INK 37 ENJP,Maybelline Superstay Vinyl Ink 37 ENJP,,Toiletries,Makeup,126,126 x piece,,,126,Piece,655.55,5.2028,USD,Per Case,5.0,688.33,5.46,USD 688.33,USD 688.33/case (126pk) · USD 5.46/unit,Enquire,,,FOB Jakarta,FOB Jakarta,Indonesia,Jakarta,,2026-09-25,No,No,,no unit size on the supplier line; name codes: ENJP,
LOREAL_GARNIER,841,PT. Surya Graha Pasaraya,M34168,6902395834168,Maybelline,Maybelline,MYB SUPERSTAY VINYL INK 80 ENJP,Maybelline Superstay Vinyl Ink 80 ENJP,,Toiletries,Makeup,126,126 x piece,,,126,Piece,655.55,5.2028,USD,Per Case,5.0,688.33,5.46,USD 688.33,USD 688.33/case (126pk) · USD 5.46/unit,Enquire,,,FOB Jakarta,FOB Jakarta,Indonesia,Jakarta,,2026-09-25,No,No,,no unit size on the supplier line; name codes: ENJP,
LOREAL_GARNIER,842,PT. Surya Graha Pasaraya,M72853,6902395972853,Maybelline,Maybelline,MYB SUPERSTAY VINYL SAUCE LTD 185 AS X,Maybelline Superstay Vinyl Sauce Limited Edition 185,,Toiletries,Makeup,126,126 x piece,,,126,Piece,655.55,5.2028,USD,Per Case,5.0,688.33,5.46,USD 688.33,USD 688.33/case (126pk) · USD 5.46/unit,Enquire,,,FOB Jakarta,FOB Jakarta,Indonesia,Jakarta,,2026-09-25,No,No,,no unit size on the supplier line,
LOREAL_GARNIER,843,PT. Surya Graha Pasaraya,M72860,6902395972860,Maybelline,Maybelline,MYB SUPERSTAY VINYL SAUCE LTD 190 AS X,Maybelline Superstay Vinyl Sauce Limited Edition 190,,Toiletries,Makeup,126,126 x piece,,,126,Piece,655.55,5.2028,USD,Per Case,5.0,688.33,5.46,USD 688.33,USD 688.33/case (126pk) · USD 5.46/unit,Enquire,,,FOB Jakarta,FOB Jakarta,Indonesia,Jakarta,,2026-09-25,No,No,,no unit size on the supplier line,
LOREAL_GARNIER,844,PT. Surya Graha Pasaraya,M72884,6902395972884,Maybelline,Maybelline,MYB SUPERSTAY VINYL SAUCE LTD 200 AS X,Maybelline Superstay Vinyl Sauce Limited Edition 200,,Toiletries,Makeup,126,126 x piece,,,126,Piece,655.55,5.2028,USD,Per Case,5.0,688.33,5.46,USD 688.33,USD 688.33/case (126pk) · USD 5.46/unit,Enquire,,,FOB Jakarta,FOB Jakarta,Indonesia,Jakarta,,2026-09-25,No,No,,no unit size on the supplier line,
LOREAL_GARNIER,845,PT. Surya Graha Pasaraya,M72907,6902395972907,Maybelline,Maybelline,MYB SUPERSTAY VINYL SAUCE LTD 210 AS X,Maybelline Superstay Vinyl Sauce Limited Edition 210,,Toiletries,Makeup,126,126 x piece,,,126,Piece,655.55,5.2028,USD,Per Case,5.0,688.33,5.46,USD 688.33,USD 688.33/case (126pk) · USD 5.46/unit,Enquire,,,FOB Jakarta,FOB Jakarta,Indonesia,Jakarta,,2026-09-25,No,No,,no unit size on the supplier line,
LOREAL_GARNIER,846,PT. Surya Graha Pasaraya,M72877,6902395972877,Maybelline,Maybelline,MYB SUPERSTAY VINYL SAUCE LTD 195 AS X,Maybelline Superstay Vinyl Sauce Limited Edition 195,,Toiletries,Makeup,126,126 x piece,,,126,Piece,655.55,5.2028,USD,Per Case,5.0,688.33,5.46,USD 688.33,USD 688.33/case (126pk) · USD 5.46/unit,Enquire,,,FOB Jakarta,FOB Jakarta,Indonesia,Jakarta,,2026-09-25,No,No,,no unit size on the supplier line,
LOREAL_GARNIER,847,PT. Surya Graha Pasaraya,M32300,6902395832300,Maybelline,Maybelline,MYB BABYLIPS LOVE Berry Crush 2022 AS,Maybelline Babylips LOVE Berry Crush 2022,,Toiletries,Makeup,144,144 x piece,,,144,Piece,286.26,1.9879,USD,Per Case,5.0,300.57,2.09,USD 300.57,USD 300.57/case (144pk) · USD 2.09/unit,Enquire,,,FOB Jakarta,FOB Jakarta,Indonesia,Jakarta,,2026-09-25,No,No,,no unit size on the supplier line; name codes: LOVE,
LOREAL_GARNIER,848,PT. Surya Graha Pasaraya,M32317,6902395832317,Maybelline,Maybelline,MYB BABYLIPS LOVE Cherry Kiss 2022 AS,Maybelline Babylips LOVE Cherry KISS 2022,,Toiletries,Makeup,144,144 x piece,,,144,Piece,286.26,1.9879,USD,Per Case,5.0,300.57,2.09,USD 300.57,USD 300.57/case (144pk) · USD 2.09/unit,Enquire,,,FOB Jakarta,FOB Jakarta,Indonesia,Jakarta,,2026-09-25,No,No,,"no unit size on the supplier line; name codes: KISS, LOVE",
LOREAL_GARNIER,849,PT. Surya Graha Pasaraya,M74211,6902395774211,Maybelline,Maybelline,MYB FIT ME FDT MAT PORE SPF 110 AS,Maybelline Fit Me Foundation Matte Pore SPF110,,Toiletries,Makeup,24,24 x piece,,,24,Piece,153.46,6.3944,USD,Per Case,5.0,161.14,6.71,USD 161.14,USD 161.14/case (24pk) · USD 6.71/unit,Enquire,,,FOB Jakarta,FOB Jakarta,Indonesia,Jakarta,,2026-09-25,No,No,,no unit size on the supplier line,
LOREAL_GARNIER,850,PT. Surya Graha Pasaraya,M44914,6902395844914,Maybelline,Maybelline,MYB E.BROW TATOO BROW INK PEN RED,Maybelline E.Brow Tatoo Brow Ink PEN Red,,Toiletries,Makeup,288,288 x piece,,,288,Piece,1005.73,3.4921,USD,Per Case,5.0,1056.02,3.67,USD 1056.02,USD 1056.02/case (288pk) · USD 3.67/unit,Enquire,,,FOB Jakarta,FOB Jakarta,Indonesia,Jakarta,,2026-09-25,No,No,,no unit size on the supplier line; name codes: PEN,
LOREAL_GARNIER,851,PT. Surya Graha Pasaraya,M43467,6902395843467,Maybelline,Maybelline,MYB REMOVER LIP&EYE MAKE UP 150ML,Maybelline Remover Lip&Eye MAKE Up 150ml,,Toiletries,Makeup,36 x 150ml,36 x 150ml,150ml,150.0,36,Piece,195.37,5.4269,USD,Per Case,5.0,205.14,5.7,USD 205.14,USD 205.14/case (36pk) · USD 5.70/unit,Enquire,,,FOB Jakarta,FOB Jakarta,Indonesia,Jakarta,,2026-09-25,No,No,,name codes: MAKE,
LOREAL_GARNIER,852,PT. Surya Graha Pasaraya,M47335,6902395847335,Maybelline,Maybelline,MYB REMOVER LIP&EYE MAKE UP 150ML,Maybelline Remover Lip&Eye MAKE Up 150ml,,Toiletries,Makeup,60 x 150ml,60 x 150ml,150ml,150.0,60,Piece,214.13,3.5688,USD,Per Case,5.0,224.83,3.75,USD 224.83,USD 224.83/case (60pk) · USD 3.75/unit,Enquire,,,FOB Jakarta,FOB Jakarta,Indonesia,Jakarta,,2026-09-25,No,No,,name codes: MAKE,
LOREAL_GARNIER,853,PT. Surya Graha Pasaraya,M30511,6902395830511,Maybelline,Maybelline,MYB FIT ME FIT ME FRESH TINT SPF50 -02,Maybelline Fit Me Fit Me Fresh Tint SPF50 -02,,Toiletries,Makeup,72,72 x piece,,,72,Piece,307.92,4.2767,USD,Per Case,5.0,323.32,4.49,USD 323.32,USD 323.32/case (72pk) · USD 4.49/unit,Enquire,,,FOB Jakarta,FOB Jakarta,Indonesia,Jakarta,,2026-09-25,No,No,,no unit size on the supplier line,
LOREAL_GARNIER,854,PT. Surya Graha Pasaraya,M30535,6902395830535,Maybelline,Maybelline,MYB FIT ME FIT ME FRESH TINT SPF50 -04,Maybelline Fit Me Fit Me Fresh Tint SPF50 -04,,Toiletries,Makeup,72,72 x piece,,,72,Piece,307.92,4.2767,USD,Per Case,5.0,323.32,4.49,USD 323.32,USD 323.32/case (72pk) · USD 4.49/unit,Enquire,,,FOB Jakarta,FOB Jakarta,Indonesia,Jakarta,,2026-09-25,No,No,,no unit size on the supplier line,
LOREAL_GARNIER,855,PT. Surya Graha Pasaraya,M30573,6902395830573,Maybelline,Maybelline,MYB FIT ME FIT ME FRESH TINT SPF50 -08,Maybelline Fit Me Fit Me Fresh Tint SPF50 -08,,Toiletries,Makeup,72,72 x piece,,,72,Piece,307.92,4.2767,USD,Per Case,5.0,323.32,4.49,USD 323.32,USD 323.32/case (72pk) · USD 4.49/unit,Enquire,,,FOB Jakarta,FOB Jakarta,Indonesia,Jakarta,,2026-09-25,No,No,,no unit size on the supplier line,
LOREAL_GARNIER,862,PT. Surya Graha Pasaraya,M74358,6902395774358,Maybelline,Maybelline,MYB FIT ME FDT MAT PORE SPF 235 AS,Maybelline Fit Me Foundation Matte Pore SPF235,,Toiletries,Makeup,24,24 x piece,,,24,Piece,153.46,6.3944,USD,Per Case,5.0,161.14,6.71,USD 161.14,USD 161.14/case (24pk) · USD 6.71/unit,Enquire,,,FOB Jakarta,FOB Jakarta,Indonesia,Jakarta,,2026-09-25,No,No,,no unit size on the supplier line,
LOREAL_GARNIER,863,PT. Surya Graha Pasaraya,M41241,6902395841241,Maybelline,Maybelline,MYB SUPERSTAY VINYL INK 61 RISKY AS,Maybelline Superstay Vinyl Ink 61 Risky,,Toiletries,Makeup,126,126 x piece,,,126,Piece,655.55,5.2028,USD,Per Case,5.0,688.33,5.46,USD 688.33,USD 688.33/case (126pk) · USD 5.46/unit,Enquire,,,FOB Jakarta,FOB Jakarta,Indonesia,Jakarta,,2026-09-25,No,No,,no unit size on the supplier line,
LOREAL_GARNIER,864,PT. Surya Graha Pasaraya,M41258,6902395841258,Maybelline,Maybelline,MYB SUPERSTAY VINYL INK 62 IRRESTBL AS,Maybelline Superstay Vinyl Ink 62 Irrestbl,,Toiletries,Makeup,126,126 x piece,,,126,Piece,655.55,5.2028,USD,Per Case,5.0,688.33,5.46,USD 688.33,USD 688.33/case (126pk) · USD 5.46/unit,Enquire,,,FOB Jakarta,FOB Jakarta,Indonesia,Jakarta,,2026-09-25,No,No,,no unit size on the supplier line,
LOREAL_GARNIER,865,PT. Surya Graha Pasaraya,M41265,6902395841265,Maybelline,Maybelline,MYB SUPERSTAY VINYL INK 63 INTRIGUI AS,Maybelline Superstay Vinyl Ink 63 Intrigui,,Toiletries,Makeup,126,126 x piece,,,126,Piece,655.55,5.2028,USD,Per Case,5.0,688.33,5.46,USD 688.33,USD 688.33/case (126pk) · USD 5.46/unit,Enquire,,,FOB Jakarta,FOB Jakarta,Indonesia,Jakarta,,2026-09-25,No,No,,no unit size on the supplier line,
LOREAL_GARNIER,866,PT. Surya Graha Pasaraya,M41531,6902395841531,Maybelline,Maybelline,MYB SUPERSTAY VINYL INK 120 PUNCHY AS,Maybelline Superstay Vinyl Ink 120 Punchy,,Toiletries,Makeup,126,126 x piece,,,126,Piece,655.55,5.2028,USD,Per Case,5.0,688.33,5.46,USD 688.33,USD 688.33/case (126pk) · USD 5.46/unit,Enquire,,,FOB Jakarta,FOB Jakarta,Indonesia,Jakarta,,2026-09-25,No,No,,no unit size on the supplier line,
LOREAL_GARNIER,867,PT. Surya Graha Pasaraya,M41548,6902395841548,Maybelline,Maybelline,MYB SUPERSTAY VINYL INK 125 KEEN AS,Maybelline Superstay Vinyl Ink 125 KEEN,,Toiletries,Makeup,126,126 x piece,,,126,Piece,655.55,5.2028,USD,Per Case,5.0,688.33,5.46,USD 688.33,USD 688.33/case (126pk) · USD 5.46/unit,Enquire,,,FOB Jakarta,FOB Jakarta,Indonesia,Jakarta,,2026-09-25,No,No,,no unit size on the supplier line; name codes: KEEN,
LOREAL_GARNIER,868,PT. Surya Graha Pasaraya,M41555,6902395841555,Maybelline,Maybelline,MYB SUPERSTAY VINYL INK 130 EXTRA AS,Maybelline Superstay Vinyl Ink 130 Extra,,Toiletries,Makeup,126,126 x piece,,,126,Piece,655.55,5.2028,USD,Per Case,5.0,688.33,5.46,USD 688.33,USD 688.33/case (126pk) · USD 5.46/unit,Enquire,,,FOB Jakarta,FOB Jakarta,Indonesia,Jakarta,,2026-09-25,No,No,,no unit size on the supplier line,
LOREAL_GARNIER,869,PT. Surya Graha Pasaraya,M41562,6902395841562,Maybelline,Maybelline,MYB SUPERSTAY VINYL INK 100 CHARMED AS,Maybelline Superstay Vinyl Ink 100 Charmed,,Toiletries,Makeup,126,126 x piece,,,126,Piece,655.55,5.2028,USD,Per Case,5.0,688.33,5.46,USD 688.33,USD 688.33/case (126pk) · USD 5.46/unit,Enquire,,,FOB Jakarta,FOB Jakarta,Indonesia,Jakarta,,2026-09-25,No,No,,no unit size on the supplier line,
LOREAL_GARNIER,870,PT. Surya Graha Pasaraya,M30528,6902395830528,Maybelline,Maybelline,MYB FIT ME FIT ME FRESH TINT SPF50 -03,Maybelline Fit Me Fit Me Fresh Tint SPF50 -03,,Toiletries,Makeup,72,72 x piece,,,72,Piece,307.92,4.2767,USD,Per Case,5.0,323.32,4.49,USD 323.32,USD 323.32/case (72pk) · USD 4.49/unit,Enquire,,,FOB Jakarta,FOB Jakarta,Indonesia,Jakarta,,2026-09-25,No,No,,no unit size on the supplier line,
LOREAL_GARNIER,871,PT. Surya Graha Pasaraya,M30542,6902395830542,Maybelline,Maybelline,MYB FIT ME FIT ME FRESH TINT SPF50 -05,Maybelline Fit Me Fit Me Fresh Tint SPF50 -05,,Toiletries,Makeup,72,72 x piece,,,72,Piece,307.92,4.2767,USD,Per Case,5.0,323.32,4.49,USD 323.32,USD 323.32/case (72pk) · USD 4.49/unit,Enquire,,,FOB Jakarta,FOB Jakarta,Indonesia,Jakarta,,2026-09-25,No,No,,no unit size on the supplier line,
LOREAL_GARNIER,872,PT. Surya Graha Pasaraya,M30559,6902395830559,Maybelline,Maybelline,MYB FIT ME FIT ME FRESH TINT SPF50 -06,Maybelline Fit Me Fit Me Fresh Tint SPF50 -06,,Toiletries,Makeup,72,72 x piece,,,72,Piece,307.92,4.2767,USD,Per Case,5.0,323.32,4.49,USD 323.32,USD 323.32/case (72pk) · USD 4.49/unit,Enquire,,,FOB Jakarta,FOB Jakarta,Indonesia,Jakarta,,2026-09-25,No,No,,no unit size on the supplier line,
LOREAL_GARNIER,873,PT. Surya Graha Pasaraya,M30566,6902395830566,Maybelline,Maybelline,MYB FIT ME FIT ME FRESH TINT SPF50 -07,Maybelline Fit Me Fit Me Fresh Tint SPF50 -07,,Toiletries,Makeup,72,72 x piece,,,72,Piece,307.92,4.2767,USD,Per Case,5.0,323.32,4.49,USD 323.32,USD 323.32/case (72pk) · USD 4.49/unit,Enquire,,,FOB Jakarta,FOB Jakarta,Indonesia,Jakarta,,2026-09-25,No,No,,no unit size on the supplier line,
LOREAL_GARNIER,874,PT. Surya Graha Pasaraya,M30580,6902395830580,Maybelline,Maybelline,MYB FIT ME FIT ME FRESH TINT SPF50 -09,Maybelline Fit Me Fit Me Fresh Tint SPF50 -09,,Toiletries,Makeup,72,72 x piece,,,72,Piece,307.92,4.2767,USD,Per Case,5.0,323.32,4.49,USD 323.32,USD 323.32/case (72pk) · USD 4.49/unit,Enquire,,,FOB Jakarta,FOB Jakarta,Indonesia,Jakarta,,2026-09-25,No,No,,no unit size on the supplier line,
LOREAL_GARNIER,875,PT. Surya Graha Pasaraya,M28334,6902395828334,Maybelline,Maybelline,MYB FIT ME MONO BLUSH 40 PROUD AS,Maybelline Fit Me Mono Blush 40 Proud,,Toiletries,Makeup,90,90 x piece,,,90,Piece,451.26,5.014,USD,Per Case,5.0,473.83,5.26,USD 473.83,USD 473.83/case (90pk) · USD 5.26/unit,Enquire,,,FOB Jakarta,FOB Jakarta,Indonesia,Jakarta,,2026-09-25,No,No,,no unit size on the supplier line,
LOREAL_GARNIER,876,PT. Surya Graha Pasaraya,M28341,6902395828341,Maybelline,Maybelline,MYB FIT ME MONO BLUSH 50 REVOL AS,Maybelline Fit Me Mono Blush 50 Revol,,Toiletries,Makeup,90,90 x piece,,,90,Piece,451.26,5.014,USD,Per Case,5.0,473.83,5.26,USD 473.83,USD 473.83/case (90pk) · USD 5.26/unit,Enquire,,,FOB Jakarta,FOB Jakarta,Indonesia,Jakarta,,2026-09-25,No,No,,no unit size on the supplier line,
LOREAL_GARNIER,877,PT. Surya Graha Pasaraya,M28310,6902395828310,Maybelline,Maybelline,MYB FIT ME MONO BLUSH 20 HOPE AS,Maybelline Fit Me Mono Blush 20 HOPE,,Toiletries,Makeup,90,90 x piece,,,90,Piece,451.26,5.014,USD,Per Case,5.0,473.83,5.26,USD 473.83,USD 473.83/case (90pk) · USD 5.26/unit,Enquire,,,FOB Jakarta,FOB Jakarta,Indonesia,Jakarta,,2026-09-25,No,No,,no unit size on the supplier line; name codes: HOPE,
LOREAL_GARNIER,878,PT. Surya Graha Pasaraya,M28327,6902395828327,Maybelline,Maybelline,MYB FIT ME MONO BLUSH 30 FIERCE AS,Maybelline Fit Me Mono Blush 30 Fierce,,Toiletries,Makeup,90,90 x piece,,,90,Piece,451.26,5.014,USD,Per Case,5.0,473.83,5.26,USD 473.83,USD 473.83/case (90pk) · USD 5.26/unit,Enquire,,,FOB Jakarta,FOB Jakarta,Indonesia,Jakarta,,2026-09-25,No,No,,no unit size on the supplier line,
LOREAL_GARNIER,879,PT. Surya Graha Pasaraya,M34380,6902395834380,Maybelline,Maybelline,MYB FIT ME FDT MAT PORE SPF 111 AS,Maybelline Fit Me Foundation Matte Pore SPF111,,Toiletries,Makeup,24,24 x piece,,,24,Piece,153.46,6.3944,USD,Per Case,5.0,161.14,6.71,USD 161.14,USD 161.14/case (24pk) · USD 6.71/unit,Enquire,,,FOB Jakarta,FOB Jakarta,Indonesia,Jakarta,,2026-09-25,No,No,,no unit size on the supplier line,
LOREAL_GARNIER,880,PT. Surya Graha Pasaraya,M32720,6902395832720,Maybelline,Maybelline,MYB SUPERSTAY VINYL INK 30 UNRIVALED AS,Maybelline Superstay Vinyl Ink 30 Unrivaled,,Toiletries,Makeup,126,126 x piece,,,126,Piece,655.55,5.2028,USD,Per Case,5.0,688.33,5.46,USD 688.33,USD 688.33/case (126pk) · USD 5.46/unit,Enquire,,,FOB Jakarta,FOB Jakarta,Indonesia,Jakarta,,2026-09-25,No,No,,no unit size on the supplier line,
LOREAL_GARNIER,881,PT. Surya Graha Pasaraya,M32737,6902395832737,Maybelline,Maybelline,MYB SUPERSTAY VINYL INK 50 WICKED AS,Maybelline Superstay Vinyl Ink 50 Wicked,,Toiletries,Makeup,126,126 x piece,,,126,Piece,655.55,5.2028,USD,Per Case,5.0,688.33,5.46,USD 688.33,USD 688.33/case (126pk) · USD 5.46/unit,Enquire,,,FOB Jakarta,FOB Jakarta,Indonesia,Jakarta,,2026-09-25,No,No,,no unit size on the supplier line,
LOREAL_GARNIER,882,PT. Surya Graha Pasaraya,M32652,6902395832652,Maybelline,Maybelline,MYB SUPERSTAY VINYL INK 35 CHEEKY AS,Maybelline Superstay Vinyl Ink 35 Cheeky,,Toiletries,Makeup,126,126 x piece,,,126,Piece,655.55,5.2028,USD,Per Case,5.0,688.33,5.46,USD 688.33,USD 688.33/case (126pk) · USD 5.46/unit,Enquire,,,FOB Jakarta,FOB Jakarta,Indonesia,Jakarta,,2026-09-25,No,No,,no unit size on the supplier line,
LOREAL_GARNIER,883,PT. Surya Graha Pasaraya,M32690,6902395832690,Maybelline,Maybelline,MYB SUPERSTAY VINYL INK 15 PEACHY AS,Maybelline Superstay Vinyl Ink 15 Peachy,,Toiletries,Makeup,126,126 x piece,,,126,Piece,655.55,5.2028,USD,Per Case,5.0,688.33,5.46,USD 688.33,USD 688.33/case (126pk) · USD 5.46/unit,Enquire,,,FOB Jakarta,FOB Jakarta,Indonesia,Jakarta,,2026-09-25,No,No,,no unit size on the supplier line,
LOREAL_GARNIER,884,PT. Surya Graha Pasaraya,M32676,6902395832676,Maybelline,Maybelline,MYB SUPERSTAY VINYL INK 10 LIPPY AS,Maybelline Superstay Vinyl Ink 10 Lippy,,Toiletries,Makeup,126,126 x piece,,,126,Piece,655.55,5.2028,USD,Per Case,5.0,688.33,5.46,USD 688.33,USD 688.33/case (126pk) · USD 5.46/unit,Enquire,,,FOB Jakarta,FOB Jakarta,Indonesia,Jakarta,,2026-09-25,No,No,,no unit size on the supplier line,
LOREAL_GARNIER,885,PT. Surya Graha Pasaraya,M32713,6902395832713,Maybelline,Maybelline,MYB SUPERSTAY VINYL INK 65 SAUCY AS,Maybelline Superstay Vinyl Ink 65 Saucy,,Toiletries,Makeup,126,126 x piece,,,126,Piece,655.55,5.2028,USD,Per Case,5.0,688.33,5.46,USD 688.33,USD 688.33/case (126pk) · USD 5.46/unit,Enquire,,,FOB Jakarta,FOB Jakarta,Indonesia,Jakarta,,2026-09-25,No,No,,no unit size on the supplier line,
LOREAL_GARNIER,886,PT. Surya Graha Pasaraya,M32683,6902395832683,Maybelline,Maybelline,MYB SUPERSTAY VINYL INK 60 MISCHIEV AS,Maybelline Superstay Vinyl Ink 60 Mischiev,,Toiletries,Makeup,126,126 x piece,,,126,Piece,655.55,5.2028,USD,Per Case,5.0,688.33,5.46,USD 688.33,USD 688.33/case (126pk) · USD 5.46/unit,Enquire,,,FOB Jakarta,FOB Jakarta,Indonesia,Jakarta,,2026-09-25,No,No,,no unit size on the supplier line,
LOREAL_GARNIER,887,PT. Surya Graha Pasaraya,M25272,6902395825272,Maybelline,Maybelline,MYB TATTOO BROW 3D GEL - GREY BROWN,Maybelline Tattoo Brow 3D Gel - GREY Brown,,Toiletries,Makeup,24,24 x piece,,,24,Piece,133.79,5.5744,USD,Per Case,5.0,140.48,5.85,USD 140.48,USD 140.48/case (24pk) · USD 5.85/unit,Enquire,,,FOB Jakarta,FOB Jakarta,Indonesia,Jakarta,,2026-09-25,No,No,,no unit size on the supplier line; name codes: GREY; duplicate line in the supplier list (2x),
LOREAL_GARNIER,888,PT. Surya Graha Pasaraya,M25258,6902395825258,Maybelline,Maybelline,MYB TATTOO BROW 3D GEL - DEEP BROWN,Maybelline Tattoo Brow 3D Gel - Deep Brown,,Toiletries,Makeup,24,24 x piece,,,24,Piece,133.79,5.5744,USD,Per Case,5.0,140.48,5.85,USD 140.48,USD 140.48/case (24pk) · USD 5.85/unit,Enquire,,,FOB Jakarta,FOB Jakarta,Indonesia,Jakarta,,2026-09-25,No,No,,no unit size on the supplier line,
LOREAL_GARNIER,889,PT. Surya Graha Pasaraya,M25265,6902395825265,Maybelline,Maybelline,MYB TATTOO BROW 3D GEL - GREY BROWN,Maybelline Tattoo Brow 3D Gel - GREY Brown,,Toiletries,Makeup,24,24 x piece,,,24,Piece,133.79,5.5744,USD,Per Case,5.0,140.48,5.85,USD 140.48,USD 140.48/case (24pk) · USD 5.85/unit,Enquire,,,FOB Jakarta,FOB Jakarta,Indonesia,Jakarta,,2026-09-25,No,No,,no unit size on the supplier line; name codes: GREY; duplicate line in the supplier list (2x),
LOREAL_GARNIER,890,PT. Surya Graha Pasaraya,M26859,6902395826859,Maybelline,Maybelline,MYB FIT ME FDT MAT PORE SPF 123 AS,Maybelline Fit Me Foundation Matte Pore SPF123,,Toiletries,Makeup,24,24 x piece,,,24,Piece,153.46,6.3944,USD,Per Case,5.0,161.14,6.71,USD 161.14,USD 161.14/case (24pk) · USD 6.71/unit,Enquire,,,FOB Jakarta,FOB Jakarta,Indonesia,Jakarta,,2026-09-25,No,No,,no unit size on the supplier line,
LOREAL_GARNIER,891,PT. Surya Graha Pasaraya,M26927,6902395826927,Maybelline,Maybelline,MYB FIT ME FDT MAT PORE SPF 190 AS,Maybelline Fit Me Foundation Matte Pore SPF190,,Toiletries,Makeup,24,24 x piece,,,24,Piece,153.46,6.3944,USD,Per Case,5.0,161.14,6.71,USD 161.14,USD 161.14/case (24pk) · USD 6.71/unit,Enquire,,,FOB Jakarta,FOB Jakarta,Indonesia,Jakarta,,2026-09-25,No,No,,no unit size on the supplier line,
LOREAL_GARNIER,892,PT. Surya Graha Pasaraya,M26897,6902395826897,Maybelline,Maybelline,MYB FIT ME FDT MAT PORE SPF 132 AS,Maybelline Fit Me Foundation Matte Pore SPF132,,Toiletries,Makeup,24,24 x piece,,,24,Piece,153.46,6.3944,USD,Per Case,5.0,161.14,6.71,USD 161.14,USD 161.14/case (24pk) · USD 6.71/unit,Enquire,,,FOB Jakarta,FOB Jakarta,Indonesia,Jakarta,,2026-09-25,No,No,,no unit size on the supplier line,
LOREAL_GARNIER,893,PT. Surya Graha Pasaraya,M74235,6902395774235,Maybelline,Maybelline,MYB FIT ME FDT MAT PORE SPF 115 AS,Maybelline Fit Me Foundation Matte Pore SPF115,,Toiletries,Makeup,24,24 x piece,,,24,Piece,153.46,6.3944,USD,Per Case,5.0,161.14,6.71,USD 161.14,USD 161.14/case (24pk) · USD 6.71/unit,Enquire,,,FOB Jakarta,FOB Jakarta,Indonesia,Jakarta,,2026-09-25,No,No,,no unit size on the supplier line,
LOREAL_GARNIER,894,PT. Surya Graha Pasaraya,M29522,6902395829522,Maybelline,Maybelline,MYB TATTOO BROW 36H PENCIL NT BR AS,Maybelline Tattoo Brow 36h Pencil NT Bright,,Toiletries,Makeup,288,288 x piece,,,288,Piece,1391.38,4.8312,USD,Per Case,5.0,1460.94,5.07,USD 1460.94,USD 1460.94/case (288pk) · USD 5.07/unit,Enquire,,,FOB Jakarta,FOB Jakarta,Indonesia,Jakarta,,2026-09-25,No,No,,no unit size on the supplier line; name codes: NT,
LOREAL_GARNIER,895,PT. Surya Graha Pasaraya,M29492,6902395829492,Maybelline,Maybelline,MYB TATTOO BROW 36H PENCIL DK BR AS,Maybelline Tattoo Brow 36h Pencil DK Bright,,Toiletries,Makeup,288,288 x piece,,,288,Piece,1391.38,4.8312,USD,Per Case,5.0,1460.94,5.07,USD 1460.94,USD 1460.94/case (288pk) · USD 5.07/unit,Enquire,,,FOB Jakarta,FOB Jakarta,Indonesia,Jakarta,,2026-09-25,No,No,,no unit size on the supplier line; name codes: DK,
LOREAL_GARNIER,896,PT. Surya Graha Pasaraya,M29508,6902395829508,Maybelline,Maybelline,MYB TATTOO BROW 36H PENCIL GR BR AS,Maybelline Tattoo Brow 36h Pencil GR Bright,,Toiletries,Makeup,288,288 x piece,,,288,Piece,1391.38,4.8312,USD,Per Case,5.0,1460.94,5.07,USD 1460.94,USD 1460.94/case (288pk) · USD 5.07/unit,Enquire,,,FOB Jakarta,FOB Jakarta,Indonesia,Jakarta,,2026-09-25,No,No,,no unit size on the supplier line,
LOREAL_GARNIER,897,PT. Surya Graha Pasaraya,M28426,6902395828426,Maybelline,Maybelline,MYB HSL EXTREME 36H SLV BK1 AS,Maybelline HSL Extreme 36h SLV Bk1,,Toiletries,Makeup,1200,1200 x piece,,,1200,Piece,7135.26,5.946,USD,Per Case,5.0,7492.02,6.24,USD 7492.02,USD 7492.02/case (1200pk) · USD 6.24/unit,Enquire,,,FOB Jakarta,FOB Jakarta,Indonesia,Jakarta,,2026-09-25,No,No,,"no unit size on the supplier line; name codes: HSL, SLV",
LOREAL_GARNIER,898,PT. Surya Graha Pasaraya,M28433,6902395828433,Maybelline,Maybelline,MYB HSL EXTREME 36H SLV BR1 AS,Maybelline HSL Extreme 36h SLV Br1,,Toiletries,Makeup,1200,1200 x piece,,,1200,Piece,7135.26,5.946,USD,Per Case,5.0,7492.02,6.24,USD 7492.02,USD 7492.02/case (1200pk) · USD 6.24/unit,Enquire,,,FOB Jakarta,FOB Jakarta,Indonesia,Jakarta,,2026-09-25,No,No,,"no unit size on the supplier line; name codes: HSL, SLV",
LOREAL_GARNIER,899,PT. Surya Graha Pasaraya,M03495,6902395703495,Maybelline,Maybelline,MYB E.LIN LINE TATTOO CRAYON LINER BK,Maybelline E.Lin LINE Tattoo Crayon Liner BK,,Toiletries,Makeup,72,72 x piece,,,72,Piece,390.74,5.4269,USD,Per Case,5.0,410.28,5.7,USD 410.28,USD 410.28/case (72pk) · USD 5.70/unit,Enquire,,,FOB Jakarta,FOB Jakarta,Indonesia,Jakarta,,2026-09-25,No,No,,"no unit size on the supplier line; name codes: BK, LINE",
LOREAL_GARNIER,900,PT. Surya Graha Pasaraya,M03549,6902395703549,Maybelline,Maybelline,MYB E.LIN LINE TATTOO CRAYON LINER BR,Maybelline E.Lin LINE Tattoo Crayon Liner Bright,,Toiletries,Makeup,72,72 x piece,,,72,Piece,390.74,5.4269,USD,Per Case,5.0,410.28,5.7,USD 410.28,USD 410.28/case (72pk) · USD 5.70/unit,Enquire,,,FOB Jakarta,FOB Jakarta,Indonesia,Jakarta,,2026-09-25,No,No,,no unit size on the supplier line; name codes: LINE,
LOREAL_GARNIER,901,PT. Surya Graha Pasaraya,M90913,041554590913,Maybelline,Maybelline,MYB LS Sky High WTP VERY BLACK,Maybelline LS SKY HIGH WTP VERY Black,,Toiletries,Makeup,72,72 x piece,,,72,Piece,414.95,5.7632,USD,Per Case,5.0,435.7,6.05,USD 435.70,USD 435.70/case (72pk) · USD 6.05/unit,Enquire,,,FOB Jakarta,FOB Jakarta,Indonesia,Jakarta,,2026-09-25,No,No,,"no unit size on the supplier line; name codes: HIGH, LS, SKY, VERY, WTP",
LOREAL_GARNIER,902,PT. Surya Graha Pasaraya,P9206448,6902395806448,Maybelline,Maybelline,FIT ME ULTMT TWC SPF 118 AS,Maybelline Fit Me Ultmt TWC SPF118,,Toiletries,Makeup,54,54 x piece,,,54,Piece,343.38,6.359,USD,Per Case,5.0,360.55,6.68,USD 360.55,USD 360.55/case (54pk) · USD 6.68/unit,Enquire,,,FOB Jakarta,FOB Jakarta,Indonesia,Jakarta,,2026-09-25,No,No,,no unit size on the supplier line; name codes: TWC,
LOREAL_GARNIER,903,PT. Surya Graha Pasaraya,P920650A,6902395806509,Maybelline,Maybelline,MYB PWD FIT ME TWC SPF-228,Maybelline Powder Fit Me TWC Spf-228,,Toiletries,Makeup,54,54 x piece,,,54,Piece,343.38,6.359,USD,Per Case,5.0,360.55,6.68,USD 360.55,USD 360.55/case (54pk) · USD 6.68/unit,Enquire,,,FOB Jakarta,FOB Jakarta,Indonesia,Jakarta,,2026-09-25,No,No,,no unit size on the supplier line; name codes: TWC,
LOREAL_GARNIER,904,PT. Surya Graha Pasaraya,P9206516,6902395806516,Maybelline,Maybelline,MYB PWD FIT ME TWC SPF-230,Maybelline Powder Fit Me TWC Spf-230,,Toiletries,Makeup,54,54 x piece,,,54,Piece,343.38,6.359,USD,Per Case,5.0,360.55,6.68,USD 360.55,USD 360.55/case (54pk) · USD 6.68/unit,Enquire,,,FOB Jakarta,FOB Jakarta,Indonesia,Jakarta,,2026-09-25,No,No,,no unit size on the supplier line; name codes: TWC,
LOREAL_GARNIER,905,PT. Surya Graha Pasaraya,P9208503,6902395808503,Maybelline,Maybelline,MYB FIT ME PRIMER MATTE PORE SPF,Maybelline Fit Me Primer Matte Pore SPF,,Toiletries,Makeup,72,72 x piece,,,72,Piece,374.6,5.2028,USD,Per Case,5.0,393.33,5.46,USD 393.33,USD 393.33/case (72pk) · USD 5.46/unit,Enquire,,,FOB Jakarta,FOB Jakarta,Indonesia,Jakarta,,2026-09-25,No,No,,no unit size on the supplier line,
LOREAL_GARNIER,906,PT. Surya Graha Pasaraya,P9206493,6902395806493,Maybelline,Maybelline,MYB PWD FIT ME TWC SPF-220,Maybelline Powder Fit Me TWC Spf-220,,Toiletries,Makeup,54,54 x piece,,,54,Piece,343.38,6.359,USD,Per Case,5.0,360.55,6.68,USD 360.55,USD 360.55/case (54pk) · USD 6.68/unit,Enquire,,,FOB Jakarta,FOB Jakarta,Indonesia,Jakarta,,2026-09-25,No,No,,no unit size on the supplier line; name codes: TWC,
LOREAL_GARNIER,907,PT. Surya Graha Pasaraya,P9206479,6902395806479,Maybelline,Maybelline,MYB PWD FIT ME TWC SPF-128,Maybelline Powder Fit Me TWC Spf-128,,Toiletries,Makeup,54,54 x piece,,,54,Piece,343.38,6.359,USD,Per Case,5.0,360.55,6.68,USD 360.55,USD 360.55/case (54pk) · USD 6.68/unit,Enquire,,,FOB Jakarta,FOB Jakarta,Indonesia,Jakarta,,2026-09-25,No,No,,no unit size on the supplier line; name codes: TWC,
LOREAL_GARNIER,908,PT. Surya Graha Pasaraya,P9206455,6902395806455,Maybelline,Maybelline,MYB PWD FIT ME TWC SPF-120,Maybelline Powder Fit Me TWC Spf-120,,Toiletries,Makeup,54,54 x piece,,,54,Piece,343.38,6.359,USD,Per Case,5.0,360.55,6.68,USD 360.55,USD 360.55/case (54pk) · USD 6.68/unit,Enquire,,,FOB Jakarta,FOB Jakarta,Indonesia,Jakarta,,2026-09-25,No,No,,no unit size on the supplier line; name codes: TWC,
LOREAL_GARNIER,909,PT. Surya Graha Pasaraya,P9206431,6902395806431,Maybelline,Maybelline,MYB PWD FIT ME TWC SPF-112,Maybelline Powder Fit Me TWC Spf-112,,Toiletries,Makeup,54,54 x piece,,,54,Piece,343.38,6.359,USD,Per Case,5.0,360.55,6.68,USD 360.55,USD 360.55/case (54pk) · USD 6.68/unit,Enquire,,,FOB Jakarta,FOB Jakarta,Indonesia,Jakarta,,2026-09-25,No,No,,no unit size on the supplier line; name codes: TWC,
LOREAL_GARNIER,910,PT. Surya Graha Pasaraya,P9208862,6902395808862,Maybelline,Maybelline,MYB SUPERSTAY MATTE INK-365,Maybelline Superstay Matte Ink-365,,Toiletries,Makeup,96,96 x piece,,,96,Piece,496.07,5.1674,USD,Per Case,5.0,520.87,5.43,USD 520.87,USD 520.87/case (96pk) · USD 5.43/unit,Enquire,,,FOB Jakarta,FOB Jakarta,Indonesia,Jakarta,,2026-09-25,No,No,,no unit size on the supplier line,
LOREAL_GARNIER,911,PT. Surya Graha Pasaraya,P9208879,6902395808879,Maybelline,Maybelline,MYB SUPERSTAY MATTE INK-370,Maybelline Superstay Matte Ink-370,,Toiletries,Makeup,96,96 x piece,,,96,Piece,496.07,5.1674,USD,Per Case,5.0,520.87,5.43,USD 520.87,USD 520.87/case (96pk) · USD 5.43/unit,Enquire,,,FOB Jakarta,FOB Jakarta,Indonesia,Jakarta,,2026-09-25,No,No,,no unit size on the supplier line,
LOREAL_GARNIER,912,PT. Surya Graha Pasaraya,P9208886,6902395808886,Maybelline,Maybelline,MYB SUPERSTAY MATTE INK-375,Maybelline Superstay Matte Ink-375,,Toiletries,Makeup,96,96 x piece,,,96,Piece,496.07,5.1674,USD,Per Case,5.0,520.87,5.43,USD 520.87,USD 520.87/case (96pk) · USD 5.43/unit,Enquire,,,FOB Jakarta,FOB Jakarta,Indonesia,Jakarta,,2026-09-25,No,No,,no unit size on the supplier line,
LOREAL_GARNIER,913,PT. Surya Graha Pasaraya,P9208893,6902395808893,Maybelline,Maybelline,MYB SUPERSTAY MATTE INK-380,Maybelline Superstay Matte Ink-380,,Toiletries,Makeup,96,96 x piece,,,96,Piece,496.07,5.1674,USD,Per Case,5.0,520.87,5.43,USD 520.87,USD 520.87/case (96pk) · USD 5.43/unit,Enquire,,,FOB Jakarta,FOB Jakarta,Indonesia,Jakarta,,2026-09-25,No,No,,no unit size on the supplier line,
LOREAL_GARNIER,914,PT. Surya Graha Pasaraya,P9208909,6902395808909,Maybelline,Maybelline,MYB SUPERSTAY MATTE INK-385,Maybelline Superstay Matte Ink-385,,Toiletries,Makeup,96,96 x piece,,,96,Piece,496.07,5.1674,USD,Per Case,5.0,520.87,5.43,USD 520.87,USD 520.87/case (96pk) · USD 5.43/unit,Enquire,,,FOB Jakarta,FOB Jakarta,Indonesia,Jakarta,,2026-09-25,No,No,,no unit size on the supplier line,
LOREAL_GARNIER,915,PT. Surya Graha Pasaraya,P9200569,6902395800569,Maybelline,Maybelline,MYB SS MATTE INK-350,Maybelline SS Matte Ink-350,,Toiletries,Makeup,72,72 x piece,,,72,Piece,372.05,5.1674,USD,Per Case,5.0,390.66,5.43,USD 390.66,USD 390.66/case (72pk) · USD 5.43/unit,Enquire,,,FOB Jakarta,FOB Jakarta,Indonesia,Jakarta,,2026-09-25,No,No,,no unit size on the supplier line; name codes: SS,
LOREAL_GARNIER,916,PT. Surya Graha Pasaraya,P9200576,6902395800576,Maybelline,Maybelline,MYB SS MATTE INK-355,Maybelline SS Matte Ink-355,,Toiletries,Makeup,72,72 x piece,,,72,Piece,372.05,5.1674,USD,Per Case,5.0,390.66,5.43,USD 390.66,USD 390.66/case (72pk) · USD 5.43/unit,Enquire,,,FOB Jakarta,FOB Jakarta,Indonesia,Jakarta,,2026-09-25,No,No,,no unit size on the supplier line; name codes: SS,
LOREAL_GARNIER,917,PT. Surya Graha Pasaraya,P9200583,6902395800583,Maybelline,Maybelline,MYB SS MATTE INK-360,Maybelline SS Matte Ink-360,,Toiletries,Makeup,72,72 x piece,,,72,Piece,372.05,5.1674,USD,Per Case,5.0,390.66,5.43,USD 390.66,USD 390.66/case (72pk) · USD 5.43/unit,Enquire,,,FOB Jakarta,FOB Jakarta,Indonesia,Jakarta,,2026-09-25,No,No,,no unit size on the supplier line; name codes: SS,
LOREAL_GARNIER,918,PT. Surya Graha Pasaraya,P9200552,6902395800552,Maybelline,Maybelline,MYB SS MATTE INK-335,Maybelline SS Matte Ink-335,,Toiletries,Makeup,72,72 x piece,,,72,Piece,372.05,5.1674,USD,Per Case,5.0,390.66,5.43,USD 390.66,USD 390.66/case (72pk) · USD 5.43/unit,Enquire,,,FOB Jakarta,FOB Jakarta,Indonesia,Jakarta,,2026-09-25,No,No,,no unit size on the supplier line; name codes: SS,
LOREAL_GARNIER,919,PT. Surya Graha Pasaraya,P9288751,6902395788751,Maybelline,Maybelline,MYB SUPERSTAY MATTE-285,Maybelline Superstay Matte-285,,Toiletries,Makeup,72,72 x piece,,,72,Piece,372.05,5.1674,USD,Per Case,5.0,390.66,5.43,USD 390.66,USD 390.66/case (72pk) · USD 5.43/unit,Enquire,,,FOB Jakarta,FOB Jakarta,Indonesia,Jakarta,,2026-09-25,No,No,,no unit size on the supplier line,
LOREAL_GARNIER,920,PT. Surya Graha Pasaraya,P9288799,6902395788799,Maybelline,Maybelline,MYB SUPERSTAY MATTE-305,Maybelline Superstay Matte-305,,Toiletries,Makeup,72,72 x piece,,,72,Piece,372.05,5.1674,USD,Per Case,5.0,390.66,5.43,USD 390.66,USD 390.66/case (72pk) · USD 5.43/unit,Enquire,,,FOB Jakarta,FOB Jakarta,Indonesia,Jakarta,,2026-09-25,No,No,,no unit size on the supplier line,
LOREAL_GARNIER,921,PT. Surya Graha Pasaraya,P9288812,6902395788812,Maybelline,Maybelline,MYB SUPERSTAY MATTE-315,Maybelline Superstay Matte-315,,Toiletries,Makeup,72,72 x piece,,,72,Piece,372.05,5.1674,USD,Per Case,5.0,390.66,5.43,USD 390.66,USD 390.66/case (72pk) · USD 5.43/unit,Enquire,,,FOB Jakarta,FOB Jakarta,Indonesia,Jakarta,,2026-09-25,No,No,,no unit size on the supplier line,
LOREAL_GARNIER,922,PT. Surya Graha Pasaraya,P9281660,6902395781660,Maybelline,Maybelline,MYB MSCR LASHLIFT-VERY BLACK,Maybelline Mascara Lashlift-Very Black,,Toiletries,Makeup,234,234 x piece,,,234,Piece,1435.55,6.1348,USD,Per Case,5.0,1507.32,6.44,USD 1507.32,USD 1507.32/case (234pk) · USD 6.44/unit,Enquire,,,FOB Jakarta,FOB Jakarta,Indonesia,Jakarta,,2026-09-25,No,No,,no unit size on the supplier line,
LOREAL_GARNIER,923,PT. Surya Graha Pasaraya,P9271685,6902395771685,Maybelline,Maybelline,MYB SUPERSTAY MATTE INK-150,Maybelline Superstay Matte Ink-150,,Toiletries,Makeup,72,72 x piece,,,72,Piece,372.05,5.1674,USD,Per Case,5.0,390.66,5.43,USD 390.66,USD 390.66/case (72pk) · USD 5.43/unit,Enquire,,,FOB Jakarta,FOB Jakarta,Indonesia,Jakarta,,2026-09-25,No,No,,no unit size on the supplier line,
LOREAL_GARNIER,924,PT. Surya Graha Pasaraya,P9271722,6902395771722,Maybelline,Maybelline,MYB SUPERSTAY MATTE INK-170,Maybelline Superstay Matte Ink-170,,Toiletries,Makeup,72,72 x piece,,,72,Piece,372.05,5.1674,USD,Per Case,5.0,390.66,5.43,USD 390.66,USD 390.66/case (72pk) · USD 5.43/unit,Enquire,,,FOB Jakarta,FOB Jakarta,Indonesia,Jakarta,,2026-09-25,No,No,,no unit size on the supplier line,
LOREAL_GARNIER,925,PT. Surya Graha Pasaraya,P9271739,6902395771739,Maybelline,Maybelline,MYB SUPERSTAY MATTE INK-175,Maybelline Superstay Matte Ink-175,,Toiletries,Makeup,72,72 x piece,,,72,Piece,372.05,5.1674,USD,Per Case,5.0,390.66,5.43,USD 390.66,USD 390.66/case (72pk) · USD 5.43/unit,Enquire,,,FOB Jakarta,FOB Jakarta,Indonesia,Jakarta,,2026-09-25,No,No,,no unit size on the supplier line,
LOREAL_GARNIER,926,PT. Surya Graha Pasaraya,P9262393,6902395762393,Maybelline,Maybelline,MYB FIT ME MP COMPACT-112,Maybelline Fit Me MP Compact-112,,Toiletries,Makeup,72,72 x piece,,,72,Piece,224.68,3.1205,USD,Per Case,5.0,235.91,3.28,USD 235.91,USD 235.91/case (72pk) · USD 3.28/unit,Enquire,,,FOB Jakarta,FOB Jakarta,Indonesia,Jakarta,,2026-09-25,No,No,,no unit size on the supplier line; name codes: MP,
LOREAL_GARNIER,927,PT. Surya Graha Pasaraya,P9262423,6902395762423,Maybelline,Maybelline,MYB PWD COMPACT FIT ME MATTE & PORELESS-120 CLASSIC IVORY,Maybelline Powder Compact Fit Me Matte & Poreless-120 Classic Ivory,,Toiletries,Makeup,72,72 x piece,,,72,Piece,224.68,3.1205,USD,Per Case,5.0,235.91,3.28,USD 235.91,USD 235.91/case (72pk) · USD 3.28/unit,Enquire,,,FOB Jakarta,FOB Jakarta,Indonesia,Jakarta,,2026-09-25,No,No,,no unit size on the supplier line,
LOREAL_GARNIER,928,PT. Surya Graha Pasaraya,P9262430,6902395762430,Maybelline,Maybelline,MYB PWD COMPACT FIT ME MATTE & PORELESS-128 WARM NUDE,Maybelline Powder Compact Fit Me Matte & Poreless-128 WARM Nude,,Toiletries,Makeup,72,72 x piece,,,72,Piece,224.68,3.1205,USD,Per Case,5.0,235.91,3.28,USD 235.91,USD 235.91/case (72pk) · USD 3.28/unit,Enquire,,,FOB Jakarta,FOB Jakarta,Indonesia,Jakarta,,2026-09-25,No,No,,no unit size on the supplier line; name codes: WARM,
LOREAL_GARNIER,929,PT. Surya Graha Pasaraya,P9262416,6902395762416,Maybelline,Maybelline,MYB PWD COMPACT FIT ME MATTE & PORELESS-118,Maybelline Powder Compact Fit Me Matte & Poreless-118,,Toiletries,Makeup,72,72 x piece,,,72,Piece,224.68,3.1205,USD,Per Case,5.0,235.91,3.28,USD 235.91,USD 235.91/case (72pk) · USD 3.28/unit,Enquire,,,FOB Jakarta,FOB Jakarta,Indonesia,Jakarta,,2026-09-25,No,No,,no unit size on the supplier line,
LOREAL_GARNIER,930,PT. Surya Graha Pasaraya,P9284206,6923492584206,Maybelline,Maybelline,MYB MSCR VOL-EX HYPER CURL WP-BLACK,Maybelline Mascara Vol-Ex Hyper Curl Wp-Black,,Toiletries,Makeup,234,234 x piece,,,234,Piece,894.46,3.8225,USD,Per Case,5.0,939.18,4.01,USD 939.18,USD 939.18/case (234pk) · USD 4.01/unit,Enquire,,,FOB Jakarta,FOB Jakarta,Indonesia,Jakarta,,2026-09-25,No,No,,no unit size on the supplier line,
LOREAL_GARNIER,931,PT. Surya Graha Pasaraya,P9246877,6902395646877,Maybelline,Maybelline,MYB FDT FIT ME MAT PORE PUMP 120,Maybelline Foundation Fit Me Matte Pore Pump 120,,Toiletries,Makeup,72,72 x piece,,,72,Piece,460.39,6.3944,USD,Per Case,5.0,483.41,6.71,USD 483.41,USD 483.41/case (72pk) · USD 6.71/unit,Enquire,,,FOB Jakarta,FOB Jakarta,Indonesia,Jakarta,,2026-09-25,No,No,,no unit size on the supplier line,
LOREAL_GARNIER,932,PT. Surya Graha Pasaraya,P9246891,6902395646891,Maybelline,Maybelline,FIT ME FDT MAT PORE SPF 125 ASJ,Maybelline Fit Me Foundation Matte Pore SPF125 ASJ,,Toiletries,Makeup,72,72 x piece,,,72,Piece,460.39,6.3944,USD,Per Case,5.0,483.41,6.71,USD 483.41,USD 483.41/case (72pk) · USD 6.71/unit,Enquire,,,FOB Jakarta,FOB Jakarta,Indonesia,Jakarta,,2026-09-25,No,No,,no unit size on the supplier line; name codes: ASJ,
LOREAL_GARNIER,933,PT. Surya Graha Pasaraya,P9246921,6902395646921,Maybelline,Maybelline,MYB FIT ME FDT MAT PORE PUMP-220,Maybelline Fit Me Foundation Matte Pore Pump-220,,Toiletries,Makeup,72,72 x piece,,,72,Piece,460.39,6.3944,USD,Per Case,5.0,483.41,6.71,USD 483.41,USD 483.41/case (72pk) · USD 6.71/unit,Enquire,,,FOB Jakarta,FOB Jakarta,Indonesia,Jakarta,,2026-09-25,No,No,,no unit size on the supplier line,
LOREAL_GARNIER,934,PT. Surya Graha Pasaraya,P9218338,6902395718338,Maybelline,Maybelline,MYB FIT ME FDT MAT PORE PUMP-128,Maybelline Fit Me Foundation Matte Pore Pump-128,,Toiletries,Makeup,72,72 x piece,,,72,Piece,460.39,6.3944,USD,Per Case,5.0,483.41,6.71,USD 483.41,USD 483.41/case (72pk) · USD 6.71/unit,Enquire,,,FOB Jakarta,FOB Jakarta,Indonesia,Jakarta,,2026-09-25,No,No,,no unit size on the supplier line,
LOREAL_GARNIER,935,PT. Surya Graha Pasaraya,P9242302,6902395742302,Maybelline,Maybelline,MYB FIT ME FDT MAT PORE PUMP-228,Maybelline Fit Me Foundation Matte Pore Pump-228,,Toiletries,Makeup,72,72 x piece,,,72,Piece,460.39,6.3944,USD,Per Case,5.0,483.41,6.71,USD 483.41,USD 483.41/case (72pk) · USD 6.71/unit,Enquire,,,FOB Jakarta,FOB Jakarta,Indonesia,Jakarta,,2026-09-25,No,No,,no unit size on the supplier line,
LOREAL_GARNIER,936,PT. Surya Graha Pasaraya,P9206113,6902395706113,Maybelline,Maybelline,MYB SUPERSTAY MATTE INK-ARTIST,Maybelline Superstay Matte Ink-Artist,,Toiletries,Makeup,72,72 x piece,,,72,Piece,372.05,5.1674,USD,Per Case,5.0,390.66,5.43,USD 390.66,USD 390.66/case (72pk) · USD 5.43/unit,Enquire,,,FOB Jakarta,FOB Jakarta,Indonesia,Jakarta,,2026-09-25,No,No,,no unit size on the supplier line,
LOREAL_GARNIER,937,PT. Surya Graha Pasaraya,P9243750,6902395743750,Maybelline,Maybelline,MYB MSCR VOL-EX COLOSSAL MAGNUM BLACK,Maybelline Mascara Vol-Ex Colossal Magnum Black,,Toiletries,Makeup,234,234 x piece,,,234,Piece,825.44,3.5275,USD,Per Case,5.0,866.71,3.7,USD 866.71,USD 866.71/case (234pk) · USD 3.70/unit,Enquire,,,FOB Jakarta,FOB Jakarta,Indonesia,Jakarta,,2026-09-25,No,No,,no unit size on the supplier line,
LOREAL_GARNIER,938,PT. Surya Graha Pasaraya,P9206212,6902395706212,Maybelline,Maybelline,MYB SUPERSTAY MATTE INK-DANCER,Maybelline Superstay Matte Ink-Dancer,,Toiletries,Makeup,72,72 x piece,,,72,Piece,372.05,5.1674,USD,Per Case,5.0,390.66,5.43,USD 390.66,USD 390.66/case (72pk) · USD 5.43/unit,Enquire,,,FOB Jakarta,FOB Jakarta,Indonesia,Jakarta,,2026-09-25,No,No,,no unit size on the supplier line,
LOREAL_GARNIER,939,PT. Surya Graha Pasaraya,P9206564,6902395706564,Maybelline,Maybelline,MYB SUPERSTAY MATTE INK- 130 SELFST,Maybelline Superstay Matte Ink- 130 Selfst,,Toiletries,Makeup,72,72 x piece,,,72,Piece,372.05,5.1674,USD,Per Case,5.0,390.66,5.43,USD 390.66,USD 390.66/case (72pk) · USD 5.43/unit,Enquire,,,FOB Jakarta,FOB Jakarta,Indonesia,Jakarta,,2026-09-25,No,No,,no unit size on the supplier line,
LOREAL_GARNIER,940,PT. Surya Graha Pasaraya,P9211163,8991380011163,Maybelline,Maybelline,MYB B.LIN DEFINE & BLEND PEN-NAT. BROWN,Maybelline B.Lin Define & Blend Pen-Nat. Brown,,Toiletries,Makeup,72,72 x piece,,,72,Piece,227.22,3.1559,USD,Per Case,5.0,238.59,3.31,USD 238.59,USD 238.59/case (72pk) · USD 3.31/unit,Enquire,,,FOB Jakarta,FOB Jakarta,Indonesia,Jakarta,,2026-09-25,No,No,,no unit size on the supplier line,
LOREAL_GARNIER,941,PT. Surya Graha Pasaraya,P9211170,8991380011170,Maybelline,Maybelline,MYB B.LIN DEFINE & BLEND PEN-NAT. BROWN,Maybelline B.Lin Define & Blend Pen-Nat. Brown,,Toiletries,Makeup,72,72 x piece,,,72,Piece,228.5,3.1736,USD,Per Case,5.0,239.92,3.33,USD 239.92,USD 239.92/case (72pk) · USD 3.33/unit,Enquire,,,FOB Jakarta,FOB Jakarta,Indonesia,Jakarta,,2026-09-25,No,No,Perubahan harga per Maret 2025,no unit size on the supplier line,
LOREAL_GARNIER,942,PT. Surya Graha Pasaraya,P9206311,6902395706311,Maybelline,Maybelline,MYB SUPERSTAY MATTE INK-115 FOUNDR,Maybelline Superstay Matte Ink-115 Foundr,,Toiletries,Makeup,72,72 x piece,,,72,Piece,372.05,5.1674,USD,Per Case,5.0,390.66,5.43,USD 390.66,USD 390.66/case (72pk) · USD 5.43/unit,Enquire,,,FOB Jakarta,FOB Jakarta,Indonesia,Jakarta,,2026-09-25,No,No,,no unit size on the supplier line,
LOREAL_GARNIER,943,PT. Surya Graha Pasaraya,P9206366,6902395706366,Maybelline,Maybelline,MYB SUPERSTAY MATTE INK-135 GLOBTR,Maybelline Superstay Matte Ink-135 Globtr,,Toiletries,Makeup,72,72 x piece,,,72,Piece,372.05,5.1674,USD,Per Case,5.0,390.66,5.43,USD 390.66,USD 390.66/case (72pk) · USD 5.43/unit,Enquire,,,FOB Jakarta,FOB Jakarta,Indonesia,Jakarta,,2026-09-25,No,No,,no unit size on the supplier line,
LOREAL_GARNIER,944,PT. Surya Graha Pasaraya,P9206410,6902395706410,Maybelline,Maybelline,MYB SUPERSTAY MATTE INK-GRDBRK,Maybelline Superstay Matte Ink-Grdbrk,,Toiletries,Makeup,72,72 x piece,,,72,Piece,372.05,5.1674,USD,Per Case,5.0,390.66,5.43,USD 390.66,USD 390.66/case (72pk) · USD 5.43/unit,Enquire,,,FOB Jakarta,FOB Jakarta,Indonesia,Jakarta,,2026-09-25,No,No,,no unit size on the supplier line,
LOREAL_GARNIER,945,PT. Surya Graha Pasaraya,P9206465,6902395706465,Maybelline,Maybelline,MYB SUPERSTAY MATTE INK-INSPIR,Maybelline Superstay Matte Ink-Inspir,,Toiletries,Makeup,72,72 x piece,,,72,Piece,372.05,5.1674,USD,Per Case,5.0,390.66,5.43,USD 390.66,USD 390.66/case (72pk) · USD 5.43/unit,Enquire,,,FOB Jakarta,FOB Jakarta,Indonesia,Jakarta,,2026-09-25,No,No,,no unit size on the supplier line,
LOREAL_GARNIER,946,PT. Surya Graha Pasaraya,P9206618,6902395706618,Maybelline,Maybelline,MYB SUPERSTAY MATTE INK-220 AMBITI,Maybelline Superstay Matte Ink-220 Ambiti,,Toiletries,Makeup,72,72 x piece,,,72,Piece,372.05,5.1674,USD,Per Case,5.0,390.66,5.43,USD 390.66,USD 390.66/case (72pk) · USD 5.43/unit,Enquire,,,FOB Jakarta,FOB Jakarta,Indonesia,Jakarta,,2026-09-25,No,No,,no unit size on the supplier line,
LOREAL_GARNIER,947,PT. Surya Graha Pasaraya,P9206663,6902395706663,Maybelline,Maybelline,MYB SUPERSTAY MATTE INK-ASSRTV,Maybelline Superstay Matte Ink-Assrtv,,Toiletries,Makeup,72,72 x piece,,,72,Piece,372.05,5.1674,USD,Per Case,5.0,390.66,5.43,USD 390.66,USD 390.66/case (72pk) · USD 5.43/unit,Enquire,,,FOB Jakarta,FOB Jakarta,Indonesia,Jakarta,,2026-09-25,No,No,,no unit size on the supplier line,
LOREAL_GARNIER,948,PT. Surya Graha Pasaraya,P9206717,6902395706717,Maybelline,Maybelline,MYB SUPERSTAY MATTE INK-DLCATE,Maybelline Superstay Matte Ink-Dlcate,,Toiletries,Makeup,72,72 x piece,,,72,Piece,372.05,5.1674,USD,Per Case,5.0,390.66,5.43,USD 390.66,USD 390.66/case (72pk) · USD 5.43/unit,Enquire,,,FOB Jakarta,FOB Jakarta,Indonesia,Jakarta,,2026-09-25,No,No,,no unit size on the supplier line,
LOREAL_GARNIER,949,PT. Surya Graha Pasaraya,P9282806,6902395682806,Maybelline,Maybelline,MYB SUPERSTAY MATTE INK- 70 AMAZON,Maybelline Superstay Matte Ink- 70 Amazon,,Toiletries,Makeup,72,72 x piece,,,72,Piece,372.05,5.1674,USD,Per Case,5.0,390.66,5.43,USD 390.66,USD 390.66/case (72pk) · USD 5.43/unit,Enquire,,,FOB Jakarta,FOB Jakarta,Indonesia,Jakarta,,2026-09-25,No,No,,no unit size on the supplier line,
LOREAL_GARNIER,950,PT. Surya Graha Pasaraya,P9282820,6902395682820,Maybelline,Maybelline,MYB SUPERSTAY MATTE INK-75 FIGHTER,Maybelline Superstay Matte Ink-75 Fighter,,Toiletries,Makeup,72,72 x piece,,,72,Piece,372.05,5.1674,USD,Per Case,5.0,390.66,5.43,USD 390.66,USD 390.66/case (72pk) · USD 5.43/unit,Enquire,,,FOB Jakarta,FOB Jakarta,Indonesia,Jakarta,,2026-09-25,No,No,,no unit size on the supplier line,
LOREAL_GARNIER,951,PT. Surya Graha Pasaraya,P9206861,6902395706861,Maybelline,Maybelline,MYB SUPERSTAY MATTE INK-SEEKER,Maybelline Superstay Matte Ink-Seeker,,Toiletries,Makeup,72,72 x piece,,,72,Piece,372.05,5.1674,USD,Per Case,5.0,390.66,5.43,USD 390.66,USD 390.66/case (72pk) · USD 5.43/unit,Enquire,,,FOB Jakarta,FOB Jakarta,Indonesia,Jakarta,,2026-09-25,No,No,,no unit size on the supplier line,
LOREAL_GARNIER,952,PT. Surya Graha Pasaraya,P9207011,6902395707011,Maybelline,Maybelline,MYB SUPERSTAY MATTE INK-TRANSFORMR,Maybelline Superstay Matte Ink-Transformr,,Toiletries,Makeup,72,72 x piece,,,72,Piece,372.05,5.1674,USD,Per Case,5.0,390.66,5.43,USD 390.66,USD 390.66/case (72pk) · USD 5.43/unit,Enquire,,,FOB Jakarta,FOB Jakarta,Indonesia,Jakarta,,2026-09-25,No,No,,no unit size on the supplier line,
LOREAL_GARNIER,953,PT. Surya Graha Pasaraya,P9207066,6902395707066,Maybelline,Maybelline,MYB SUPERSTAY MATTE INK-210 VRSATL,Maybelline Superstay Matte Ink-210 Vrsatl,,Toiletries,Makeup,72,72 x piece,,,72,Piece,372.05,5.1674,USD,Per Case,5.0,390.66,5.43,USD 390.66,USD 390.66/case (72pk) · USD 5.43/unit,Enquire,,,FOB Jakarta,FOB Jakarta,Indonesia,Jakarta,,2026-09-25,No,No,,no unit size on the supplier line,
LOREAL_GARNIER,954,PT. Surya Graha Pasaraya,P9282974,6902395682974,Maybelline,Maybelline,MYB SUPERSTAY MATTE INK-PIONEER,Maybelline Superstay Matte Ink-Pioneer,,Toiletries,Makeup,72,72 x piece,,,72,Piece,372.05,5.1674,USD,Per Case,5.0,390.66,5.43,USD 390.66,USD 390.66/case (72pk) · USD 5.43/unit,Enquire,,,FOB Jakarta,FOB Jakarta,Indonesia,Jakarta,,2026-09-25,No,No,,no unit size on the supplier line,
LOREAL_GARNIER,955,PT. Surya Graha Pasaraya,P9282882,6902395682882,Maybelline,Maybelline,MYB SUPERSTAY MATTE INK-SEDUCT,Maybelline Superstay Matte Ink-Seduct,,Toiletries,Makeup,72,72 x piece,,,72,Piece,372.05,5.1674,USD,Per Case,5.0,390.66,5.43,USD 390.66,USD 390.66/case (72pk) · USD 5.43/unit,Enquire,,,FOB Jakarta,FOB Jakarta,Indonesia,Jakarta,,2026-09-25,No,No,,no unit size on the supplier line,
LOREAL_GARNIER,956,PT. Surya Graha Pasaraya,P9282875,6902395682875,Maybelline,Maybelline,MYB SUPERSTAY MATTE INK-RULER,Maybelline Superstay Matte Ink-Ruler,,Toiletries,Makeup,72,72 x piece,,,72,Piece,372.05,5.1674,USD,Per Case,5.0,390.66,5.43,USD 390.66,USD 390.66/case (72pk) · USD 5.43/unit,Enquire,,,FOB Jakarta,FOB Jakarta,Indonesia,Jakarta,,2026-09-25,No,No,,no unit size on the supplier line,
LOREAL_GARNIER,957,PT. Surya Graha Pasaraya,P9282943,6902395682943,Maybelline,Maybelline,MYB SUPERSTAY MATTE INK-HEROINE,Maybelline Superstay Matte Ink-Heroine,,Toiletries,Makeup,72,72 x piece,,,72,Piece,372.05,5.1674,USD,Per Case,5.0,390.66,5.43,USD 390.66,USD 390.66/case (72pk) · USD 5.43/unit,Enquire,,,FOB Jakarta,FOB Jakarta,Indonesia,Jakarta,,2026-09-25,No,No,,no unit size on the supplier line,
LOREAL_GARNIER,958,PT. Surya Graha Pasaraya,P9282950,6902395682950,Maybelline,Maybelline,MYB SUPERSTAY MATTE INK-15 LOVER,Maybelline Superstay Matte Ink-15 Lover,,Toiletries,Makeup,72,72 x piece,,,72,Piece,372.05,5.1674,USD,Per Case,5.0,390.66,5.43,USD 390.66,USD 390.66/case (72pk) · USD 5.43/unit,Enquire,,,FOB Jakarta,FOB Jakarta,Indonesia,Jakarta,,2026-09-25,No,No,,no unit size on the supplier line,
LOREAL_GARNIER,959,PT. Surya Graha Pasaraya,P9282998,6902395682998,Maybelline,Maybelline,MYB SUPERSTAY MATTE INK-VOYAGE,Maybelline Superstay Matte Ink-Voyage,,Toiletries,Makeup,72,72 x piece,,,72,Piece,372.05,5.1674,USD,Per Case,5.0,390.66,5.43,USD 390.66,USD 390.66/case (72pk) · USD 5.43/unit,Enquire,,,FOB Jakarta,FOB Jakarta,Indonesia,Jakarta,,2026-09-25,No,No,,no unit size on the supplier line,
LOREAL_GARNIER,960,PT. Surya Graha Pasaraya,P9247718,41554247718,Maybelline,Maybelline,MYB CONCEALER FIT ME-LIGHT,Maybelline Concealer Fit Me-Light,,Toiletries,Makeup,72,72 x piece,,,72,Piece,374.6,5.2028,USD,Per Case,5.0,393.33,5.46,USD 393.33,USD 393.33/case (72pk) · USD 5.46/unit,Enquire,,,FOB Jakarta,FOB Jakarta,Indonesia,Jakarta,,2026-09-25,No,No,,no unit size on the supplier line,
LOREAL_GARNIER,961,PT. Surya Graha Pasaraya,P9247701,41554247701,Maybelline,Maybelline,MYB FIT ME CONCEAL,Maybelline Fit Me Conceal,,Toiletries,Makeup,72,72 x piece,,,72,Piece,374.6,5.2028,USD,Per Case,5.0,393.33,5.46,USD 393.33,USD 393.33/case (72pk) · USD 5.46/unit,Enquire,,,FOB Jakarta,FOB Jakarta,Indonesia,Jakarta,,2026-09-25,No,No,,no unit size on the supplier line,
LOREAL_GARNIER,962,PT. Surya Graha Pasaraya,P9247725,41554247725,Maybelline,Maybelline,MYB FIT ME CONCEALER MEDIUM,Maybelline Fit Me Concealer Medium,,Toiletries,Makeup,72,72 x piece,,,72,Piece,374.6,5.2028,USD,Per Case,5.0,393.33,5.46,USD 393.33,USD 393.33/case (72pk) · USD 5.46/unit,Enquire,,,FOB Jakarta,FOB Jakarta,Indonesia,Jakarta,,2026-09-25,No,No,,no unit size on the supplier line,
LOREAL_GARNIER,963,PT. Surya Graha Pasaraya,P9247732,41554247732,Maybelline,Maybelline,MYB FIT ME CONCEALER SAND,Maybelline Fit Me Concealer Sand,,Toiletries,Makeup,72,72 x piece,,,72,Piece,374.6,5.2028,USD,Per Case,5.0,393.33,5.46,USD 393.33,USD 393.33/case (72pk) · USD 5.46/unit,Enquire,,,FOB Jakarta,FOB Jakarta,Indonesia,Jakarta,,2026-09-25,No,No,,no unit size on the supplier line,
LOREAL_GARNIER,965,PT. Surya Graha Pasaraya,L70835,6902395970835,L'Oreal Paris,L'Oreal Cosmetics,LOR MU CR SLIM NUDE 601 LIPSTK AS X,L'Oreal Paris Color Riche Slim Nude 601 Lipstick,,Toiletries,Makeup,99,99 x piece,,,99,Piece,554.2,5.598,USD,Per Case,5.0,581.91,5.88,USD 581.91,USD 581.91/case (99pk) · USD 5.88/unit,Enquire,,,FOB Jakarta,FOB Jakarta,Indonesia,Jakarta,,2026-09-25,No,No,,no unit size on the supplier line,
LOREAL_GARNIER,966,PT. Surya Graha Pasaraya,L70842,6902395970842,L'Oreal Paris,L'Oreal Cosmetics,LOR MU CR SLIM NUDE 520 LIPSTK AS X,L'Oreal Paris Color Riche Slim Nude 520 Lipstick,,Toiletries,Makeup,99,99 x piece,,,99,Piece,554.2,5.598,USD,Per Case,5.0,581.91,5.88,USD 581.91,USD 581.91/case (99pk) · USD 5.88/unit,Enquire,,,FOB Jakarta,FOB Jakarta,Indonesia,Jakarta,,2026-09-25,No,No,,no unit size on the supplier line,
LOREAL_GARNIER,967,PT. Surya Graha Pasaraya,L70859,6902395970859,L'Oreal Paris,L'Oreal Cosmetics,LOR MU CR SLIM NUDE 540 LIPSTK AS X,L'Oreal Paris Color Riche Slim Nude 540 Lipstick,,Toiletries,Makeup,99,99 x piece,,,99,Piece,554.2,5.598,USD,Per Case,5.0,581.91,5.88,USD 581.91,USD 581.91/case (99pk) · USD 5.88/unit,Enquire,,,FOB Jakarta,FOB Jakarta,Indonesia,Jakarta,,2026-09-25,No,No,,no unit size on the supplier line,
LOREAL_GARNIER,968,PT. Surya Graha Pasaraya,L70873,6902395970873,L'Oreal Paris,L'Oreal Cosmetics,LOR MU CR SLIM NUDE 570 LIPSTK AS X,L'Oreal Paris Color Riche Slim Nude 570 Lipstick,,Toiletries,Makeup,99,99 x piece,,,99,Piece,554.2,5.598,USD,Per Case,5.0,581.91,5.88,USD 581.91,USD 581.91/case (99pk) · USD 5.88/unit,Enquire,,,FOB Jakarta,FOB Jakarta,Indonesia,Jakarta,,2026-09-25,No,No,,no unit size on the supplier line,
LOREAL_GARNIER,969,PT. Surya Graha Pasaraya,L70880,6902395970880,L'Oreal Paris,L'Oreal Cosmetics,LOR MU CR SLIM NUDE 590 LIPSTK OS AS X,L'Oreal Paris Color Riche Slim Nude 590 Lipstick,,Toiletries,Makeup,99,99 x piece,,,99,Piece,554.2,5.598,USD,Per Case,5.0,581.91,5.88,USD 581.91,USD 581.91/case (99pk) · USD 5.88/unit,Enquire,,,FOB Jakarta,FOB Jakarta,Indonesia,Jakarta,,2026-09-25,No,No,,no unit size on the supplier line,
LOREAL_GARNIER,970,PT. Surya Graha Pasaraya,L04726,3600524104726,L'Oreal Paris,L'Oreal Cosmetics,LOR MU INFA SET SPRAY AE75ML 260,L'Oreal Paris Infallible Set Spray Ae75Ml 260,,Toiletries,Makeup,6 x 75ml,6 x 75ml,75ml,75.0,6,Piece,25.66,4.2767,USD,Per Case,5.0,26.94,4.49,USD 26.94,USD 26.94/case (6pk) · USD 4.49/unit,Enquire,,,FOB Jakarta,FOB Jakarta,Indonesia,Jakarta,,2026-09-25,No,No,,,
LOREAL_GARNIER,971,PT. Surya Graha Pasaraya,L88501,30188501,L'Oreal Paris,L'Oreal Cosmetics,OAP GLTN BLUSH GLWY GOLD PINK 625,L'Oreal Paris GLTN Blush GLWY Gold Pink 625,,Toiletries,Makeup,3,3 x piece,,,3,Piece,17.86,5.9519,USD,Per Case,5.0,18.75,6.25,USD 18.75,USD 18.75/case (3pk) · USD 6.25/unit,Enquire,,,FOB Jakarta,FOB Jakarta,Indonesia,Jakarta,,2026-09-25,No,No,,"no unit size on the supplier line; name codes: GLTN, GLWY",
LOREAL_GARNIER,972,PT. Surya Graha Pasaraya,L88556,30188556,L'Oreal Paris,L'Oreal Cosmetics,OAP GLTN BLUSH GLWY WORHTIT MED 635,L'Oreal Paris GLTN Blush GLWY Worhtit MED 635,,Toiletries,Makeup,3,3 x piece,,,3,Piece,17.86,5.9519,USD,Per Case,5.0,18.75,6.25,USD 18.75,USD 18.75/case (3pk) · USD 6.25/unit,Enquire,,,FOB Jakarta,FOB Jakarta,Indonesia,Jakarta,,2026-09-25,No,No,,"no unit size on the supplier line; name codes: GLTN, GLWY, MED",
LOREAL_GARNIER,973,PT. Surya Graha Pasaraya,L88532,30188532,L'Oreal Paris,L'Oreal Cosmetics,OAP GLTN BLUSH GLWY TRUE ROSE 630,L'Oreal Paris GLTN Blush GLWY TRUE Rose 630,,Toiletries,Makeup,3,3 x piece,,,3,Piece,17.86,5.9519,USD,Per Case,5.0,18.75,6.25,USD 18.75,USD 18.75/case (3pk) · USD 6.25/unit,Enquire,,,FOB Jakarta,FOB Jakarta,Indonesia,Jakarta,,2026-09-25,No,No,,"no unit size on the supplier line; name codes: GLTN, GLWY, TRUE",
LOREAL_GARNIER,974,PT. Surya Graha Pasaraya,L71351,6902395971351,L'Oreal Paris,L'Oreal Cosmetics,LOR MU CR SLIM MATTE 129 LIPSTK V2 AS X,L'Oreal Paris Color Riche Slim Matte 129 Lipstick,,Toiletries,Makeup,99,99 x piece,,,99,Piece,554.2,5.598,USD,Per Case,5.0,581.91,5.88,USD 581.91,USD 581.91/case (99pk) · USD 5.88/unit,Enquire,,,FOB Jakarta,FOB Jakarta,Indonesia,Jakarta,,2026-09-25,No,No,,no unit size on the supplier line,
LOREAL_GARNIER,975,PT. Surya Graha Pasaraya,L71375,6902395971375,L'Oreal Paris,L'Oreal Cosmetics,LOR MU CR SLIM MATTE 276 LIPSTK V2 AS X,L'Oreal Paris Color Riche Slim Matte 276 Lipstick,,Toiletries,Makeup,99,99 x piece,,,99,Piece,554.2,5.598,USD,Per Case,5.0,581.91,5.88,USD 581.91,USD 581.91/case (99pk) · USD 5.88/unit,Enquire,,,FOB Jakarta,FOB Jakarta,Indonesia,Jakarta,,2026-09-25,No,No,,no unit size on the supplier line,
LOREAL_GARNIER,976,PT. Surya Graha Pasaraya,L71405,6902395971405,L'Oreal Paris,L'Oreal Cosmetics,LOR MU CR SLIM NEIWAI LIPSTK 610 V2 AS X,L'Oreal Paris Color Riche Slim Neiwai Lipstick 610,,Toiletries,Makeup,99,99 x piece,,,99,Piece,554.2,5.598,USD,Per Case,5.0,581.91,5.88,USD 581.91,USD 581.91/case (99pk) · USD 5.88/unit,Enquire,,,FOB Jakarta,FOB Jakarta,Indonesia,Jakarta,,2026-09-25,No,No,,no unit size on the supplier line,
LOREAL_GARNIER,977,PT. Surya Graha Pasaraya,L71412,6902395971412,L'Oreal Paris,L'Oreal Cosmetics,LOR MU CR SLIM NEIWAI LIPSTK 611 V2 AS X,L'Oreal Paris Color Riche Slim Neiwai Lipstick 611,,Toiletries,Makeup,99,99 x piece,,,99,Piece,554.2,5.598,USD,Per Case,5.0,581.91,5.88,USD 581.91,USD 581.91/case (99pk) · USD 5.88/unit,Enquire,,,FOB Jakarta,FOB Jakarta,Indonesia,Jakarta,,2026-09-25,No,No,,no unit size on the supplier line,
LOREAL_GARNIER,978,PT. Surya Graha Pasaraya,L71429,6902395971429,L'Oreal Paris,L'Oreal Cosmetics,LOR MU CR SLIM NEIWAI LIPSTK 613 V2 AS X,L'Oreal Paris Color Riche Slim Neiwai Lipstick 613,,Toiletries,Makeup,99,99 x piece,,,99,Piece,554.2,5.598,USD,Per Case,5.0,581.91,5.88,USD 581.91,USD 581.91/case (99pk) · USD 5.88/unit,Enquire,,,FOB Jakarta,FOB Jakarta,Indonesia,Jakarta,,2026-09-25,No,No,,no unit size on the supplier line,
LOREAL_GARNIER,979,PT. Surya Graha Pasaraya,LAKEUP,6902395975533,L'Oreal Paris,L'Oreal Cosmetics,LOR MU INFALLIBLE LAQUE RESISTANCE 215 AS X,L'Oreal Paris Infallible Laque Resistance 215,,Toiletries,Makeup,3,3 x piece,,,3,Piece,17.45,5.8163,USD,Per Case,5.0,18.32,6.11,USD 18.32,USD 18.32/case (3pk) · USD 6.11/unit,Enquire,,,FOB Jakarta,FOB Jakarta,Indonesia,Jakarta,,2026-09-25,No,No,,no unit size on the supplier line,
LOREAL_GARNIER,980,PT. Surya Graha Pasaraya,LAKEUP,6902395975540,L'Oreal Paris,L'Oreal Cosmetics,LOR MU INFALLIBLE LAQUE RESISTANCE 220 AS X,L'Oreal Paris Infallible Laque Resistance 220,,Toiletries,Makeup,3,3 x piece,,,3,Piece,17.45,5.8163,USD,Per Case,5.0,18.32,6.11,USD 18.32,USD 18.32/case (3pk) · USD 6.11/unit,Enquire,,,FOB Jakarta,FOB Jakarta,Indonesia,Jakarta,,2026-09-25,No,No,,no unit size on the supplier line,
LOREAL_GARNIER,981,PT. Surya Graha Pasaraya,LAKEUP,6902395975557,L'Oreal Paris,L'Oreal Cosmetics,LOR MU INFALLIBLE LAQUE RESISTANCE 225 AS X,L'Oreal Paris Infallible Laque Resistance 225,,Toiletries,Makeup,3,3 x piece,,,3,Piece,17.45,5.8163,USD,Per Case,5.0,18.32,6.11,USD 18.32,USD 18.32/case (3pk) · USD 6.11/unit,Enquire,,,FOB Jakarta,FOB Jakarta,Indonesia,Jakarta,,2026-09-25,No,No,,no unit size on the supplier line,
LOREAL_GARNIER,982,PT. Surya Graha Pasaraya,LAKEUP,6902395975595,L'Oreal Paris,L'Oreal Cosmetics,LOR MU INFALLIBLELAQUE RESISTANCE 420 AS X,L'Oreal Paris Infalliblelaque Resistance 420,,Toiletries,Makeup,3,3 x piece,,,3,Piece,17.45,5.8163,USD,Per Case,5.0,18.32,6.11,USD 18.32,USD 18.32/case (3pk) · USD 6.11/unit,Enquire,,,FOB Jakarta,FOB Jakarta,Indonesia,Jakarta,,2026-09-25,No,No,,no unit size on the supplier line,
LOREAL_GARNIER,983,PT. Surya Graha Pasaraya,LAKEUP,6902395975601,L'Oreal Paris,L'Oreal Cosmetics,LOR MU INFALLIBLE LAQUE RESISTANCE 510 AS X,L'Oreal Paris Infallible Laque Resistance 510,,Toiletries,Makeup,3,3 x piece,,,3,Piece,17.45,5.8163,USD,Per Case,5.0,18.32,6.11,USD 18.32,USD 18.32/case (3pk) · USD 6.11/unit,Enquire,,,FOB Jakarta,FOB Jakarta,Indonesia,Jakarta,,2026-09-25,No,No,,no unit size on the supplier line,
LOREAL_GARNIER,984,PT. Surya Graha Pasaraya,LAKEUP,6902395975618,L'Oreal Paris,L'Oreal Cosmetics,LOR MU INFALLIBLELAQUE RESISTANCE 520 AS X,L'Oreal Paris Infalliblelaque Resistance 520,,Toiletries,Makeup,3,3 x piece,,,3,Piece,17.45,5.8163,USD,Per Case,5.0,18.32,6.11,USD 18.32,USD 18.32/case (3pk) · USD 6.11/unit,Enquire,,,FOB Jakarta,FOB Jakarta,Indonesia,Jakarta,,2026-09-25,No,No,,no unit size on the supplier line,
LOREAL_GARNIER,985,PT. Surya Graha Pasaraya,LAKEUP,6902395975489,L'Oreal Paris,L'Oreal Cosmetics,LOR MU INFALLIBLE LAQUE RESISTANCE 600 AS X,L'Oreal Paris Infallible Laque Resistance 600,,Toiletries,Makeup,3,3 x piece,,,3,Piece,17.45,5.8163,USD,Per Case,5.0,18.32,6.11,USD 18.32,USD 18.32/case (3pk) · USD 6.11/unit,Enquire,,,FOB Jakarta,FOB Jakarta,Indonesia,Jakarta,,2026-09-25,No,No,,no unit size on the supplier line,
LOREAL_GARNIER,986,PT. Surya Graha Pasaraya,LAKEUP,6902395975496,L'Oreal Paris,L'Oreal Cosmetics,LOR MU INFALLIBLE LAQUE RESISTANCE 601 AS X,L'Oreal Paris Infallible Laque Resistance 601,,Toiletries,Makeup,3,3 x piece,,,3,Piece,17.45,5.8163,USD,Per Case,5.0,18.32,6.11,USD 18.32,USD 18.32/case (3pk) · USD 6.11/unit,Enquire,,,FOB Jakarta,FOB Jakarta,Indonesia,Jakarta,,2026-09-25,No,No,,no unit size on the supplier line,
LOREAL_GARNIER,987,PT. Surya Graha Pasaraya,LAKEUP,6902395975502,L'Oreal Paris,L'Oreal Cosmetics,LOR MU INFALLIBLELAQUE RESISTANCE 610 AS X,L'Oreal Paris Infalliblelaque Resistance 610,,Toiletries,Makeup,3,3 x piece,,,3,Piece,17.45,5.8163,USD,Per Case,5.0,18.32,6.11,USD 18.32,USD 18.32/case (3pk) · USD 6.11/unit,Enquire,,,FOB Jakarta,FOB Jakarta,Indonesia,Jakarta,,2026-09-25,No,No,,no unit size on the supplier line,
LOREAL_GARNIER,988,PT. Surya Graha Pasaraya,LAKEUP,6902395975526,L'Oreal Paris,L'Oreal Cosmetics,LOR MU INFALLIBLE LAQUE RESISTANCE 635 AS X,L'Oreal Paris Infallible Laque Resistance 635,,Toiletries,Makeup,3,3 x piece,,,3,Piece,17.45,5.8163,USD,Per Case,5.0,18.32,6.11,USD 18.32,USD 18.32/case (3pk) · USD 6.11/unit,Enquire,,,FOB Jakarta,FOB Jakarta,Indonesia,Jakarta,,2026-09-25,No,No,,no unit size on the supplier line,
LOREAL_GARNIER,989,PT. Surya Graha Pasaraya,L90507,3600524190507,L'Oreal Paris,L'Oreal Cosmetics,LOR MU OA INF 24H TINTED SRM VRYLGHT 0.5-2,L'Oreal Paris OA Infallible 24h Tinted Serum Vrylght 0.5-2,,Toiletries,Makeup,63,63 x piece,,,63,Piece,419.57,6.6598,USD,Per Case,5.0,440.55,6.99,USD 440.55,USD 440.55/case (63pk) · USD 6.99/unit,Enquire,,,FOB Jakarta,FOB Jakarta,Indonesia,Jakarta,,2026-09-25,No,No,,no unit size on the supplier line; name codes: OA,
LOREAL_GARNIER,990,PT. Surya Graha Pasaraya,L90514,3600524190514,L'Oreal Paris,L'Oreal Cosmetics,LOR MU OA INF 24H TINTED SRM RSYLGHT 1-2,L'Oreal Paris OA Infallible 24h Tinted Serum Rsylght 1-2,,Toiletries,Makeup,63,63 x piece,,,63,Piece,419.57,6.6598,USD,Per Case,5.0,440.55,6.99,USD 440.55,USD 440.55/case (63pk) · USD 6.99/unit,Enquire,,,FOB Jakarta,FOB Jakarta,Indonesia,Jakarta,,2026-09-25,No,No,,no unit size on the supplier line; name codes: OA,
LOREAL_GARNIER,991,PT. Surya Graha Pasaraya,L90521,3600524190521,L'Oreal Paris,L'Oreal Cosmetics,LOR MU OA INF 24H TINTED SRM LIGHT 2-3,L'Oreal Paris OA Infallible 24h Tinted Serum Light 2-3,,Toiletries,Makeup,63,63 x piece,,,63,Piece,419.57,6.6598,USD,Per Case,5.0,440.55,6.99,USD 440.55,USD 440.55/case (63pk) · USD 6.99/unit,Enquire,,,FOB Jakarta,FOB Jakarta,Indonesia,Jakarta,,2026-09-25,No,No,,no unit size on the supplier line; name codes: OA,
LOREAL_GARNIER,992,PT. Surya Graha Pasaraya,L90538,3600524190538,L'Oreal Paris,L'Oreal Cosmetics,LOR MU OA INF 24H TINTED SRM LGHTMED 3-4,L'Oreal Paris OA Infallible 24h Tinted Serum Lghtmed 3-4,,Toiletries,Makeup,63,63 x piece,,,63,Piece,419.57,6.6598,USD,Per Case,5.0,440.55,6.99,USD 440.55,USD 440.55/case (63pk) · USD 6.99/unit,Enquire,,,FOB Jakarta,FOB Jakarta,Indonesia,Jakarta,,2026-09-25,No,No,,no unit size on the supplier line; name codes: OA,
LOREAL_GARNIER,993,PT. Surya Graha Pasaraya,L90545,3600524190545,L'Oreal Paris,L'Oreal Cosmetics,LOR MU OA INF 24H TINTED SRM MED 4-5,L'Oreal Paris OA Infallible 24h Tinted Serum MED 4-5,,Toiletries,Makeup,63,63 x piece,,,63,Piece,419.57,6.6598,USD,Per Case,5.0,440.55,6.99,USD 440.55,USD 440.55/case (63pk) · USD 6.99/unit,Enquire,,,FOB Jakarta,FOB Jakarta,Indonesia,Jakarta,,2026-09-25,No,No,,"no unit size on the supplier line; name codes: MED, OA",
LOREAL_GARNIER,994,PT. Surya Graha Pasaraya,L90552,3600524190552,L'Oreal Paris,L'Oreal Cosmetics,LOR MU OA INF 24H TINTED SRM MED TAN 5-6,L'Oreal Paris OA Infallible 24h Tinted Serum MED TAN 5-6,,Toiletries,Makeup,63,63 x piece,,,63,Piece,419.57,6.6598,USD,Per Case,5.0,440.55,6.99,USD 440.55,USD 440.55/case (63pk) · USD 6.99/unit,Enquire,,,FOB Jakarta,FOB Jakarta,Indonesia,Jakarta,,2026-09-25,No,No,,"no unit size on the supplier line; name codes: MED, OA, TAN",
LOREAL_GARNIER,995,PT. Surya Graha Pasaraya,L90569,3600524190569,L'Oreal Paris,L'Oreal Cosmetics,LOR MU OA INF 24H TINTED SRM TAN 6-7,L'Oreal Paris OA Infallible 24h Tinted Serum TAN 6-7,,Toiletries,Makeup,63,63 x piece,,,63,Piece,419.57,6.6598,USD,Per Case,5.0,440.55,6.99,USD 440.55,USD 440.55/case (63pk) · USD 6.99/unit,Enquire,,,FOB Jakarta,FOB Jakarta,Indonesia,Jakarta,,2026-09-25,No,No,Perubahan harga per Januari 2026,"no unit size on the supplier line; name codes: OA, TAN",
LOREAL_GARNIER,996,PT. Surya Graha Pasaraya,L70958,6902395970958,L'Oreal Paris,L'Oreal Cosmetics,LOR MU INFALLIBLE LE MATTE RESISTANCE NUDE 601 AS X,L'Oreal Paris Infallible Le Matte Resistance Nude 601,,Toiletries,Makeup,126,126 x piece,,,126,Piece,732.85,5.8163,USD,Per Case,5.0,769.49,6.11,USD 769.49,USD 769.49/case (126pk) · USD 6.11/unit,Enquire,,,FOB Jakarta,FOB Jakarta,Indonesia,Jakarta,,2026-09-25,No,No,,no unit size on the supplier line,
LOREAL_GARNIER,997,PT. Surya Graha Pasaraya,L70965,6902395970965,L'Oreal Paris,L'Oreal Cosmetics,LOR MU INFALLIBLE LE MATTE RESISTANCE NUDE 625 AS X,L'Oreal Paris Infallible Le Matte Resistance Nude 625,,Toiletries,Makeup,126,126 x piece,,,126,Piece,732.85,5.8163,USD,Per Case,5.0,769.49,6.11,USD 769.49,USD 769.49/case (126pk) · USD 6.11/unit,Enquire,,,FOB Jakarta,FOB Jakarta,Indonesia,Jakarta,,2026-09-25,No,No,,no unit size on the supplier line,
LOREAL_GARNIER,998,PT. Surya Graha Pasaraya,L70972,6902395970972,L'Oreal Paris,L'Oreal Cosmetics,LOR MU INFALLIBLE LE MATTE RESISTANCE NUDE 630 AS X,L'Oreal Paris Infallible Le Matte Resistance Nude 630,,Toiletries,Makeup,126,126 x piece,,,126,Piece,732.85,5.8163,USD,Per Case,5.0,769.49,6.11,USD 769.49,USD 769.49/case (126pk) · USD 6.11/unit,Enquire,,,FOB Jakarta,FOB Jakarta,Indonesia,Jakarta,,2026-09-25,No,No,,no unit size on the supplier line,
LOREAL_GARNIER,999,PT. Surya Graha Pasaraya,L70989,6902395970989,L'Oreal Paris,L'Oreal Cosmetics,LOR MU INFALLIBLE LE MATTE RESISTANCE NUDE 635 AS X,L'Oreal Paris Infallible Le Matte Resistance Nude 635,,Toiletries,Makeup,126,126 x piece,,,126,Piece,732.85,5.8163,USD,Per Case,5.0,769.49,6.11,USD 769.49,USD 769.49/case (126pk) · USD 6.11/unit,Enquire,,,FOB Jakarta,FOB Jakarta,Indonesia,Jakarta,,2026-09-25,No,No,,no unit size on the supplier line,
LOREAL_GARNIER,1000,PT. Surya Graha Pasaraya,L71009,6902395971009,L'Oreal Paris,L'Oreal Cosmetics,LOR MU INFALLIBLE LE MATTE RESISTANCE NUDE 665 AS X,L'Oreal Paris Infallible Le Matte Resistance Nude 665,,Toiletries,Makeup,126,126 x piece,,,126,Piece,732.85,5.8163,USD,Per Case,5.0,769.49,6.11,USD 769.49,USD 769.49/case (126pk) · USD 6.11/unit,Enquire,,,FOB Jakarta,FOB Jakarta,Indonesia,Jakarta,,2026-09-25,No,No,,no unit size on the supplier line,
LOREAL_GARNIER,1001,PT. Surya Graha Pasaraya,L81008,71249681008,L'Oreal Paris,L'Oreal Cosmetics,LOR MU VOL PANORAMA BLACK WTP,L'Oreal Paris VOL Panorama Black WTP,,Toiletries,Makeup,72,72 x piece,,,72,Piece,441.71,6.1348,USD,Per Case,5.0,463.79,6.44,USD 463.79,USD 463.79/case (72pk) · USD 6.44/unit,Enquire,,,FOB Jakarta,FOB Jakarta,Indonesia,Jakarta,,2026-09-25,No,No,,"no unit size on the supplier line; name codes: VOL, WTP",
LOREAL_GARNIER,1002,PT. Surya Graha Pasaraya,L53275,6902395853275,L'Oreal Paris,L'Oreal Cosmetics,LOR MU INFALLIBLE LE MATTE RESISTANCE NUDE 115,L'Oreal Paris Infallible Le Matte Resistance Nude 115,,Toiletries,Makeup,126,126 x piece,,,126,Piece,732.85,5.8163,USD,Per Case,5.0,769.49,6.11,USD 769.49,USD 769.49/case (126pk) · USD 6.11/unit,Enquire,,,FOB Jakarta,FOB Jakarta,Indonesia,Jakarta,,2026-09-25,No,No,,no unit size on the supplier line,
LOREAL_GARNIER,1003,PT. Surya Graha Pasaraya,L53282,6902395853282,L'Oreal Paris,L'Oreal Cosmetics,LOR MU INFALLIBLE LE MATTE RESISTANCE NUDE 120,L'Oreal Paris Infallible Le Matte Resistance Nude 120,,Toiletries,Makeup,126,126 x piece,,,126,Piece,732.85,5.8163,USD,Per Case,5.0,769.49,6.11,USD 769.49,USD 769.49/case (126pk) · USD 6.11/unit,Enquire,,,FOB Jakarta,FOB Jakarta,Indonesia,Jakarta,,2026-09-25,No,No,,no unit size on the supplier line,
LOREAL_GARNIER,1004,PT. Surya Graha Pasaraya,L53299,6902395853299,L'Oreal Paris,L'Oreal Cosmetics,LOR MU INFALLIBLE LE MATTE RESISTANCE NUDE 150,L'Oreal Paris Infallible Le Matte Resistance Nude 150,,Toiletries,Makeup,126,126 x piece,,,126,Piece,732.85,5.8163,USD,Per Case,5.0,769.49,6.11,USD 769.49,USD 769.49/case (126pk) · USD 6.11/unit,Enquire,,,FOB Jakarta,FOB Jakarta,Indonesia,Jakarta,,2026-09-25,No,No,,no unit size on the supplier line,
LOREAL_GARNIER,1005,PT. Surya Graha Pasaraya,L53305,6902395853305,L'Oreal Paris,L'Oreal Cosmetics,LOR MU INFALLIBLE LE MATTE RESISTANCE NUDE 210,L'Oreal Paris Infallible Le Matte Resistance Nude 210,,Toiletries,Makeup,126,126 x piece,,,126,Piece,732.85,5.8163,USD,Per Case,5.0,769.49,6.11,USD 769.49,USD 769.49/case (126pk) · USD 6.11/unit,Enquire,,,FOB Jakarta,FOB Jakarta,Indonesia,Jakarta,,2026-09-25,No,No,,no unit size on the supplier line,
LOREAL_GARNIER,1006,PT. Surya Graha Pasaraya,L53312,6902395853312,L'Oreal Paris,L'Oreal Cosmetics,LOR MU INFALLIBLE LE MATTE RESISTANCE NUDE 230,L'Oreal Paris Infallible Le Matte Resistance Nude 230,,Toiletries,Makeup,126,126 x piece,,,126,Piece,732.85,5.8163,USD,Per Case,5.0,769.49,6.11,USD 769.49,USD 769.49/case (126pk) · USD 6.11/unit,Enquire,,,FOB Jakarta,FOB Jakarta,Indonesia,Jakarta,,2026-09-25,No,No,,no unit size on the supplier line,
LOREAL_GARNIER,1007,PT. Surya Graha Pasaraya,L53336,6902395853336,L'Oreal Paris,L'Oreal Cosmetics,LOR MU INFALLIBLE LE MATTE RESISTANCE NUDE 245,L'Oreal Paris Infallible Le Matte Resistance Nude 245,,Toiletries,Makeup,126,126 x piece,,,126,Piece,732.85,5.8163,USD,Per Case,5.0,769.49,6.11,USD 769.49,USD 769.49/case (126pk) · USD 6.11/unit,Enquire,,,FOB Jakarta,FOB Jakarta,Indonesia,Jakarta,,2026-09-25,No,No,,no unit size on the supplier line,
LOREAL_GARNIER,1008,PT. Surya Graha Pasaraya,L53343,6902395853343,L'Oreal Paris,L'Oreal Cosmetics,LOR MU INFALLIBLE LE MATTE RESISTANCE PLUM 500,L'Oreal Paris Infallible Le Matte Resistance Plum 500,,Toiletries,Makeup,126,126 x piece,,,126,Piece,732.85,5.8163,USD,Per Case,5.0,769.49,6.11,USD 769.49,USD 769.49/case (126pk) · USD 6.11/unit,Enquire,,,FOB Jakarta,FOB Jakarta,Indonesia,Jakarta,,2026-09-25,No,No,,no unit size on the supplier line,
LOREAL_GARNIER,1009,PT. Surya Graha Pasaraya,L53367,6902395853367,L'Oreal Paris,L'Oreal Cosmetics,LOR MU INFALLIBLE LE MATTE RESISTANCE RED 420,L'Oreal Paris Infallible Le Matte Resistance Red 420,,Toiletries,Makeup,126,126 x piece,,,126,Piece,732.85,5.8163,USD,Per Case,5.0,769.49,6.11,USD 769.49,USD 769.49/case (126pk) · USD 6.11/unit,Enquire,,,FOB Jakarta,FOB Jakarta,Indonesia,Jakarta,,2026-09-25,No,No,,no unit size on the supplier line,
LOREAL_GARNIER,1010,PT. Surya Graha Pasaraya,L75533,6902395975533,L'Oreal Paris,L'Oreal Cosmetics,LOR MU INF LAQUE RESISTANCE 215 AS X,L'Oreal Paris Infallible Laque Resistance 215,,Toiletries,Makeup,117,117 x piece,,,117,Piece,680.5,5.8163,USD,Per Case,5.0,714.53,6.11,USD 714.53,USD 714.53/case (117pk) · USD 6.11/unit,Enquire,,,FOB Jakarta,FOB Jakarta,Indonesia,Jakarta,,2026-09-25,No,No,,no unit size on the supplier line,
LOREAL_GARNIER,1011,PT. Surya Graha Pasaraya,L75540,6902395975540,L'Oreal Paris,L'Oreal Cosmetics,LOR MU INF LAQUE RESISTANCE 220 AS X,L'Oreal Paris Infallible Laque Resistance 220,,Toiletries,Makeup,117,117 x piece,,,117,Piece,680.5,5.8163,USD,Per Case,5.0,714.53,6.11,USD 714.53,USD 714.53/case (117pk) · USD 6.11/unit,Enquire,,,FOB Jakarta,FOB Jakarta,Indonesia,Jakarta,,2026-09-25,No,No,,no unit size on the supplier line,
LOREAL_GARNIER,1012,PT. Surya Graha Pasaraya,L75557,6902395975557,L'Oreal Paris,L'Oreal Cosmetics,LOR MU INF LAQUE RESISTANCE 225 AS X,L'Oreal Paris Infallible Laque Resistance 225,,Toiletries,Makeup,117,117 x piece,,,117,Piece,680.5,5.8163,USD,Per Case,5.0,714.53,6.11,USD 714.53,USD 714.53/case (117pk) · USD 6.11/unit,Enquire,,,FOB Jakarta,FOB Jakarta,Indonesia,Jakarta,,2026-09-25,No,No,,no unit size on the supplier line,
LOREAL_GARNIER,1013,PT. Surya Graha Pasaraya,L75595,6902395975595,L'Oreal Paris,L'Oreal Cosmetics,LOR MU INF LAQUE RESISTANCE 420 AS X,L'Oreal Paris Infallible Laque Resistance 420,,Toiletries,Makeup,117,117 x piece,,,117,Piece,680.5,5.8163,USD,Per Case,5.0,714.53,6.11,USD 714.53,USD 714.53/case (117pk) · USD 6.11/unit,Enquire,,,FOB Jakarta,FOB Jakarta,Indonesia,Jakarta,,2026-09-25,No,No,,no unit size on the supplier line,
LOREAL_GARNIER,1014,PT. Surya Graha Pasaraya,L75601,6902395975601,L'Oreal Paris,L'Oreal Cosmetics,LOR MU INF LAQUE RESISTANCE 510 AS X,L'Oreal Paris Infallible Laque Resistance 510,,Toiletries,Makeup,117,117 x piece,,,117,Piece,680.5,5.8163,USD,Per Case,5.0,714.53,6.11,USD 714.53,USD 714.53/case (117pk) · USD 6.11/unit,Enquire,,,FOB Jakarta,FOB Jakarta,Indonesia,Jakarta,,2026-09-25,No,No,,no unit size on the supplier line,
LOREAL_GARNIER,1015,PT. Surya Graha Pasaraya,L75618,6902395975618,L'Oreal Paris,L'Oreal Cosmetics,LOR MU INF LAQUE RESISTANCE 520 AS X,L'Oreal Paris Infallible Laque Resistance 520,,Toiletries,Makeup,117,117 x piece,,,117,Piece,680.5,5.8163,USD,Per Case,5.0,714.53,6.11,USD 714.53,USD 714.53/case (117pk) · USD 6.11/unit,Enquire,,,FOB Jakarta,FOB Jakarta,Indonesia,Jakarta,,2026-09-25,No,No,,no unit size on the supplier line,
LOREAL_GARNIER,1016,PT. Surya Graha Pasaraya,L75496,6902395975496,L'Oreal Paris,L'Oreal Cosmetics,LOR MU INF LAQUE RESISTANCE 601 AS X,L'Oreal Paris Infallible Laque Resistance 601,,Toiletries,Makeup,117,117 x piece,,,117,Piece,680.5,5.8163,USD,Per Case,5.0,714.53,6.11,USD 714.53,USD 714.53/case (117pk) · USD 6.11/unit,Enquire,,,FOB Jakarta,FOB Jakarta,Indonesia,Jakarta,,2026-09-25,No,No,,no unit size on the supplier line,
LOREAL_GARNIER,1017,PT. Surya Graha Pasaraya,L75502,6902395975502,L'Oreal Paris,L'Oreal Cosmetics,LOR MU INF LAQUE RESISTANCE 610 AS X,L'Oreal Paris Infallible Laque Resistance 610,,Toiletries,Makeup,117,117 x piece,,,117,Piece,680.5,5.8163,USD,Per Case,5.0,714.53,6.11,USD 714.53,USD 714.53/case (117pk) · USD 6.11/unit,Enquire,,,FOB Jakarta,FOB Jakarta,Indonesia,Jakarta,,2026-09-25,No,No,,no unit size on the supplier line,
LOREAL_GARNIER,1018,PT. Surya Graha Pasaraya,L75526,6902395975526,L'Oreal Paris,L'Oreal Cosmetics,LOR MU INF LAQUE RESISTANCE 635 AS X,L'Oreal Paris Infallible Laque Resistance 635,,Toiletries,Makeup,117,117 x piece,,,117,Piece,680.5,5.8163,USD,Per Case,5.0,714.53,6.11,USD 714.53,USD 714.53/case (117pk) · USD 6.11/unit,Enquire,,,FOB Jakarta,FOB Jakarta,Indonesia,Jakarta,,2026-09-25,No,No,,no unit size on the supplier line,
LOREAL_GARNIER,1019,PT. Surya Graha Pasaraya,L75489,6902395975489,L'Oreal Paris,L'Oreal Cosmetics,LOR MU INF LAQUE RESISTANCE 600 AS X,L'Oreal Paris Infallible Laque Resistance 600,,Toiletries,Makeup,117,117 x piece,,,117,Piece,680.5,5.8163,USD,Per Case,5.0,714.53,6.11,USD 714.53,USD 714.53/case (117pk) · USD 6.11/unit,Enquire,,,FOB Jakarta,FOB Jakarta,Indonesia,Jakarta,,2026-09-25,No,No,,no unit size on the supplier line,
LOREAL_GARNIER,1020,PT. Surya Graha Pasaraya,L26590,6902395826590,L'Oreal Paris,L'Oreal Cosmetics,LOR INFALB MORE T CONCEALER 305,L'Oreal Paris Infallible MORE T Concealer 305,,Toiletries,Makeup,126,126 x piece,,,126,Piece,972.18,7.7157,USD,Per Case,5.0,1020.79,8.1,USD 1020.79,USD 1020.79/case (126pk) · USD 8.10/unit,Enquire,,,FOB Jakarta,FOB Jakarta,Indonesia,Jakarta,,2026-09-25,No,No,,"no unit size on the supplier line; name codes: MORE, T",
LOREAL_GARNIER,1021,PT. Surya Graha Pasaraya,L26613,6902395826613,L'Oreal Paris,L'Oreal Cosmetics,LOR INFALB MORE T CONCEALER 307,L'Oreal Paris Infallible MORE T Concealer 307,,Toiletries,Makeup,126,126 x piece,,,126,Piece,972.18,7.7157,USD,Per Case,5.0,1020.79,8.1,USD 1020.79,USD 1020.79/case (126pk) · USD 8.10/unit,Enquire,,,FOB Jakarta,FOB Jakarta,Indonesia,Jakarta,,2026-09-25,No,No,,"no unit size on the supplier line; name codes: MORE, T",
LOREAL_GARNIER,1022,PT. Surya Graha Pasaraya,L26637,6902395826637,L'Oreal Paris,L'Oreal Cosmetics,LOR INFALB MORE T CONCEALER 309,L'Oreal Paris Infallible MORE T Concealer 309,,Toiletries,Makeup,126,126 x piece,,,126,Piece,972.18,7.7157,USD,Per Case,5.0,1020.79,8.1,USD 1020.79,USD 1020.79/case (126pk) · USD 8.10/unit,Enquire,,,FOB Jakarta,FOB Jakarta,Indonesia,Jakarta,,2026-09-25,No,No,,"no unit size on the supplier line; name codes: MORE, T",
LOREAL_GARNIER,1023,PT. Surya Graha Pasaraya,L45737,6902395845737,L'Oreal Paris,L'Oreal Cosmetics,LOR MU INF 32H PROMATT TB FDT 110 AS,L'Oreal Paris Infallible 32h Promatt Tube Foundation 110,,Toiletries,Makeup,72,72 x piece,,,72,Piece,615.84,8.5533,USD,Per Case,5.0,646.63,8.98,USD 646.63,USD 646.63/case (72pk) · USD 8.98/unit,Enquire,,,FOB Jakarta,FOB Jakarta,Indonesia,Jakarta,,2026-09-25,No,No,,no unit size on the supplier line,
LOREAL_GARNIER,1024,PT. Surya Graha Pasaraya,L45768,6902395845768,L'Oreal Paris,L'Oreal Cosmetics,LOR MU INF 32H PROMATT TB FDT 123 AS,L'Oreal Paris Infallible 32h Promatt Tube Foundation 123,,Toiletries,Makeup,72,72 x piece,,,72,Piece,615.84,8.5533,USD,Per Case,5.0,646.63,8.98,USD 646.63,USD 646.63/case (72pk) · USD 8.98/unit,Enquire,,,FOB Jakarta,FOB Jakarta,Indonesia,Jakarta,,2026-09-25,No,No,,no unit size on the supplier line,
LOREAL_GARNIER,1025,PT. Surya Graha Pasaraya,L45775,6902395845775,L'Oreal Paris,L'Oreal Cosmetics,LOR MU INF 32H PROMATT TB FDT 125 AS,L'Oreal Paris Infallible 32h Promatt Tube Foundation 125,,Toiletries,Makeup,72,72 x piece,,,72,Piece,615.84,8.5533,USD,Per Case,5.0,646.63,8.98,USD 646.63,USD 646.63/case (72pk) · USD 8.98/unit,Enquire,,,FOB Jakarta,FOB Jakarta,Indonesia,Jakarta,,2026-09-25,No,No,,no unit size on the supplier line,
LOREAL_GARNIER,1026,PT. Surya Graha Pasaraya,L45799,6902395845799,L'Oreal Paris,L'Oreal Cosmetics,LOR MU INF 32H PROMATT TB FDT 128 AS,L'Oreal Paris Infallible 32h Promatt Tube Foundation 128,,Toiletries,Makeup,72,72 x piece,,,72,Piece,615.84,8.5533,USD,Per Case,5.0,646.63,8.98,USD 646.63,USD 646.63/case (72pk) · USD 8.98/unit,Enquire,,,FOB Jakarta,FOB Jakarta,Indonesia,Jakarta,,2026-09-25,No,No,,no unit size on the supplier line,
LOREAL_GARNIER,1027,PT. Surya Graha Pasaraya,L45805,6902395845805,L'Oreal Paris,L'Oreal Cosmetics,LOR MU INF 32H PROMATT TB FDT 140 AS,L'Oreal Paris Infallible 32h Promatt Tube Foundation 140,,Toiletries,Makeup,72,72 x piece,,,72,Piece,615.84,8.5533,USD,Per Case,5.0,646.63,8.98,USD 646.63,USD 646.63/case (72pk) · USD 8.98/unit,Enquire,,,FOB Jakarta,FOB Jakarta,Indonesia,Jakarta,,2026-09-25,No,No,,no unit size on the supplier line,
LOREAL_GARNIER,1028,PT. Surya Graha Pasaraya,L45812,6902395845812,L'Oreal Paris,L'Oreal Cosmetics,LOR MU INF 32H PROMATT TB FDT 147 AS,L'Oreal Paris Infallible 32h Promatt Tube Foundation 147,,Toiletries,Makeup,72,72 x piece,,,72,Piece,615.84,8.5533,USD,Per Case,5.0,646.63,8.98,USD 646.63,USD 646.63/case (72pk) · USD 8.98/unit,Enquire,,,FOB Jakarta,FOB Jakarta,Indonesia,Jakarta,,2026-09-25,No,No,,no unit size on the supplier line,
LOREAL_GARNIER,1029,PT. Surya Graha Pasaraya,L45836,6902395845836,L'Oreal Paris,L'Oreal Cosmetics,LOR MU INF 32H PROMATT TB FDT 240 AS,L'Oreal Paris Infallible 32h Promatt Tube Foundation 240,,Toiletries,Makeup,72,72 x piece,,,72,Piece,615.84,8.5533,USD,Per Case,5.0,646.63,8.98,USD 646.63,USD 646.63/case (72pk) · USD 8.98/unit,Enquire,,,FOB Jakarta,FOB Jakarta,Indonesia,Jakarta,,2026-09-25,No,No,,no unit size on the supplier line,
LOREAL_GARNIER,1030,PT. Surya Graha Pasaraya,L45843,6902395845843,L'Oreal Paris,L'Oreal Cosmetics,LOR MU INF 32H PROMATT TB FDT 250 AS,L'Oreal Paris Infallible 32h Promatt Tube Foundation 250,,Toiletries,Makeup,72,72 x piece,,,72,Piece,615.84,8.5533,USD,Per Case,5.0,646.63,8.98,USD 646.63,USD 646.63/case (72pk) · USD 8.98/unit,Enquire,,,FOB Jakarta,FOB Jakarta,Indonesia,Jakarta,,2026-09-25,No,No,,no unit size on the supplier line,
LOREAL_GARNIER,1031,PT. Surya Graha Pasaraya,L45898,6902395845898,L'Oreal Paris,L'Oreal Cosmetics,LOR MU INF 32H PROMATT TB FDT 30 AS,L'Oreal Paris Infallible 32h Promatt Tube Foundation 30,,Toiletries,Makeup,72,72 x piece,,,72,Piece,615.84,8.5533,USD,Per Case,5.0,646.63,8.98,USD 646.63,USD 646.63/case (72pk) · USD 8.98/unit,Enquire,,,FOB Jakarta,FOB Jakarta,Indonesia,Jakarta,,2026-09-25,No,No,,no unit size on the supplier line,
LOREAL_GARNIER,1032,PT. Surya Graha Pasaraya,L51291,3600523951291,L'Oreal Paris,L'Oreal Cosmetics,LOR MU INFAILLIB COM 20 CO9GR 260,L'Oreal Paris Infallible Compact 20 Co9Gr 260,,Toiletries,Makeup,54 x 9g,54 x 9g,9g,,54,Piece,361.54,6.6952,USD,Per Case,5.0,379.62,7.03,USD 379.62,USD 379.62/case (54pk) · USD 7.03/unit,Enquire,,,FOB Jakarta,FOB Jakarta,Indonesia,Jakarta,,2026-09-25,No,No,,,
LOREAL_GARNIER,1033,PT. Surya Graha Pasaraya,L51444,3600523951444,L'Oreal Paris,L'Oreal Cosmetics,LOR MU INFAILLIB COM 120 CO9GR 260,L'Oreal Paris Infallible Compact 120 Co9Gr 260,,Toiletries,Makeup,54 x 9g,54 x 9g,9g,,54,Piece,361.54,6.6952,USD,Per Case,5.0,379.62,7.03,USD 379.62,USD 379.62/case (54pk) · USD 7.03/unit,Enquire,,,FOB Jakarta,FOB Jakarta,Indonesia,Jakarta,,2026-09-25,No,No,,,
LOREAL_GARNIER,1034,PT. Surya Graha Pasaraya,L51543,3600523951543,L'Oreal Paris,L'Oreal Cosmetics,LOR MU INFAILLIB COM 130 CO9GR 260,L'Oreal Paris Infallible Compact 130 Co9Gr 260,,Toiletries,Makeup,54 x 9g,54 x 9g,9g,,54,Piece,361.54,6.6952,USD,Per Case,5.0,379.62,7.03,USD 379.62,USD 379.62/case (54pk) · USD 7.03/unit,Enquire,,,FOB Jakarta,FOB Jakarta,Indonesia,Jakarta,,2026-09-25,No,No,,,
LOREAL_GARNIER,1035,PT. Surya Graha Pasaraya,L51598,3600523951598,L'Oreal Paris,L'Oreal Cosmetics,LOR MU INFAILLIB COM 140 CO9GR 260,L'Oreal Paris Infallible Compact 140 Co9Gr 260,,Toiletries,Makeup,54 x 9g,54 x 9g,9g,,54,Piece,361.54,6.6952,USD,Per Case,5.0,379.62,7.03,USD 379.62,USD 379.62/case (54pk) · USD 7.03/unit,Enquire,,,FOB Jakarta,FOB Jakarta,Indonesia,Jakarta,,2026-09-25,No,No,,,
LOREAL_GARNIER,1036,PT. Surya Graha Pasaraya,L51895,3600523951895,L'Oreal Paris,L'Oreal Cosmetics,LOR MU INFAILLIB COM 220 CO9GR 260,L'Oreal Paris Infallible Compact 220 Co9Gr 260,,Toiletries,Makeup,54 x 9g,54 x 9g,9g,,54,Piece,361.54,6.6952,USD,Per Case,5.0,379.62,7.03,USD 379.62,USD 379.62/case (54pk) · USD 7.03/unit,Enquire,,,FOB Jakarta,FOB Jakarta,Indonesia,Jakarta,,2026-09-25,No,No,,,
LOREAL_GARNIER,1037,PT. Surya Graha Pasaraya,L51949,3600523951949,L'Oreal Paris,L'Oreal Cosmetics,LOR MU INFAILLIB COM 245 CO9GR 260,L'Oreal Paris Infallible Compact 245 Co9Gr 260,,Toiletries,Makeup,54 x 9g,54 x 9g,9g,,54,Piece,361.54,6.6952,USD,Per Case,5.0,379.62,7.03,USD 379.62,USD 379.62/case (54pk) · USD 7.03/unit,Enquire,,,FOB Jakarta,FOB Jakarta,Indonesia,Jakarta,,2026-09-25,No,No,,,
LOREAL_GARNIER,1038,PT. Surya Graha Pasaraya,P9211688,6902395811688,L'Oreal Paris,L'Oreal Cosmetics,LOR MU FDT INFALLIBLE POWDER FOUNDATION-105,L'Oreal Paris Foundation Infallible Powder Foundation-105,,Toiletries,Makeup,72,72 x piece,,,72,Piece,559.78,7.7747,USD,Per Case,5.0,587.77,8.16,USD 587.77,USD 587.77/case (72pk) · USD 8.16/unit,Enquire,,,FOB Jakarta,FOB Jakarta,Indonesia,Jakarta,,2026-09-25,No,No,,no unit size on the supplier line,
LOREAL_GARNIER,1039,PT. Surya Graha Pasaraya,P9211695,6902395811695,L'Oreal Paris,L'Oreal Cosmetics,LOR MU FDT INFALLIBLE POWDER FOUNDATION-110,L'Oreal Paris Foundation Infallible Powder Foundation-110,,Toiletries,Makeup,72,72 x piece,,,72,Piece,559.78,7.7747,USD,Per Case,5.0,587.77,8.16,USD 587.77,USD 587.77/case (72pk) · USD 8.16/unit,Enquire,,,FOB Jakarta,FOB Jakarta,Indonesia,Jakarta,,2026-09-25,No,No,,no unit size on the supplier line,
LOREAL_GARNIER,1040,PT. Surya Graha Pasaraya,P9211718,6902395811718,L'Oreal Paris,L'Oreal Cosmetics,LOR MU FDT INFALLIBLE POWDER FOUNDATION-123,L'Oreal Paris Foundation Infallible Powder Foundation-123,,Toiletries,Makeup,72,72 x piece,,,72,Piece,559.78,7.7747,USD,Per Case,5.0,587.77,8.16,USD 587.77,USD 587.77/case (72pk) · USD 8.16/unit,Enquire,,,FOB Jakarta,FOB Jakarta,Indonesia,Jakarta,,2026-09-25,No,No,,no unit size on the supplier line,
LOREAL_GARNIER,1041,PT. Surya Graha Pasaraya,P9211732,6902395811732,L'Oreal Paris,L'Oreal Cosmetics,LOR MU FDT INFALLIBLE POWDER FOUNDATION-128,L'Oreal Paris Foundation Infallible Powder Foundation-128,,Toiletries,Makeup,72,72 x piece,,,72,Piece,559.78,7.7747,USD,Per Case,5.0,587.77,8.16,USD 587.77,USD 587.77/case (72pk) · USD 8.16/unit,Enquire,,,FOB Jakarta,FOB Jakarta,Indonesia,Jakarta,,2026-09-25,No,No,,no unit size on the supplier line,
LOREAL_GARNIER,1042,PT. Surya Graha Pasaraya,P9211749,6902395811749,L'Oreal Paris,L'Oreal Cosmetics,LOR MU FDT INFALLIBLE POWDER FOUNDATION-240,L'Oreal Paris Foundation Infallible Powder Foundation-240,,Toiletries,Makeup,72,72 x piece,,,72,Piece,559.78,7.7747,USD,Per Case,5.0,587.77,8.16,USD 587.77,USD 587.77/case (72pk) · USD 8.16/unit,Enquire,,,FOB Jakarta,FOB Jakarta,Indonesia,Jakarta,,2026-09-25,No,No,,no unit size on the supplier line,
LOREAL_GARNIER,1043,PT. Surya Graha Pasaraya,P9211756,6902395811756,L'Oreal Paris,L'Oreal Cosmetics,LOR MU FDT INFALLIBLE POWDER FOUNDATION-250,L'Oreal Paris Foundation Infallible Powder Foundation-250,,Toiletries,Makeup,72,72 x piece,,,72,Piece,559.78,7.7747,USD,Per Case,5.0,587.77,8.16,USD 587.77,USD 587.77/case (72pk) · USD 8.16/unit,Enquire,,,FOB Jakarta,FOB Jakarta,Indonesia,Jakarta,,2026-09-25,No,No,,no unit size on the supplier line,
LOREAL_GARNIER,1044,PT. Surya Graha Pasaraya,P9211770,6902395811770,L'Oreal Paris,L'Oreal Cosmetics,LOR MU FDT INFALLIBLE POWDER FOUNDATION-95,L'Oreal Paris Foundation Infallible Powder Foundation-95,,Toiletries,Makeup,72,72 x piece,,,72,Piece,559.78,7.7747,USD,Per Case,5.0,587.77,8.16,USD 587.77,USD 587.77/case (72pk) · USD 8.16/unit,Enquire,,,FOB Jakarta,FOB Jakarta,Indonesia,Jakarta,,2026-09-25,No,No,,no unit size on the supplier line,
ELLIPS,14,PT. Surya Graha Pasaraya,,,Ellips,Ellips Hair Care,ELLIPS HAIR VITAMIN,Ellips Hair Vitamin (Jar),"Smooth & Shiny, Hair Treatment, Nutri Color, Shiny Black, Hair Vitality",Toiletries,Hair Care,12 x Jar,12 x Jar,,,12,Jar,51.36,4.2798,USD,Per Case,5.0,53.92,4.49,USD 53.92,USD 53.92/case (12pk) · USD 4.49/unit,Enquire,,,FOB Jakarta,FOB Jakarta,Indonesia,Jakarta,,2026-09-25,No,No,12 Jar,no unit size on the supplier line,supplier gives format only: Jar
ELLIPS,15,PT. Surya Graha Pasaraya,,,Ellips,Ellips Hair Care,ELLIPS HAIR VITAMIN,Ellips Hair Vitamin (Blister),"Smooth & Shiny, Hair Treatment, Nutri Color, Shiny Black, Hair Vitality",Toiletries,Hair Care,72 x Blister,72 x Blister,,,72,Blister,43.74,0.6076,USD,Per Case,5.0,45.93,0.64,USD 45.93,USD 45.93/case (72pk) · USD 0.64/unit,Enquire,,,FOB Jakarta,FOB Jakarta,Indonesia,Jakarta,,2026-09-25,No,No,72 Blister,no unit size on the supplier line,supplier gives format only: Blister
ELLIPS,16,PT. Surya Graha Pasaraya,,,Ellips,Ellips Hair Care,ELLIPS HAIR VITAMIN,Ellips Hair Vitamin (Hanger),"Damaged Hair Treatment, Black Hair Treatment",Toiletries,Hair Care,48 x Hanger,48 x Hanger,,,48,Blister,68.0,1.4167,USD,Per Case,5.0,71.4,1.49,USD 71.40,USD 71.40/case (48pk) · USD 1.49/unit,Enquire,,,FOB Jakarta,FOB Jakarta,Indonesia,Jakarta,,2026-09-25,No,No,48.0,no unit size on the supplier line,variant translated from Indonesian (Perawatan Rambut Rusak); variant translated from Indonesian (Perawatan Rambut Hitam); supplier gives format only: Hanger
ELLIPS,17,PT. Surya Graha Pasaraya,,,Ellips,Ellips Hair Care,ELLIPS HAIR VITAMIN,Ellips Hair Vitamin 3 x 8ml,Ultra Treatment,Toiletries,Hair Care,24 x 3 x 8ml,24 x 3 x 8ml,3 x 8ml,24.0,24,Box,28.45,1.1855,USD,Per Case,5.0,29.88,1.24,USD 29.88,USD 29.88/case (24pk) · USD 1.24/unit,Enquire,,,FOB Jakarta,FOB Jakarta,Indonesia,Jakarta,,2026-09-25,No,No,24 box,,multi-unit pack
ELLIPS,18,PT. Surya Graha Pasaraya,,,Ellips,Ellips Hair Care,ELLIPS HAIR VITAMIN,Ellips Hair Vitamin 34ml,Ultra Treatment,Toiletries,Hair Care,20 x 34ml,20 x 34ml,34ml,34.0,20,Bottle,48.18,2.409,USD,Per Case,5.0,50.59,2.53,USD 50.59,USD 50.59/case (20pk) · USD 2.53/unit,Enquire,,,FOB Jakarta,FOB Jakarta,Indonesia,Jakarta,,2026-09-25,No,No,20 btl,,
ELLIPS,19,PT. Surya Graha Pasaraya,,,Ellips,Ellips Hair Care,ELLIPS HAIR VITAMIN PRO KERATIN,Ellips Hair Vitamin Pro Keratin (Jar),"Hair Repair, Smooth & Silky, Silky Black",Toiletries,Hair Care,12 x Jar,12 x Jar,,,12,Jar,51.36,4.2798,USD,Per Case,5.0,53.92,4.49,USD 53.92,USD 53.92/case (12pk) · USD 4.49/unit,Enquire,,,FOB Jakarta,FOB Jakarta,Indonesia,Jakarta,,2026-09-25,No,No,12 Jar,no unit size on the supplier line,supplier gives format only: Jar
ELLIPS,20,PT. Surya Graha Pasaraya,,,Ellips,Ellips Hair Care,ELLIPS HAIR VITAMIN PRO KERATIN,Ellips Hair Vitamin Pro Keratin (Blister),"Hair Repair, Smooth & Silky, Silky Black",Toiletries,Hair Care,72 x Blister,72 x Blister,,,72,Blister,43.74,0.6076,USD,Per Case,5.0,45.93,0.64,USD 45.93,USD 45.93/case (72pk) · USD 0.64/unit,Enquire,,,FOB Jakarta,FOB Jakarta,Indonesia,Jakarta,,2026-09-25,No,No,72 Blister,no unit size on the supplier line,supplier gives format only: Blister
ELLIPS,21,PT. Surya Graha Pasaraya,,,Ellips,Ellips Hair Care,ELLIPS HAIR VITAMIN BALI,Ellips Hair Vitamin Bali (Blister),"Nourish & Protect, Nourish & Soften",Toiletries,Hair Care,72 x Blister,72 x Blister,,,72,Blister,43.74,0.6076,USD,Per Case,5.0,45.93,0.64,USD 45.93,USD 45.93/case (72pk) · USD 0.64/unit,Enquire,,,FOB Jakarta,FOB Jakarta,Indonesia,Jakarta,,2026-09-25,No,No,72 Blister,no unit size on the supplier line,supplier gives format only: Blister
ELLIPS,22,PT. Surya Graha Pasaraya,,,Ellips,Ellips Hair Care,ELLIPS HAIR VITAMIN BALI,Ellips Hair Vitamin Bali 30ml,"Nourish & Protect, Nourish & Soften",Toiletries,Hair Care,36 x 30ml,36 x 30ml,30ml,30.0,36,Bottle,82.91,2.3031,USD,Per Case,5.0,87.06,2.42,USD 87.06,USD 87.06/case (36pk) · USD 2.42/unit,Enquire,,,FOB Jakarta,FOB Jakarta,Indonesia,Jakarta,,2026-09-25,No,No,36 btl,,
ELLIPS,23,PT. Surya Graha Pasaraya,,,Ellips,Ellips Hair Care,ELLIPS HAIR VITAMIN,Ellips Hair Vitamin (Blister),"Hair Repair Hello Kitty, S.Shiny L.T.Star, Nutri Color Kuromi, Hair Treat My Melody",Toiletries,Hair Care,72 x Blister,72 x Blister,,,72,Blister,71.62,0.9947,USD,Per Case,5.0,75.2,1.04,USD 75.20,USD 75.20/case (72pk) · USD 1.04/unit,Enquire,,,FOB Jakarta,FOB Jakarta,Indonesia,Jakarta,,2026-09-25,No,No,72 Blister,no unit size on the supplier line,supplier gives format only: Blister
ELLIPS,24,PT. Surya Graha Pasaraya,,,Ellips,Ellips Hair Care,ELLIPS DRY SHAMPOO,Ellips Dry Shampoo 50ml,"Blossom, Fruity, Breeze",Toiletries,Hair Care,24 x 50ml,24 x 50ml,50ml,50.0,24,Can,44.13,1.8388,USD,Per Case,5.0,46.34,1.93,USD 46.34,USD 46.34/case (24pk) · USD 1.93/unit,Enquire,,,FOB Jakarta,FOB Jakarta,Indonesia,Jakarta,,2026-09-25,No,No,24 Can,,
ELLIPS,25,PT. Surya Graha Pasaraya,,,Ellips,Ellips Hair Care,ELLIPS DRY SHAMPOO,Ellips Dry Shampoo 50ml,Exotic,Toiletries,Hair Care,24 x 50ml,24 x 50ml,50ml,50.0,24,Can,40.65,1.6936,USD,Per Case,5.0,42.68,1.78,USD 42.68,USD 42.68/case (24pk) · USD 1.78/unit,Enquire,,,FOB Jakarta,FOB Jakarta,Indonesia,Jakarta,,2026-09-25,No,No,24 Can,,
ELLIPS,26,PT. Surya Graha Pasaraya,,,Ellips,Ellips Hair Care,ELLIPS DRY SHAMPOO,Ellips Dry Shampoo 200ml,"Blossom, Fruity, Breeze, Exotic",Toiletries,Hair Care,24 x 200ml,24 x 200ml,200ml,200.0,24,Can,83.87,3.4948,USD,Per Case,5.0,88.07,3.67,USD 88.07,USD 88.07/case (24pk) · USD 3.67/unit,Enquire,,,FOB Jakarta,FOB Jakarta,Indonesia,Jakarta,,2026-09-25,No,No,24 Can,,
ELLIPS,27,PT. Surya Graha Pasaraya,,,Ellips,Ellips Hair Care,ELLIPS DRY SHAMPOO,Ellips Dry Shampoo 200ml,"Blossom, Fruity, Breeze",Toiletries,Hair Care,12 x 200ml,12 x 200ml,200ml,200.0,12,Can,47.81,3.984,USD,Per Case,5.0,50.2,4.18,USD 50.20,USD 50.20/case (12pk) · USD 4.18/unit,Enquire,,,FOB Jakarta,FOB Jakarta,Indonesia,Jakarta,,2026-09-25,No,No,12 Can,,
ELLIPS,28,PT. Surya Graha Pasaraya,,,Ellips,Ellips Hair Care,ELLIPS HAIR MASK,Ellips Hair Mask (Sachet),"Hair Treatment, Smooth & Shiny, Nutri Color, Volume Miracle",Toiletries,Hair Care,72 x Sachet,72 x Sachet,,,72,Sachet,28.45,0.3952,USD,Per Case,5.0,29.88,0.415,USD 29.88,USD 29.88/case (72pk) · USD 0.415/unit,Enquire,,,FOB Jakarta,FOB Jakarta,Indonesia,Jakarta,,2026-09-25,No,No,72 Sachet,no unit size on the supplier line,supplier gives format only: Sachet
ELLIPS,29,PT. Surya Graha Pasaraya,,,Ellips,Ellips Hair Care,ELLIPS HAIR MASK KERATIN,Ellips Hair Mask Keratin (Sachet),"Hair Repair, Smooth & Silky, Silky Black",Toiletries,Hair Care,72 x Sachet,72 x Sachet,,,72,Sachet,28.45,0.3952,USD,Per Case,5.0,29.88,0.415,USD 29.88,USD 29.88/case (72pk) · USD 0.415/unit,Enquire,,,FOB Jakarta,FOB Jakarta,Indonesia,Jakarta,,2026-09-25,No,No,72 Sachet,no unit size on the supplier line,supplier gives format only: Sachet
ELLIPS,30,PT. Surya Graha Pasaraya,,,Ellips,Ellips Hair Care,ELLIPS HAIR MASK KERATIN,Ellips Hair Mask Keratin (Tube),"Hair Repair, Smooth & Silky, Silky Black",Toiletries,Hair Care,36 x Tube,36 x Tube,,,36,Tube,73.83,2.0509,USD,Per Case,5.0,77.52,2.15,USD 77.52,USD 77.52/case (36pk) · USD 2.15/unit,Enquire,,,FOB Jakarta,FOB Jakarta,Indonesia,Jakarta,,2026-09-25,No,No,36 Tube,no unit size on the supplier line,supplier gives format only: Tube
ELLIPS,31,PT. Surya Graha Pasaraya,,,Ellips,Ellips Hair Care,ELLIPS HAIR MASK MOR TREATMENT,Ellips Hair Mask Mor Treatment 12g,MOR Treatment,Toiletries,Hair Care,12 x 12g,12 x 12g,12g,,12,Sachet,18.58,1.5485,USD,Per Case,5.0,19.51,1.63,USD 19.51,USD 19.51/case (12pk) · USD 1.63/unit,Enquire,,,FOB Jakarta,FOB Jakarta,Indonesia,Jakarta,,2026-09-25,No,No,12 Renceng (144 Sachet),,supplier pack text: 12 Renceng (144 Sachet) (12 strips = 144 sachets)
ELLIPS,32,PT. Surya Graha Pasaraya,,,Ellips,Ellips Hair Care,ELLIPS HAIR MASK,Ellips Hair Mask 200g,"Hair Treatment, Nutri Color",Toiletries,Hair Care,12 x 200g,12 x 200g,200g,,12,Jar,29.03,2.4195,USD,Per Case,5.0,30.49,2.54,USD 30.49,USD 30.49/case (12pk) · USD 2.54/unit,Enquire,,,FOB Jakarta,FOB Jakarta,Indonesia,Jakarta,,2026-09-25,No,No,12 Jar,,
ELLIPS,33,PT. Surya Graha Pasaraya,,,Ellips,Ellips Hair Care,ELLIPS MILKSHAKE CONDITIONER,Ellips Milkshake Conditioner 110ml,Hair Repair,Toiletries,Hair Care,24 x 110ml,24 x 110ml,110ml,110.0,24,Bottle,64.52,2.6883,USD,Per Case,5.0,67.74,2.82,USD 67.74,USD 67.74/case (24pk) · USD 2.82/unit,Enquire,,,FOB Jakarta,FOB Jakarta,Indonesia,Jakarta,,2026-09-25,No,No,24 btl,,
ELLIPS,34,PT. Surya Graha Pasaraya,,,Ellips,Ellips Hair Care,ELLIPS MILKSHAKE CONDITIONER,Ellips Milkshake Conditioner 45ml,5in1 Hair Vitamin,Toiletries,Hair Care,36 x 45ml,36 x 45ml,45ml,45.0,36,Bottle,73.94,2.0539,USD,Per Case,5.0,77.64,2.16,USD 77.64,USD 77.64/case (36pk) · USD 2.16/unit,Enquire,,,FOB Jakarta,FOB Jakarta,Indonesia,Jakarta,,2026-09-25,No,No,36 btl,,
ELLIPS,35,PT. Surya Graha Pasaraya,,,Ellips,Ellips Hair Care,ELLIPS HAIR MIST,Ellips Hair Mist 100ml,"Sweet & Silky, Fresh & Smooth",Toiletries,Hair Care,18 x 100ml,18 x 100ml,100ml,100.0,18,Bottle,21.29,1.1828,USD,Per Case,5.0,22.36,1.24,USD 22.36,USD 22.36/case (18pk) · USD 1.24/unit,Enquire,,,FOB Jakarta,FOB Jakarta,Indonesia,Jakarta,,2026-09-25,No,No,18 btl,,
ELLIPS,36,PT. Surya Graha Pasaraya,,,Ellips,Ellips Hair Care,ELLIPS HAIR MIST,Ellips Hair Mist 50ml,Mist Me Up,Toiletries,Hair Care,36 x 50ml,36 x 50ml,50ml,50.0,36,Bottle,24.78,0.6882,USD,Per Case,5.0,26.01,0.72,USD 26.01,USD 26.01/case (36pk) · USD 0.72/unit,Enquire,,,FOB Jakarta,FOB Jakarta,Indonesia,Jakarta,,2026-09-25,No,No,36 btl,,
ELLIPS,37,PT. Surya Graha Pasaraya,,,Ellips,Ellips Hair Care,ELLIPS HAIR SERUM,Ellips Hair Serum 48ml,Ultra Treatment,Toiletries,Hair Care,36 x 48ml,36 x 48ml,48ml,48.0,36,Bottle,62.71,1.742,USD,Per Case,5.0,65.85,1.83,USD 65.85,USD 65.85/case (36pk) · USD 1.83/unit,Enquire,,,FOB Jakarta,FOB Jakarta,Indonesia,Jakarta,,2026-09-25,No,No,36 btl,,
