Brand,Product Name,Variant,Volume ML,PCS/Case,Unit Type,Buy Price,Currency,Price Type,Margin %,Stock Cases,Incoterm,Warehouse,Origin Country,Category,Status,Offer Approval Status,Supplier,Offer Date,Source Sheet,Notes
Mentos,Mentos Peppermint Rolls 475.2g,,,24,Piece,2.5135,USD,Per Piece,5%,,FOB,Vietnam,Vietnam,Confectionery,Live,Approved,GG Concept,2026-08-11,GG Concept / Candy,SKU 212A020; pack 29.7g x 16 Rolls x 24 Boxes; CBM 0.03; FOB Ho Chi Minh
Mentos,Mentos Rainbow Rolls 475.2g,,,24,Piece,2.5135,USD,Per Piece,5%,,FOB,Vietnam,Vietnam,Confectionery,Live,Approved,GG Concept,2026-08-11,GG Concept / Candy,SKU 212A021; pack 29.7g x 16 Rolls x 24 Boxes; CBM 0.03; FOB Ho Chi Minh
Mentos,"Mentos Chewing Candy Blackcurrant, Blueberry, Raspberry Flavor 475.2g NEW",,,24,Piece,2.5139,USD,Per Piece,5%,,FOB,Vietnam,Vietnam,Confectionery,Live,Approved,GG Concept,2026-08-11,GG Concept / Candy,SKU 215H030; pack 29.7g x 16 Rolls x 24 Boxes; CBM 0.031; FOB Ho Chi Minh
Mentos,"Mentos Chewing Candy Blackcurrant, Blueberry, Raspberry Flavor 94.5g *NEW",,,45,Piece,0.4816,USD,Per Piece,5%,,FOB,Vietnam,Vietnam,Confectionery,Live,Approved,GG Concept,2026-08-11,GG Concept / Candy,SKU 215H031; pack 94.5g x 45 Bags; CBM 0.031; FOB Ho Chi Minh
Mentos,Mentos Mini Rainbow 108g,,,45,Piece,0.4799,USD,Per Piece,5%,,FOB,Vietnam,Vietnam,Confectionery,Live,Approved,GG Concept,2026-08-11,GG Concept / Candy,SKU 212A027A; pack 108g x 45 Bags; CBM 0.028; FOB Ho Chi Minh
Mentos,Mentos Mini Rainbow 240g,,,22,Piece,1.582,USD,Per Piece,5%,,FOB,Vietnam,Vietnam,Confectionery,Live,Approved,GG Concept,2026-08-11,GG Concept / Candy,SKU 212A017; pack 240g x 22 Pouches; CBM 0.028; FOB Ho Chi Minh
Mentos,Mentos Pure Fresh Peppermint 35g,,,6,Jar,12.9433,USD,Per Piece,5%,,FOB,Vietnam,Vietnam,Confectionery,Live,Approved,GG Concept,2026-08-11,GG Concept / Candy,SKU 212A011; pack 35g x 12 Jars x 6 Boxes; CBM 0.009; FOB Ho Chi Minh
Mentos,Mentos Pure Fresh Spearmint 35g,,,6,Jar,12.9433,USD,Per Piece,5%,,FOB,Vietnam,Vietnam,Confectionery,Live,Approved,GG Concept,2026-08-11,GG Concept / Candy,SKU 212A010; pack 35g x 12 Jars x 6 Boxes; CBM 0.009; FOB Ho Chi Minh
Mentos,Mentos CleanBreath 30' Peppermint 35g,,,6,Jar,12.9433,USD,Per Piece,5%,,FOB,Vietnam,Vietnam,Confectionery,Live,Approved,GG Concept,2026-08-11,GG Concept / Candy,SKU 212A012; pack 35g x 12 Jars x 6 Boxes; CBM 0.009; FOB Ho Chi Minh
Mentos,Mentos CleanBreath 30' Lemon Mint 35g,,,6,Jar,12.9433,USD,Per Piece,5%,,FOB,Vietnam,Vietnam,Confectionery,Live,Approved,GG Concept,2026-08-11,GG Concept / Candy,SKU 212A015; pack 35g x 12 Jars x 6 Boxes; CBM 0.009; FOB Ho Chi Minh
Mentos,Mentos CleanBreath 30' Mint Peach Flavor 35g,,,6,Jar,12.9433,USD,Per Piece,5%,,FOB,Vietnam,Vietnam,Confectionery,Live,Approved,GG Concept,2026-08-11,GG Concept / Candy,SKU 212A019; pack 35g x 12 Jars x 6 Boxes; CBM 0.009; FOB Ho Chi Minh
Mentos,Mentos Mint and Peach Flavor 17.5g (NEW),,,144,Jar,0.4881,USD,Per Piece,5%,,FOB,Vietnam,Vietnam,Confectionery,Live,Approved,GG Concept,2026-08-11,GG Concept / Candy,SKU 215H028; pack 17.5g x 12 Jars x 12 Boxes; CBM 0.017; FOB Ho Chi Minh
Mentos,Mentos Mint and Grape Flavor 17.5g (NEW),,,144,Jar,0.4881,USD,Per Piece,5%,,FOB,Vietnam,Vietnam,Confectionery,Live,Approved,GG Concept,2026-08-11,GG Concept / Candy,SKU 215H029; pack 17.5g x 12 Jars x 12 Boxes; CBM 0.017; FOB Ho Chi Minh
Mentos,Mentos Mint Flavor 17.5g (NEW),,,144,Jar,0.4883,USD,Per Piece,5%,,FOB,Vietnam,Vietnam,Confectionery,Live,Approved,GG Concept,2026-08-11,GG Concept / Candy,SKU 215H037; pack 17.5g x 12 Jars x 12 Boxes; CBM 0.019; FOB Ho Chi Minh
Mentos,"Mentos Yoghurt Candy (Strawberry, Peach) 90g",,,48,Jar,0.7483,USD,Per Piece,5%,,FOB,Vietnam,Vietnam,Confectionery,Live,Approved,GG Concept,2026-08-11,GG Concept / Candy,SKU 215H020; pack 90g x 6 Jars x 8 Blocks; CBM 0.023; FOB Ho Chi Minh
Mentos,"Mentos Chewing Candy Berry Flavor (Raspberry, Blackcurrant, Blueberry) 90g",,,48,Jar,0.7479,USD,Per Piece,5%,,FOB,Vietnam,Vietnam,Confectionery,Live,Approved,GG Concept,2026-08-11,GG Concept / Candy,SKU 215H035; pack 90g x 6 Jars x 8 Blocks; CBM 0.022; FOB Ho Chi Minh
Mentos,Mentos Mix Fruits 486g,,,12,Jar,2.0577,USD,Per Piece,5%,,FOB,Vietnam,Vietnam,Confectionery,Live,Approved,GG Concept,2026-08-11,GG Concept / Candy,SKU 215H026; pack 486g x 12 Jars; CBM 0.02; FOB Ho Chi Minh
Mentos,Mentos Pure Fresh Gum - Freshmint 17.5g,,,72,Jar,0.3138,USD,Per Piece,5%,,FOB,Vietnam,Vietnam,Confectionery,Live,Approved,GG Concept,2026-08-11,GG Concept / Candy,SKU 215H044; pack 17.5g x 6Jars x 12 Blocks; CBM 0.01; FOB Ho Chi Minh
Mentos,Mentos Pure Fresh Gum - Freshmint 61.25g,,,72,Jar,0.8809,USD,Per Piece,5%,,FOB,Vietnam,Vietnam,Confectionery,Live,Approved,GG Concept,2026-08-11,GG Concept / Candy,SKU 215H012; pack 61.25g x 6 Jars x 12 Blocks; CBM 0.023; FOB Ho Chi Minh
Mentos,Mentos Pure Fresh Gum Strawberry 61.25g,,,72,Jar,0.8813,USD,Per Piece,5%,,FOB,Vietnam,Vietnam,Confectionery,Live,Approved,GG Concept,2026-08-11,GG Concept / Candy,SKU 215H027; pack 61.25g x 6 Jars x 12 Blocks; CBM 0.024; FOB Ho Chi Minh
Mentos,Mentos Pure Fresh Gum Watermelon 61.25g,,,72,Jar,0.8811,USD,Per Piece,5%,,FOB,Vietnam,Vietnam,Confectionery,Live,Approved,GG Concept,2026-08-11,GG Concept / Candy,SKU 215H021; pack 61.25g x 6 Jars x 12 Blocks; CBM 0.024; FOB Ho Chi Minh
Mentos,Mentos Fresh Action Gum 56g,,,72,Jar,0.6093,USD,Per Piece,5%,,FOB,Vietnam,Vietnam,Confectionery,Live,Approved,GG Concept,2026-08-11,GG Concept / Candy,SKU 215H002; pack 56g x 6 Jars x 12 Block; CBM 0.023; FOB Ho Chi Minh
Mentos,Mentos Fresh Action Gum 112g,,,45,Piece,1.1773,USD,Per Piece,5%,,FOB,Vietnam,Vietnam,Confectionery,Live,Approved,GG Concept,2026-08-11,GG Concept / Candy,SKU 215H003A; pack 112g x 45 Bags; CBM 0.025; FOB Ho Chi Minh
Mentos,Mentos Fresh Action Gum 224g,,,18,Piece,2.3761,USD,Per Piece,5%,,FOB,Vietnam,Vietnam,Confectionery,Live,Approved,GG Concept,2026-08-11,GG Concept / Candy,SKU 215H003; pack 112g x 2 x 18 Cups; CBM 0.037; FOB Ho Chi Minh
Mentos,Mentos Mint & Eucalyptus Chewing Gum 61.25g,,,72,Jar,0.8811,USD,Per Piece,5%,,FOB,Vietnam,Vietnam,Confectionery,Live,Approved,GG Concept,2026-08-11,GG Concept / Candy,SKU 215H041; pack 61.25g x 6Jars x 12 Blocks; CBM 0.024; FOB Ho Chi Minh
Mentos,Mentos Mint & Eucalyptus Chewing Gum 17.5g,,,72,Jar,0.3138,USD,Per Piece,5%,,FOB,Vietnam,Vietnam,Confectionery,Live,Approved,GG Concept,2026-08-11,GG Concept / Candy,SKU 215H042; pack 17.5g x 6Jars x 12 Blocks; CBM 0.01; FOB Ho Chi Minh
Mentos,Mentos Pure Fresh Gum Watermelon 17.5g,,,72,Jar,0.3138,USD,Per Piece,5%,,FOB,Vietnam,Vietnam,Confectionery,Live,Approved,GG Concept,2026-08-11,GG Concept / Candy,SKU 215H043; pack 17.5g x 6Jars x 12 Blocks; CBM 0.01; FOB Ho Chi Minh
Happydent,Happydent WHITE Gum Peppermint 11.2g,,,20,Piece,2.4068,USD,Per Piece,5%,,FOB,Vietnam,Vietnam,Confectionery,Live,Approved,GG Concept,2026-08-11,GG Concept / Candy,SKU 215C003; pack 11.2g x 15 Blisters x 20 Boxes; CBM 0.034; FOB Ho Chi Minh
Happydent,Happydent WHITE Gum Peppermint 56g,,,72,Jar,0.6115,USD,Per Piece,5%,,FOB,Vietnam,Vietnam,Confectionery,Live,Approved,GG Concept,2026-08-11,GG Concept / Candy,SKU 215C001; pack 56g x 6 Jars 12 Block; CBM 0.031; FOB Ho Chi Minh
Chupa,Chupa Chups Big Babol Gum Color Painting 216g,,,144,Jar,0.3157,USD,Per Piece,5%,,FOB,Vietnam,Vietnam,Confectionery,Live,Approved,GG Concept,2026-08-11,GG Concept / Candy,SKU 215A025; pack 27g x 18 Jars x 8 Block; CBM 0.032; FOB Ho Chi Minh
Chupa,Chupa Chups Vanilla Flavor Giraffe 360g,,,14,Piece,3.9822,USD,Per Piece,5%,,FOB,Vietnam,Vietnam,Confectionery,Live,Approved,GG Concept,2026-08-11,GG Concept / Candy,SKU 212F093; pack 30g x 12 Bar x 14 Boxes; CBM 0.036; FOB Ho Chi Minh
Chupa,Chupa Chups Strawberry Flavor Giraffe 360g,,,14,Piece,3.9822,USD,Per Piece,5%,,FOB,Vietnam,Vietnam,Confectionery,Live,Approved,GG Concept,2026-08-11,GG Concept / Candy,SKU 212F087; pack 30g x 12 Bar x 14 Boxes; CBM 0.036; FOB Ho Chi Minh
Chupa,Chupa Chups Lollipops Colors Cola & Strawberry 80pcs 744g,,,16,Piece,2.6416,USD,Per Piece,5%,,FOB,Vietnam,Vietnam,Confectionery,Live,Approved,GG Concept,2026-08-11,GG Concept / Candy,SKU 212F101; pack 744g x 16 Pouches; CBM 0.046; FOB Ho Chi Minh
Chupa,Chupa Chups Lollipops Vitamin C 80pcs 744g,,,16,Piece,2.6446,USD,Per Piece,5%,,FOB,Vietnam,Vietnam,Confectionery,Live,Approved,GG Concept,2026-08-11,GG Concept / Candy,SKU 212F100; pack 744g x 16 Pouches; CBM 0.048; FOB Ho Chi Minh
Chupa,Chupa Chups Lollipops Vitamin C 93g,,,70,Piece,0.353,USD,Per Piece,5%,,FOB,Vietnam,Vietnam,Confectionery,Live,Approved,GG Concept,2026-08-11,GG Concept / Candy,SKU 212F012; pack 93g x 70 Bags; CBM 0.05; FOB Ho Chi Minh
Chupa,Chupa Chups Lollipops Colors Tongue Painter 93g,,,70,Piece,0.353,USD,Per Piece,5%,,FOB,Vietnam,Vietnam,Confectionery,Live,Approved,GG Concept,2026-08-11,GG Concept / Candy,SKU 212F013; pack 93g x 70 Bags; CBM 0.05; FOB Ho Chi Minh
Chupa,"Chupa Chups Lollipops Big Babol Watermelon, Strawberry, Cola 432g (Add Sticker)",,,24,Piece,2.4822,USD,Per Piece,5%,,FOB,Vietnam,Vietnam,Confectionery,Live,Approved,GG Concept,2026-08-11,GG Concept / Candy,SKU 212F102; pack 12g x 36 Pcs x 24 Pouches; CBM 0.084; FOB Ho Chi Minh
Chupa,Chupa Chups Sour Belt Tutti Fruit 504g (New),,,14,Piece,3.9849,USD,Per Piece,5%,,FOB,Vietnam,Vietnam,Confectionery,Live,Approved,GG Concept,2026-08-11,GG Concept / Candy,SKU 212F088A; pack 504g (8.4g x 60 Belt) x 14 Boxes; CBM 0.038; FOB Ho Chi Minh
Chupa,Chupa Chups Sour Rainbow Belt Soft 57.6g,,,64,Piece,0.4449,USD,Per Piece,5%,,FOB,Vietnam,Vietnam,Confectionery,Live,Approved,GG Concept,2026-08-11,GG Concept / Candy,SKU 212F096; pack 57.6g x 62 Bags; CBM 0.038; FOB Ho Chi Minh
Chupa,Chupa Chups Sour Belt 1M 540g,,,14,Piece,3.9692,USD,Per Piece,5%,,FOB,Vietnam,Vietnam,Confectionery,Live,Approved,GG Concept,2026-08-11,GG Concept / Candy,SKU 212F063; pack 45g x 12 Belts x 14 Boxes; CBM 0.054; FOB Ho Chi Minh
Chupa,Chupa Chups Sour Noodle Gummies – Mixed Fruit Flavours 38g,,,70,Piece,0.3223,USD,Per Piece,5%,,FOB,Vietnam,Vietnam,Confectionery,Live,Approved,GG Concept,2026-08-11,GG Concept / Candy,SKU 212F103; pack 38g x 70 Bags; CBM 0.036; FOB Ho Chi Minh
Chupa,Chupa Chups Gummy Candy Short Tubes 24g,,,24,Piece,1.5998,USD,Per Piece,5%,,FOB,Vietnam,Vietnam,Confectionery,Live,Approved,GG Concept,2026-08-11,GG Concept / Candy,SKU 212F094; pack 24g x 10 Pouches x 24 Hanger; CBM 0.05; FOB Ho Chi Minh
Chupa,Chupa Chups Gummy Candy Short Tubes 52g,,,70,Piece,0.4431,USD,Per Piece,5%,,FOB,Vietnam,Vietnam,Confectionery,Live,Approved,GG Concept,2026-08-11,GG Concept / Candy,SKU 212F095; pack 52g x 70 Pouches; CBM 0.05; FOB Ho Chi Minh
Chupa,Chupa Chups Cola 24g,,,24,Piece,1.5998,USD,Per Piece,5%,,FOB,Vietnam,Vietnam,Confectionery,Live,Approved,GG Concept,2026-08-11,GG Concept / Candy,SKU 212F092; pack 24g x 10 Pouches x 24 Hanger; CBM 0.05; FOB Ho Chi Minh
Chupa,Chupa Chups Panda Bears 24g,,,24,Piece,1.5998,USD,Per Piece,5%,,FOB,Vietnam,Vietnam,Confectionery,Live,Approved,GG Concept,2026-08-11,GG Concept / Candy,SKU 212F082; pack 24g x 10 Pouches x 24 Hanger; CBM 0.05; FOB Ho Chi Minh
Chupa,Chupa Chups Mini Crawlers 24g,,,24,Piece,1.5998,USD,Per Piece,5%,,FOB,Vietnam,Vietnam,Confectionery,Live,Approved,GG Concept,2026-08-11,GG Concept / Candy,SKU 212F083; pack 24g x 10 Pouches x 24 Hanger; CBM 0.05; FOB Ho Chi Minh
Chupa,Chupa Chups TopMix 24g,,,24,Piece,1.5998,USD,Per Piece,5%,,FOB,Vietnam,Vietnam,Confectionery,Live,Approved,GG Concept,2026-08-11,GG Concept / Candy,SKU 212F084; pack 24g x 10 Pouches x 24 Hanger; CBM 0.05; FOB Ho Chi Minh
Chupa,Chupa Chups Sour Bites 24g,,,24,Piece,1.5998,USD,Per Piece,5%,,FOB,Vietnam,Vietnam,Confectionery,Live,Approved,GG Concept,2026-08-11,GG Concept / Candy,SKU 212F085; pack 24g x 10 Pouches x 24 Hanger; CBM 0.05; FOB Ho Chi Minh
Chupa,Chupa Chups Tubes 384g,,,24,Piece,2.5358,USD,Per Piece,5%,,FOB,Vietnam,Vietnam,Confectionery,Live,Approved,GG Concept,2026-08-11,GG Concept / Candy,SKU 212F086; pack 24g x 16 Pouches x 24 Hanger; CBM 0.054; FOB Ho Chi Minh
Chupa,Chupa Chups Sour Long Tube Mix Cola and Strawberry Flavor 24g (NEW),,,24,Piece,2.5358,USD,Per Piece,5%,,FOB,Vietnam,Vietnam,Confectionery,Live,Approved,GG Concept,2026-08-11,GG Concept / Candy,SKU 212F076; pack 24g x 16 Pack x 24 Bags; CBM 0.054; FOB Ho Chi Minh
Chupa,Chupa Chups Lollipops Classic Mega 110g,,,12,Piece,1.7599,USD,Per Piece,5%,,FOB,Vietnam,Vietnam,Confectionery,Live,Approved,GG Concept,2026-08-11,GG Concept / Candy,SKU 212F030; pack 110g x 12 Capsule; CBM 0.023; FOB Ho Chi Minh
Chupa,Chupa Chups Melody Lollipops Strawberry 300g,,,20,Piece,3.1601,USD,Per Piece,5%,,FOB,Vietnam,Vietnam,Confectionery,Live,Approved,GG Concept,2026-08-11,GG Concept / Candy,SKU 212F070; pack 15g x 20 Pcs x 20 Boxes; CBM 0.053; FOB Ho Chi Minh
Chupa,Chupa Chups Sour Bites 56g,,,70,Piece,0.435,USD,Per Piece,5%,,FOB,Vietnam,Vietnam,Confectionery,Live,Approved,GG Concept,2026-08-11,GG Concept / Candy,SKU 212F027; pack 56g x 70 Bags; CBM 0.024; FOB Ho Chi Minh
Chupa,Chupa Chups Mini Crawlers Mixed Fruits 56g,,,70,Piece,0.435,USD,Per Piece,5%,,FOB,Vietnam,Vietnam,Confectionery,Live,Approved,GG Concept,2026-08-11,GG Concept / Candy,SKU 212F056; pack 56g x 70 Bags; CBM 0.024; FOB Ho Chi Minh
Chupa,Chupa Chups Cola Jelly Cola 90g,,,30,Piece,0.7729,USD,Per Piece,5%,,FOB,Vietnam,Vietnam,Confectionery,Live,Approved,GG Concept,2026-08-11,GG Concept / Candy,SKU 212F022; pack 90g x 30 Bags; CBM 0.021; FOB Ho Chi Minh
Chupa,Chupa Chups Jelly Mixed Fruit Panda Bear 90g,,,30,Piece,0.7713,USD,Per Piece,5%,,FOB,Vietnam,Vietnam,Confectionery,Live,Approved,GG Concept,2026-08-11,GG Concept / Candy,SKU 212F023; pack 90g x 30 Bags; CBM 0.019; FOB Ho Chi Minh
Chupa,Chupa Chups Hiss Crawlers Sanded Worm Mixed Fruits 90g,,,30,Piece,0.7729,USD,Per Piece,5%,,FOB,Vietnam,Vietnam,Confectionery,Live,Approved,GG Concept,2026-08-11,GG Concept / Candy,SKU 212F058; pack 90g x 30 Bags; CBM 0.019; FOB Ho Chi Minh
Chupa,Chupa Chups Sour Bites 90g,,,30,Piece,0.7748,USD,Per Piece,5%,,FOB,Vietnam,Vietnam,Confectionery,Live,Approved,GG Concept,2026-08-11,GG Concept / Candy,SKU 212F067; pack 90g x 30 Bags; CBM 0.021; FOB Ho Chi Minh
Chupa,Chupa Chups Big Babol Sploosh Mix Fruit Flavor 251.6g,,,18,Piece,1.9886,USD,Per Piece,5%,,FOB,Vietnam,Vietnam,Confectionery,Live,Approved,GG Concept,2026-08-11,GG Concept / Candy,SKU 212F065; pack 3.4g x 74 Pcs x 18 Cups; CBM 0.038; FOB Ho Chi Minh
Chupa,Chupa Chups Bubble Gum Watermelon Flavor 333g (NEW),,,20,Piece,2.422,USD,Per Piece,5%,,FOB,Vietnam,Vietnam,Confectionery,Live,Approved,GG Concept,2026-08-11,GG Concept / Candy,SKU 212F066; pack 4.5g x 74 Pcs x 20 Boxes; CBM 0.047; FOB Ho Chi Minh
Chupa,Chupa Chups Hello Kitty & Friends Lollipops Strawberry 192g,,,96,Piece,1.1084,USD,Per Piece,5%,,FOB,Vietnam,Vietnam,Confectionery,Live,Approved,GG Concept,2026-08-11,GG Concept / Candy,SKU 212F104; pack 12g x 16 Pack x 6 Boxes; CBM 0.025; FOB Ho Chi Minh
Chupa,Chupa Chups Jelly Top Mix Gummy Candy 240g,,,24,Piece,1.5689,USD,Per Piece,5%,,FOB,Vietnam,Vietnam,Confectionery,Live,Approved,GG Concept,2026-08-11,GG Concept / Candy,SKU 212F042; pack 24g x 10 Pack x 24 Hanger; CBM 0.016; FOB Ho Chi Minh
Chupa,Chupa Chups Jelly Top Mix Gummy Candy 90g,,,30,Piece,0.7748,USD,Per Piece,5%,,FOB,Vietnam,Vietnam,Confectionery,Live,Approved,GG Concept,2026-08-11,GG Concept / Candy,SKU 212F044; pack 90g x 30 Bags; CBM 0.021; FOB Ho Chi Minh
Chupa,Chupa Chups Jelly Mini Tube Gummies 90g,,,30,Piece,0.7748,USD,Per Piece,5%,,FOB,Vietnam,Vietnam,Confectionery,Live,Approved,GG Concept,2026-08-11,GG Concept / Candy,SKU 212F045; pack 90g x 30 Bags; CBM 0.021; FOB Ho Chi Minh
Halls,Halls XS Mint Sugar Free 12g,,,288,Jar,0.7864,USD,Per Piece,5%,,FOB,Vietnam,Vietnam,Confectionery,Live,Approved,GG Concept,2026-08-11,GG Concept / Candy,SKU 212K001; pack 12g x 12 Jar x 24 Block; CBM 0.02; FOB Ho Chi Minh
Halls,Halls XS Lime Sugar Free 12g,,,288,Jar,0.7865,USD,Per Piece,5%,,FOB,Vietnam,Vietnam,Confectionery,Live,Approved,GG Concept,2026-08-11,GG Concept / Candy,SKU 212K003; pack 12g x 12 Jar x 24 Block; CBM 0.022; FOB Ho Chi Minh
Halls,Halls XS Watermelon Sugar Free 12g,,,288,Jar,0.7865,USD,Per Piece,5%,,FOB,Vietnam,Vietnam,Confectionery,Live,Approved,GG Concept,2026-08-11,GG Concept / Candy,SKU 212K009; pack 12g x 12 Jar x 24 Block; CBM 0.022; FOB Ho Chi Minh
Halls,Halls XS Mixed Berry Sugar Free 12g,,,288,Jar,0.7865,USD,Per Piece,5%,,FOB,Vietnam,Vietnam,Confectionery,Live,Approved,GG Concept,2026-08-11,GG Concept / Candy,SKU 212K010; pack 12g x 12 Jar x 24 Displays; CBM 0.022; FOB Ho Chi Minh
Halls,Halls XS Sugar Free Cola Chill 12g,,,288,Jar,0.7865,USD,Per Piece,5%,,FOB,Vietnam,Vietnam,Confectionery,Live,Approved,GG Concept,2026-08-11,GG Concept / Candy,SKU 212K063; pack 12g x 12 Jar x 24 Displays; CBM 0.021; FOB Ho Chi Minh
Trident,"Trident Sugar Free Mint 12S 21,6g",,,72,Piece,0.6098,USD,Per Piece,5%,,FOB,Vietnam,Vietnam,Confectionery,Live,Approved,GG Concept,2026-08-11,GG Concept / Candy,SKU 212U005; pack 21.6g x 12 Boxes x 6 Blocks; CBM 0.005; FOB Ho Chi Minh
Trident,Trident Sugar Free Watermelon 12S 21.6g,,,72,Piece,0.6098,USD,Per Piece,5%,,FOB,Vietnam,Vietnam,Confectionery,Live,Approved,GG Concept,2026-08-11,GG Concept / Candy,SKU 212U007; pack 21.6g x 12 Boxes x 6 Blocks; CBM 0.005; FOB Ho Chi Minh
Trident,Trident Sugar Free Mint 28S 50.4g,,,36,Piece,1.3376,USD,Per Piece,5%,,FOB,Vietnam,Vietnam,Confectionery,Live,Approved,GG Concept,2026-08-11,GG Concept / Candy,SKU 212U017; pack 50.4g x 9 Boxes x 4 Blocks; CBM 0.005; FOB Ho Chi Minh
Trident,Trident Sugar Free Tropical Fruit 28S 50.4g,,,36,Piece,1.3374,USD,Per Piece,5%,,FOB,Vietnam,Vietnam,Confectionery,Live,Approved,GG Concept,2026-08-11,GG Concept / Candy,SKU 212U018; pack 50.4g x 9 Boxes x 4 Blocks; CBM 0.005; FOB Ho Chi Minh
Trident,Trident Sugar Free Original 28S 50.4g,,,36,Piece,1.3376,USD,Per Piece,5%,,FOB,Vietnam,Vietnam,Confectionery,Live,Approved,GG Concept,2026-08-11,GG Concept / Candy,SKU 212U019; pack 50.4g x 9 Boxes x 4 Blocks; CBM 0.005; FOB Ho Chi Minh
Trident,Trident Sugar Free Cinnamon 28S 50.4g,,,36,Piece,1.3376,USD,Per Piece,5%,,FOB,Vietnam,Vietnam,Confectionery,Live,Approved,GG Concept,2026-08-11,GG Concept / Candy,SKU 212U020; pack 50.4g x 9 Boxes x 4 Blocks; CBM 0.005; FOB Ho Chi Minh
Golia,Golia Activ Plus Cooling Action 472g,,,24,Piece,2.2808,USD,Per Piece,5%,,FOB,Vietnam,Vietnam,Confectionery,Live,Approved,GG Concept,2026-08-11,GG Concept / Candy,SKU 212C001; pack 32g x 16 Rolls x 24 Pouches; CBM 0.033; FOB Ho Chi Minh
Golia,Golia Activ Plus 108.9g,,,45,Piece,0.4727,USD,Per Piece,5%,,FOB,Vietnam,Vietnam,Confectionery,Live,Approved,GG Concept,2026-08-11,GG Concept / Candy,SKU 212C002; pack 108.9g x 45 Pouches; CBM 0.028; FOB Ho Chi Minh
Golia,Golia Activ Plus 88.5g,,,70,Piece,0.4796,USD,Per Piece,5%,,FOB,Vietnam,Vietnam,Confectionery,Live,Approved,GG Concept,2026-08-11,GG Concept / Candy,SKU 212C003; pack 88.5g ( 29.5g x 3 Rolls) x 70 Pouch; CBM 0.028; FOB Ho Chi Minh
Golia,Golia Activ Plus Honey Lemon 540g,,,12,Jar,2.8574,USD,Per Piece,5%,,FOB,Vietnam,Vietnam,Confectionery,Live,Approved,GG Concept,2026-08-11,GG Concept / Candy,SKU 212C004; pack 540g (6 Jar x 90g) x 12 Blocks; CBM 0.024; FOB Ho Chi Minh
Golia,Golia Activ Plus Cooling Action 540g,,,12,Jar,2.8574,USD,Per Piece,5%,,FOB,Vietnam,Vietnam,Confectionery,Live,Approved,GG Concept,2026-08-11,GG Concept / Candy,SKU 212C005; pack 540g (6 Jar x 90g) x 12 Blocks; CBM 0.024; FOB Ho Chi Minh
Golia,Golia Activ Plus Honey Fruit Mix Flavour 561g,,,12,Jar,1.6535,USD,Per Piece,5%,,FOB,Vietnam,Vietnam,Confectionery,Live,Approved,GG Concept,2026-08-11,GG Concept / Candy,SKU 212C007; pack 561g x 12 Jars; CBM 0.024; FOB Ho Chi Minh
Wrigley's,Wrigley's Doublemint Gum Peppermint 11.6g,,,50,Piece,1.7909,USD,Per Piece,5%,,FOB,Vietnam,Vietnam,Confectionery,Live,Approved,GG Concept,2026-08-11,GG Concept / Candy,SKU 215F003; pack 11.6g x 12 Blisters x 50 Boxes; CBM 0.056; FOB Ho Chi Minh
Wrigley's,Wrigley's Doublemint Gum 13.5g,,,60,Piece,2.9532,USD,Per Piece,5%,,FOB,Vietnam,Vietnam,Confectionery,Live,Approved,GG Concept,2026-08-11,GG Concept / Candy,SKU 215F005; pack 13.5g (5 Sticks) x 20 Bar x 60 Boxes; CBM 0.027; FOB Ho Chi Minh
Wrigley's,Wrigley's Doublemint Strawberry Gum 13.5g,,,30,Piece,2.9562,USD,Per Piece,5%,,FOB,Vietnam,Vietnam,Confectionery,Live,Approved,GG Concept,2026-08-11,GG Concept / Candy,SKU 215F010; pack 13.5g (5 Sticks) x 20 Bar x 30 Boxes; CBM 0.017; FOB Ho Chi Minh
Wrigley's,Wrigley's Doublemint Candy Spearmint 23.8g,,,10,Jar,12.1708,USD,Per Piece,5%,,FOB,Vietnam,Vietnam,Confectionery,Live,Approved,GG Concept,2026-08-11,GG Concept / Candy,SKU 212J001; pack 23.8g x 15 Jar x 10 Boxes; CBM 0.014; FOB Ho Chi Minh
Wrigley's,Wrigley's Doublemint Candy Orange mint 23.8g,,,10,Jar,12.1708,USD,Per Piece,5%,,FOB,Vietnam,Vietnam,Confectionery,Live,Approved,GG Concept,2026-08-11,GG Concept / Candy,SKU 212J002; pack 23.8g x 15 Jar x 10 Boxes; CBM 0.014; FOB Ho Chi Minh
Wrigley's,Wrigley's Doublemint Candy Lemon ice 23.8g,,,10,Jar,12.1708,USD,Per Piece,5%,,FOB,Vietnam,Vietnam,Confectionery,Live,Approved,GG Concept,2026-08-11,GG Concept / Candy,SKU 212J003; pack 23.8g x 15 Jar x 10 Boxes; CBM 0.014; FOB Ho Chi Minh
Wrigley's,Wrigley's Doublemint Candy Peppermint 23.8g,,,10,Jar,12.1708,USD,Per Piece,5%,,FOB,Vietnam,Vietnam,Confectionery,Live,Approved,GG Concept,2026-08-11,GG Concept / Candy,SKU 212J004; pack 23.8g x 15 Jar x 10 Boxes; CBM 0.014; FOB Ho Chi Minh
Wrigley's,Wrigley's Doublemint Gum Peppermint 58.4g,,,180,Jar,0.7791,USD,Per Piece,5%,,FOB,Vietnam,Vietnam,Confectionery,Live,Approved,GG Concept,2026-08-11,GG Concept / Candy,SKU 215F001; pack 58.4g x 6 Jar x 30 Boxes; CBM 0.052; FOB Ho Chi Minh
Wrigley's,Wrigley's Doublemint Gum Grape 58.4g,,,180,Jar,0.7791,USD,Per Piece,5%,,FOB,Vietnam,Vietnam,Confectionery,Live,Approved,GG Concept,2026-08-11,GG Concept / Candy,SKU 215F008; pack 58.4g x 6 Jar x 30 Boxes; CBM 0.052; FOB Ho Chi Minh
Wrigley,Wrigley Doublemint Chewy Candy Lemon & Mint Candies 80g,,,36,Jar,1.2969,USD,Per Piece,5%,,FOB,Vietnam,Vietnam,Confectionery,Live,Approved,GG Concept,2026-08-11,GG Concept / Candy,SKU 212J009; pack 80g x 6 Jar x 6 Blocks; CBM 0.015; FOB Ho Chi Minh
Wrigley,Wrigley Doublemint Chewy Candy Mint Candies 80g,,,36,Jar,1.2969,USD,Per Piece,5%,,FOB,Vietnam,Vietnam,Confectionery,Live,Approved,GG Concept,2026-08-11,GG Concept / Candy,SKU 212J010; pack 80g x 6 Jar x 6 Blocks; CBM 0.015; FOB Ho Chi Minh
Wrigley's,Wrigley's Doublemint Candy Peppermint 39g,,,60,Piece,0.8906,USD,Per Piece,5%,,FOB,Vietnam,Vietnam,Confectionery,Live,Approved,GG Concept,2026-08-11,GG Concept / Candy,SKU 212J005; pack 39g x 60 Bag; CBM 0.02; FOB Ho Chi Minh
Wrigley's,Wrigley's Doublemint Sugar Free Gum Peppermint Flavor 40g,,,36,Jar,0.8956,USD,Per Piece,5%,,FOB,Vietnam,Vietnam,Confectionery,Live,Approved,GG Concept,2026-08-11,GG Concept / Candy,SKU 212J006; pack 40g x 6 Jar x 6 Blocks; CBM 0.02; FOB Ho Chi Minh
Wrigley's,Wrigley's Doublemint Sugar Free Gum Mix Fruit Flavor 40g,,,36,Jar,0.8956,USD,Per Piece,5%,,FOB,Vietnam,Vietnam,Confectionery,Live,Approved,GG Concept,2026-08-11,GG Concept / Candy,SKU 212J007; pack 40g x 6 Jar x 6 Blocks; CBM 0.02; FOB Ho Chi Minh
Doublemint,Doublemint Peppermint Chewing Gum 32g,,,12,Piece,7.7638,USD,Per Piece,5%,,FOB,Vietnam,Vietnam,Confectionery,Live,Approved,GG Concept,2026-08-11,GG Concept / Candy,SKU 212J008; pack 32g x 10 Small Boxes x 12 Master Boxes; CBM 0.02; FOB Ho Chi Minh
Wrigley's,Wrigley's Cool Air Menthol Eucalyptus 11.6g,,,50,Piece,1.7901,USD,Per Piece,5%,,FOB,Vietnam,Vietnam,Confectionery,Live,Approved,GG Concept,2026-08-11,GG Concept / Candy,SKU 215D015; pack 11.6g x 12 Blisters x 50 Boxes; CBM 0.054; FOB Ho Chi Minh
Wrigley's,Wrigley's Cool Air Menthol Eucalyptus Gum 58.4g,,,30,Jar,4.6738,USD,Per Piece,5%,,FOB,Vietnam,Vietnam,Confectionery,Live,Approved,GG Concept,2026-08-11,GG Concept / Candy,SKU 215G002; pack 58.4g x 6 Jar x 30 Boxes; CBM 0.051; FOB Ho Chi Minh
Wrigley's,Wrigley's Cool Air Lemon Gum 55.4g,,,30,Jar,4.6738,USD,Per Piece,5%,,FOB,Vietnam,Vietnam,Confectionery,Live,Approved,GG Concept,2026-08-11,GG Concept / Candy,SKU 215G008; pack 55.4g x 6 Jar x 30 Boxes; CBM 0.051; FOB Ho Chi Minh
Wrigley's,Wrigley's Cool Air Blackberry Gum 58.4g,,,30,Jar,4.6738,USD,Per Piece,5%,,FOB,Vietnam,Vietnam,Confectionery,Live,Approved,GG Concept,2026-08-11,GG Concept / Candy,SKU 215G006; pack 58.4g x 6 Jar x 30 Boxes; CBM 0.051; FOB Ho Chi Minh
Wrigley's,Wrigley's Cool Air Super Cooling Peppermint Chewing Gum Bottle 55.4g,,,30,Jar,4.6738,USD,Per Piece,5%,,FOB,Vietnam,Vietnam,Confectionery,Live,Approved,GG Concept,2026-08-11,GG Concept / Candy,SKU 215G018; pack 55.4g x 6 Jar x 30 Boxes; CBM 0.051; FOB Ho Chi Minh
Wrigley's,Wrigley's Cool Air Super Cooling Grape Chewing Gum Bottle 55.4g,,,30,Jar,4.6738,USD,Per Piece,5%,,FOB,Vietnam,Vietnam,Confectionery,Live,Approved,GG Concept,2026-08-11,GG Concept / Candy,SKU 215G019; pack 55.4g x 6 Jar x 30 Boxes; CBM 0.051; FOB Ho Chi Minh
Wrigley's,Wrigley's Cool Air Fresh Cube Peppermint Gum 40g,,,6,Jar,6.8139,USD,Per Piece,5%,,FOB,Vietnam,Vietnam,Confectionery,Live,Approved,GG Concept,2026-08-11,GG Concept / Candy,SKU 215G004; pack 40g x 6 Jar x 6 Blocks; CBM 0.051; FOB Ho Chi Minh
Wrigley's,Wrigley's Cool Air Fresh Cube Lemon Gum 40g,,,6,Jar,6.8139,USD,Per Piece,5%,,FOB,Vietnam,Vietnam,Confectionery,Live,Approved,GG Concept,2026-08-11,GG Concept / Candy,SKU 215G005; pack 40g x 6 Jar x 6 Blocks; CBM 0.051; FOB Ho Chi Minh
Wrigley's,Wrigley's Cool Air Menthol Eucalyptus Gum 131.4g,,,12,Jar,10.2122,USD,Per Piece,5%,,FOB,Vietnam,Vietnam,Confectionery,Live,Approved,GG Concept,2026-08-11,GG Concept / Candy,SKU 215D016; pack 131.4g x 6 Jar x 12 Blocks; CBM 0.031; FOB Ho Chi Minh
Wrigley's,Wrigley's Cool Air Lemon Gum 131.4g,,,12,Jar,10.2122,USD,Per Piece,5%,,FOB,Vietnam,Vietnam,Confectionery,Live,Approved,GG Concept,2026-08-11,GG Concept / Candy,SKU 215D017; pack 131.4g x 6 Jar x 12 Blocks; CBM 0.031; FOB Ho Chi Minh
Wrigley's,Wrigley's Cool Air Menthol Eucalyptus Gum 145g,,,48,Piece,1.4901,USD,Per Piece,5%,,FOB,Vietnam,Vietnam,Confectionery,Live,Approved,GG Concept,2026-08-11,GG Concept / Candy,"SKU 215G001; pack 2,9g x 50 Pcs x 48 Pouches; CBM 0.039; FOB Ho Chi Minh"
Wrigley's,Wrigley's Cool Air Lemon Gum 145g,,,48,Piece,1.4901,USD,Per Piece,5%,,FOB,Vietnam,Vietnam,Confectionery,Live,Approved,GG Concept,2026-08-11,GG Concept / Candy,"SKU 215G009; pack 2,9g x 50 Pcs x 48 Pouches; CBM 0.039; FOB Ho Chi Minh"
Wrigley's,Wrigley's Cool Air Blackberry Gum 145g,,,48,Piece,1.4901,USD,Per Piece,5%,,FOB,Vietnam,Vietnam,Confectionery,Live,Approved,GG Concept,2026-08-11,GG Concept / Candy,"SKU 215G010; pack 2,9g x 50 Pcs x 48 Pouches; CBM 0.039; FOB Ho Chi Minh"
Wrigley's,Wrigley's Cool Air Menthol Eucalyptus Gum 319g,,,24,Piece,3.164,USD,Per Piece,5%,,FOB,Vietnam,Vietnam,Confectionery,Live,Approved,GG Concept,2026-08-11,GG Concept / Candy,"SKU 215G003; pack 2,9g x 110 Pcs x 24 Pouches; CBM 0.039; FOB Ho Chi Minh"
Wrigley's,Wrigley's Cool Air Menthol Eucalyptus Gum 478.5g,,,20,Piece,4.654,USD,Per Piece,5%,,FOB,Vietnam,Vietnam,Confectionery,Live,Approved,GG Concept,2026-08-11,GG Concept / Candy,"SKU 215G007; pack 2,9g x 165 Pcs x 20 Blocks; CBM 0.049; FOB Ho Chi Minh"
Wrigley,Wrigley No5 Peppermint 32g,,,12,Piece,7.9123,USD,Per Piece,5%,,FOB,Vietnam,Vietnam,Confectionery,Live,Approved,GG Concept,2026-08-11,GG Concept / Candy,SKU 215I001; pack 32g x 10 Pcs x 12 Boxes; CBM 0.008; FOB Ho Chi Minh
Wrigley,Wrigley No5 Watermelon 32g,,,12,Piece,7.9123,USD,Per Piece,5%,,FOB,Vietnam,Vietnam,Confectionery,Live,Approved,GG Concept,2026-08-11,GG Concept / Candy,SKU 215I002; pack 32g x 10 Pcs x 12 Boxes; CBM 0.008; FOB Ho Chi Minh
Wrigley's,Wrigley's Skittles Original Fruits 15g,,,4,Piece,4.4743,USD,Per Piece,5%,,FOB,Vietnam,Vietnam,Confectionery,Live,Approved,GG Concept,2026-08-11,GG Concept / Candy,SKU 215L001; pack 15g x 30 Pouches x 4 Bag; CBM 0.011; FOB Ho Chi Minh
Wrigley's,Wrigley's Skittles Fruits Candy Sour Flavor 15g,,,4,Piece,4.4743,USD,Per Piece,5%,,FOB,Vietnam,Vietnam,Confectionery,Live,Approved,GG Concept,2026-08-11,GG Concept / Candy,SKU 215L005; pack 15g x 30 Pouches x 4 Bag; CBM 0.011; FOB Ho Chi Minh
Wrigley,Wrigley Original Candy Skittles Assorted Fruit 100g,,,36,Jar,1.4822,USD,Per Piece,5%,,FOB,Vietnam,Vietnam,Confectionery,Live,Approved,GG Concept,2026-08-11,GG Concept / Candy,SKU 215L002; pack 100g x 6 Jar x 6 Boxes; CBM 0.017; FOB Ho Chi Minh
Wrigley,Wrigley Skittles Fruits Candy Sour Flavor 40g,,,6,Piece,9.6301,USD,Per Piece,5%,,FOB,Vietnam,Vietnam,Confectionery,Live,Approved,GG Concept,2026-08-11,GG Concept / Candy,SKU 215L003; pack 40g x 20 Pack x 6 Box; CBM 0.017; FOB Ho Chi Minh
Wrigley,Wrigley Skittles Fruits Candy Yogurt Flavor 40g,,,6,Piece,9.6301,USD,Per Piece,5%,,FOB,Vietnam,Vietnam,Confectionery,Live,Approved,GG Concept,2026-08-11,GG Concept / Candy,SKU 215L004; pack 40g x 20 Pack x 6 Box; CBM 0.017; FOB Ho Chi Minh
Wrigley,Wrigley Skittles Original Fruits Candy 45g,,,6,Piece,9.6571,USD,Per Piece,5%,,FOB,Vietnam,Vietnam,Confectionery,Live,Approved,GG Concept,2026-08-11,GG Concept / Candy,SKU 215L006; pack 45g x 20 Pack x 6 Box; CBM 0.024; FOB Ho Chi Minh
Wrigley,Wrigley Skittles Fruit Flavored Gummy Candy 42.5g,,,10,Piece,9.3813,USD,Per Piece,5%,,FOB,Vietnam,Vietnam,Confectionery,Live,Approved,GG Concept,2026-08-11,GG Concept / Candy,SKU 215L007; pack 42.5g x 12 Bags x 10 Boxes; CBM 0.049; FOB Ho Chi Minh
Wrigley,Wrigley Skittles Fruit Yogurt Flavored Gummy Candy 42.5g,,,10,Piece,9.3813,USD,Per Piece,5%,,FOB,Vietnam,Vietnam,Confectionery,Live,Approved,GG Concept,2026-08-11,GG Concept / Candy,SKU 215L008; pack 42.5g x 12 Bags x 10 Boxes; CBM 0.049; FOB Ho Chi Minh
Snickers,Snickers Chocolate 51g,,,8,Piece,17.7341,USD,Per Piece,5%,,FOB,Vietnam,Vietnam,Confectionery,Live,Approved,GG Concept,2026-08-11,GG Concept / Candy,SKU 212I012; pack 51g x 24 Bars x 8 Boxes; CBM 0.027; FOB Ho Chi Minh
Snickers,Snickers Chocolate 35g,,,9,Piece,15.1029,USD,Per Piece,5%,,FOB,Vietnam,Vietnam,Confectionery,Live,Approved,GG Concept,2026-08-11,GG Concept / Candy,SKU 212I018; pack 35g x 24 Bars x 9 Boxes; CBM 0.037; FOB Ho Chi Minh
Snickers,Snickers Chocolate 20g,,,40,Piece,3.1111,USD,Per Piece,5%,,FOB,Vietnam,Vietnam,Confectionery,Live,Approved,GG Concept,2026-08-11,GG Concept / Candy,SKU 212I020; pack 20g x 12 Bars x 40 Boxes; CBM 0.037; FOB Ho Chi Minh
Snickers,Snickers Chocolate Festive 20g,,,60,Piece,2.8099,USD,Per Piece,5%,,FOB,Vietnam,Vietnam,Confectionery,Live,Approved,GG Concept,2026-08-11,GG Concept / Candy,SKU 212I020A; pack 20g x 12 Bars x 60 Boxes; CBM 0.037; FOB Ho Chi Minh
Snickers,Snickers Dark Chocolate Almond Candy 40g,,,6,Piece,23.096,USD,Per Piece,5%,,FOB,Vietnam,Vietnam,Confectionery,Live,Approved,GG Concept,2026-08-11,GG Concept / Candy,SKU 212I030; pack 40g x 24 Bars x 6 Boxes; CBM 0.037; FOB Ho Chi Minh
Snickers,Snickers Chocolate Peanut Butter Caramel Flavor 40g,,,12,Piece,11.1064,USD,Per Piece,5%,,FOB,Vietnam,Vietnam,Confectionery,Live,Approved,GG Concept,2026-08-11,GG Concept / Candy,SKU 212I031; pack 40g x 15 Bars x 12 Boxes; CBM 0.037; FOB Ho Chi Minh
Snickers,Snickers Chocolate Strawberry Peanut Flavor 40g,,,12,Piece,11.1064,USD,Per Piece,5%,,FOB,Vietnam,Vietnam,Confectionery,Live,Approved,GG Concept,2026-08-11,GG Concept / Candy,SKU 212I032; pack 40g x 15 Bars x 12 Boxes; CBM 0.037; FOB Ho Chi Minh
Snickers,Snickers Chocolate Peanut Funsize 20g,,,24,Piece,3.7072,USD,Per Piece,5%,,FOB,Vietnam,Vietnam,Confectionery,Live,Approved,GG Concept,2026-08-11,GG Concept / Candy,SKU 212I021; pack 20g x 12 Bars x 24 Bags; CBM 0.03; FOB Ho Chi Minh
Lotte,Lotte Xylitol Cool Gum 11.6g,,,20,Piece,2.2415,USD,Per Piece,5%,,FOB,Vietnam,Vietnam,Confectionery,Live,Approved,GG Concept,2026-08-11,GG Concept / Candy,SKU 215K001; pack 11.6gx 15 Blisters x 20 Boxes; CBM 0.009; FOB Ho Chi Minh
Lotte,Lotte Xylitol Lime Mint Gum 11.6g,,,20,Piece,2.2415,USD,Per Piece,5%,,FOB,Vietnam,Vietnam,Confectionery,Live,Approved,GG Concept,2026-08-11,GG Concept / Candy,SKU 215K006; pack 11.6g x 15 Blisters x 20 Boxes; CBM 0.009; FOB Ho Chi Minh
Lotte,Lotte Xylitol Blueberry Mint Gum 11.6g,,,20,Piece,2.2415,USD,Per Piece,5%,,FOB,Vietnam,Vietnam,Confectionery,Live,Approved,GG Concept,2026-08-11,GG Concept / Candy,SKU 215K009; pack 11.6g x 15 Blisters x 20 Boxes; CBM 0.009; FOB Ho Chi Minh
Lotte,Lotte Xylitol Strawberry Mint Gum 11.6g,,,20,Piece,2.2572,USD,Per Piece,5%,,FOB,Vietnam,Vietnam,Confectionery,Live,Approved,GG Concept,2026-08-11,GG Concept / Candy,SKU 215K027; pack 11.6g x 15 Blisters x 20 Boxes; CBM 0.023; FOB Ho Chi Minh
Lotte,Lotte Xylitol Limemint 26.1g,,,12,Jar,7.6883,USD,Per Piece,5%,,FOB,Vietnam,Vietnam,Confectionery,Live,Approved,GG Concept,2026-08-11,GG Concept / Candy,SKU 215K028; pack 26.1g x 12 Jars x 12 Boxes; CBM 0.019; FOB Ho Chi Minh
Lotte,Lotte Xylitol Blueberry 26.1g,,,12,Jar,7.6883,USD,Per Piece,5%,,FOB,Vietnam,Vietnam,Confectionery,Live,Approved,GG Concept,2026-08-11,GG Concept / Candy,SKU 215K029; pack 26.1g x 12 Jars x 12 Boxes; CBM 0.019; FOB Ho Chi Minh
Lotte,Lotte Xylitol Cool Gum 55.1g,,,12,Jar,5.3924,USD,Per Piece,5%,,FOB,Vietnam,Vietnam,Confectionery,Live,Approved,GG Concept,2026-08-11,GG Concept / Candy,SKU 215K002; pack 55.1g x 6 Jars x 12 Blocks; CBM 0.019; FOB Ho Chi Minh
Lotte,Lotte Xylitol Lime Mint Gum 55.1g,,,12,Jar,5.3924,USD,Per Piece,5%,,FOB,Vietnam,Vietnam,Confectionery,Live,Approved,GG Concept,2026-08-11,GG Concept / Candy,SKU 215K012; pack 55.1g x 6 Jars x 12 Blocks; CBM 0.019; FOB Ho Chi Minh
Lotte,Lotte Xylitol Strawberry Mint Gum 55.1g,,,12,Jar,5.3924,USD,Per Piece,5%,,FOB,Vietnam,Vietnam,Confectionery,Live,Approved,GG Concept,2026-08-11,GG Concept / Candy,SKU 215K014; pack 55.1g x 6 Jars x 12 Blocks; CBM 0.019; FOB Ho Chi Minh
Lotte,Lotte Xylitol Blueberry Mint Gum 55.1g,,,12,Jar,5.3924,USD,Per Piece,5%,,FOB,Vietnam,Vietnam,Confectionery,Live,Approved,GG Concept,2026-08-11,GG Concept / Candy,SKU 215K015; pack 55.1g x 6 Jars x 12 Blocks; CBM 0.019; FOB Ho Chi Minh
Lotte,Lotte Xylitol Melon Mint Gum 55.1g,,,12,Jar,5.3924,USD,Per Piece,5%,,FOB,Vietnam,Vietnam,Confectionery,Live,Approved,GG Concept,2026-08-11,GG Concept / Candy,SKU 215K016; pack 55.1g x 6 Jars x 12 Blocks; CBM 0.019; FOB Ho Chi Minh
Lotte,Lotte Xylitol Cool Gum 130.5g,,,6,Jar,11.2279,USD,Per Piece,5%,,FOB,Vietnam,Vietnam,Confectionery,Live,Approved,GG Concept,2026-08-11,GG Concept / Candy,SKU 215K003; pack 130.5g x 6 Jars x 6 Boxes; CBM 0.018; FOB Ho Chi Minh
Lotte,Lotte Doraemon Orange Flavor Roll Gum 56g,,,8,Jar,13.3825,USD,Per Piece,5%,,FOB,Vietnam,Vietnam,Confectionery,Live,Approved,GG Concept,2026-08-11,GG Concept / Candy,SKU 215K030; pack 56g x 12 Jars x 8 Trays; CBM 0.021; FOB Ho Chi Minh
Lotte,Lotte Doraemon Melon Flavor Roll Gum 54g,,,8,Jar,13.5207,USD,Per Piece,5%,,FOB,Vietnam,Vietnam,Confectionery,Live,Approved,GG Concept,2026-08-11,GG Concept / Candy,SKU 215K031; pack 54g x 12 Jars x 8 Trays; CBM 0.021; FOB Ho Chi Minh
Lotte,Lotte Xylitol Lime Mint Gum 130.5g,,,6,Jar,11.5964,USD,Per Piece,5%,,FOB,Vietnam,Vietnam,Confectionery,Live,Approved,GG Concept,2026-08-11,GG Concept / Candy,SKU 215K017; pack 130.5g x 6 Jars x 6 Boxes; CBM 0.018; FOB Ho Chi Minh
Lotte,Lotte Xylitol Blueberry Mint Gum 130.5g,,,6,Jar,11.5964,USD,Per Piece,5%,,FOB,Vietnam,Vietnam,Confectionery,Live,Approved,GG Concept,2026-08-11,GG Concept / Candy,SKU 215K019; pack 130.5g x 6 Jars x 6 Boxes; CBM 0.018; FOB Ho Chi Minh
Lotte,Lotte Xylitol Cool Gum 319g,,,20,Piece,2.838,USD,Per Piece,5%,,FOB,Vietnam,Vietnam,Confectionery,Live,Approved,GG Concept,2026-08-11,GG Concept / Candy,SKU 215K024; pack 319g x 20 Bags; CBM 0.043; FOB Ho Chi Minh
Lotte,Lotte Xylitol Lime Mint Gum 319g,,,20,Piece,2.838,USD,Per Piece,5%,,FOB,Vietnam,Vietnam,Confectionery,Live,Approved,GG Concept,2026-08-11,GG Concept / Candy,SKU 215K025; pack 319g x 20 Bags; CBM 0.043; FOB Ho Chi Minh
Lotte,Lotte Xylitol Blueberry Mint Gum 319g,,,20,Piece,2.838,USD,Per Piece,5%,,FOB,Vietnam,Vietnam,Confectionery,Live,Approved,GG Concept,2026-08-11,GG Concept / Candy,SKU 215K026; pack 319g x 20 Bags; CBM 0.043; FOB Ho Chi Minh
Lotte,Lotte Xylitol Gum Mixed Fruit Flavor 55.1g,,,12,Jar,5.4003,USD,Per Piece,5%,,FOB,Vietnam,Vietnam,Confectionery,Live,Approved,GG Concept,2026-08-11,GG Concept / Candy,SKU 215Z008; pack 55.1g x 6 Jars x 12 Boxes; CBM 0.023; FOB Ho Chi Minh
Lotte,Lotte Doramon Sukusuku Lollipops 240g,,,16,Piece,2.2014,USD,Per Piece,5%,,FOB,Vietnam,Vietnam,Confectionery,Live,Approved,GG Concept,2026-08-11,GG Concept / Candy,SKU 215Z005; pack 240g x 16 boxes; CBM 0.043; FOB Ho Chi Minh
Lotte,Lotte Xylitol Pokémon Sugar-Free Strawberry Bubble Gum 3g,,,72,Piece,0.9347,USD,Per Piece,5%,,FOB,Vietnam,Vietnam,Confectionery,Live,Approved,GG Concept,2026-08-11,GG Concept / Candy,SKU 215Z007A; pack 3g x 12 Box x 6 Block; CBM 0.043; FOB Ho Chi Minh
Hubba,Hubba Bubba Original 56g,,,144,Piece,1.2918,USD,Per Piece,5%,,FOB,Vietnam,Vietnam,Confectionery,Live,Approved,GG Concept,2026-08-11,GG Concept / Candy,SKU 212M001; pack 56g x 12 Pcs x 12 Boxes; CBM 0.027; FOB Ho Chi Minh
Hubba,Hubba Bubba Strawberry 56g,,,144,Piece,1.2918,USD,Per Piece,5%,,FOB,Vietnam,Vietnam,Confectionery,Live,Approved,GG Concept,2026-08-11,GG Concept / Candy,SKU 212M005; pack 56g x 12 Pcs x 12 Boxes; CBM 0.027; FOB Ho Chi Minh
Hubba,Hubba Bubba Grape 56g,,,144,Piece,1.2918,USD,Per Piece,5%,,FOB,Vietnam,Vietnam,Confectionery,Live,Approved,GG Concept,2026-08-11,GG Concept / Candy,SKU 212M006; pack 56g x 12 Pcs x 12 Boxes; CBM 0.027; FOB Ho Chi Minh
Hubba,Hubba Bubba Blue Rasperry 56.7g,,,144,Piece,1.2918,USD,Per Piece,5%,,FOB,Vietnam,Vietnam,Confectionery,Live,Approved,GG Concept,2026-08-11,GG Concept / Candy,SKU 212M007; pack 56.7g x 12 Pcs x 12 Boxes; CBM 0.027; FOB Ho Chi Minh
KitKat,KitKat Chocolate 2F 102g - AluFoil,,,48,Piece,1.8681,USD,Per Piece,5%,,FOB,Vietnam,Vietnam,Confectionery,Live,Approved,GG Concept,2026-08-11,GG Concept / Candy,SKU 216B001; pack 102g x 48 Bag - AluFoil; CBM 0.009; FOB Ho Chi Minh
KitKat,KitKat Chocolate 2F 17g,,,480,Piece,0.3206,USD,Per Piece,5%,,FOB,Vietnam,Vietnam,Confectionery,Live,Approved,GG Concept,2026-08-11,GG Concept / Candy,SKU 216B034; pack 17g x 24 Bars x 20 Boxes; CBM 0.009; FOB Ho Chi Minh
KitKat,KitKat Chocolate 4F 35g - AluFoil,,,288,Piece,0.6627,USD,Per Piece,5%,,FOB,Vietnam,Vietnam,Confectionery,Live,Approved,GG Concept,2026-08-11,GG Concept / Candy,SKU 216B006; pack 35g x 24 Bars x 12 Boxes; CBM 0.022; FOB Ho Chi Minh
KitKat,KitKat Chocolate 4F 35g - B/F,,,288,Piece,0.6627,USD,Per Piece,5%,,FOB,Vietnam,Vietnam,Confectionery,Live,Approved,GG Concept,2026-08-11,GG Concept / Candy,SKU 216B036; pack 35g x 24 Bars x 12 Boxes; CBM 0.022; FOB Ho Chi Minh
KitKat,KitKat Green Tea 4F 35g,,,288,Piece,0.9466,USD,Per Piece,5%,,FOB,Vietnam,Vietnam,Confectionery,Live,Approved,GG Concept,2026-08-11,GG Concept / Candy,SKU 216B005; pack 35g x 24 Bar x 12 Boxes; CBM 0.029; FOB Ho Chi Minh
KitKat,KitKat Green Tea 2F 17g,,,576,Piece,0.4848,USD,Per Piece,5%,,FOB,Vietnam,Vietnam,Confectionery,Live,Approved,GG Concept,2026-08-11,GG Concept / Candy,SKU 216B026; pack 17g x 48 Bars x 12 Boxes; CBM 0.113; FOB Ho Chi Minh
KitKat,KitKat Green Tea 2F 136g (17g x 8 Bars),,,48,Piece,3.5662,USD,Per Piece,5%,,FOB,Vietnam,Vietnam,Confectionery,Live,Approved,GG Concept,2026-08-11,GG Concept / Candy,SKU 216B004; pack 136g (8 x17g) x 48 Bag; CBM 0.058; FOB Ho Chi Minh
KitKat,KitKat Cookie & Cream Chunky 38g,,,144,Piece,0.8317,USD,Per Piece,5%,,FOB,Vietnam,Vietnam,Confectionery,Live,Approved,GG Concept,2026-08-11,GG Concept / Candy,SKU 216B009; pack 38g x 24 Bar x 6 Boxes; CBM 0.015; FOB Ho Chi Minh
KitKat,KitKat Chocolate Chunky 38g,,,144,Piece,0.8035,USD,Per Piece,5%,,FOB,Vietnam,Vietnam,Confectionery,Live,Approved,GG Concept,2026-08-11,GG Concept / Candy,SKU 216B007; pack 38g x 24 Bar x 6 Boxes; CBM 0.045; FOB Ho Chi Minh
KitKat,KitKat Chocolate Chunky Cocoa 114g,,,16,Piece,2.3813,USD,Per Piece,5%,,FOB,Vietnam,Vietnam,Confectionery,Live,Approved,GG Concept,2026-08-11,GG Concept / Candy,SKU 216B041; pack 114g (3 x 38g) x 16 Bag; CBM 0.022; FOB Ho Chi Minh
Kitkat,Kitkat Milo 2F Chocolate Coklat Wafer 16g,,,480,Piece,0.4277,USD,Per Piece,5%,,FOB,Vietnam,Vietnam,Confectionery,Live,Approved,GG Concept,2026-08-11,GG Concept / Candy,SKU 216C024; pack 16g x 24 Bar x 20 Boxes; CBM 0.014; FOB Ho Chi Minh
Kitkat,Kitkat Strawberry Chocolate 2F 17g (New),,,24,Piece,3.2319,USD,Per Piece,5%,,FOB,Vietnam,Vietnam,Confectionery,Live,Approved,GG Concept,2026-08-11,GG Concept / Candy,SKU 216C008; pack 136g x 24 Bags; CBM 0.014; FOB Ho Chi Minh
Kitkat,Kitkat Strawberry Chocolate 4F 35g (New),,,12,Piece,20.6197,USD,Per Piece,5%,,FOB,Vietnam,Vietnam,Confectionery,Live,Approved,GG Concept,2026-08-11,GG Concept / Candy,SKU 216C009; pack 840g x 12 Bags; CBM 0.014; FOB Ho Chi Minh
KitKat,KitKat Chocolate Wafer Bites 40g,,,30,Piece,1.082,USD,Per Piece,5%,,FOB,Vietnam,Vietnam,Confectionery,Live,Approved,GG Concept,2026-08-11,GG Concept / Candy,SKU 216B040; pack 40g x 30 Bags; CBM 0.014; FOB Ho Chi Minh
Milo,Milo Chocolate Bar 30g,,,288,Piece,0.5896,USD,Per Piece,5%,,FOB,Vietnam,Vietnam,Confectionery,Live,Approved,GG Concept,2026-08-11,GG Concept / Candy,SKU 216C001; pack 30g x 24 Bar x 12 Boxes; CBM 0.032; FOB Ho Chi Minh
Milo,Milo Nugget Chocolate 25g,,,30,Piece,0.6696,USD,Per Piece,5%,,FOB,Vietnam,Vietnam,Confectionery,Live,Approved,GG Concept,2026-08-11,GG Concept / Candy,SKU 216C002; pack 25g x 30 Bags; CBM 0.012; FOB Ho Chi Minh
Milo,Milo Nugget Chocolate 60g,,,40,Piece,1.5803,USD,Per Piece,5%,,FOB,Vietnam,Vietnam,Confectionery,Live,Approved,GG Concept,2026-08-11,GG Concept / Candy,SKU 216C007A; pack 60g x 40 Bags; CBM 0.014; FOB Ho Chi Minh
Milo,Milo Cube 67.5g,,,20,Piece,1.0092,USD,Per Piece,5%,,FOB,Vietnam,Vietnam,Confectionery,Live,Approved,GG Concept,2026-08-11,GG Concept / Candy,SKU 216C010; pack 67.5g x 20 Bags; CBM 0.014; FOB Ho Chi Minh
Alpenliebe,Alpenliebe Eclairs Candy 63.75g,,,36,Piece,0.6107,USD,Per Piece,5%,,FOB,Vietnam,Vietnam,Confectionery,Live,Approved,GG Concept,2026-08-11,GG Concept / Candy,SKU 212D071; pack 63.75g x 36 Bags; CBM 0.035; FOB Ho Chi Minh
Alpenliebe,Alpenliebe Pho Coffee Candy 31.5g,,,48,Piece,1.22,USD,Per Piece,5%,,FOB,Vietnam,Vietnam,Confectionery,Live,Approved,GG Concept,2026-08-11,GG Concept / Candy,SKU 212D072; pack 31.5g x 8 Rolls x 48 Pouches; CBM 0.035; FOB Ho Chi Minh
Alpenliebe,Alpenliebe Caramel Original 32g,,,24,Piece,2.4401,USD,Per Piece,5%,,FOB,Vietnam,Vietnam,Confectionery,Live,Approved,GG Concept,2026-08-11,GG Concept / Candy,SKU 212D001; pack 32g x 16 Rolls x 24 Pouches; CBM 0.035; FOB Ho Chi Minh
Alpenliebe,Alpenliebe Strawberry 32g,,,24,Piece,2.4401,USD,Per Piece,5%,,FOB,Vietnam,Vietnam,Confectionery,Live,Approved,GG Concept,2026-08-11,GG Concept / Candy,SKU 212D006; pack 32g x 16 Rolls x 24 Pouches; CBM 0.035; FOB Ho Chi Minh
Alpenliebe,Alpenliebe Choco Mint 26g,,,24,Piece,2.4393,USD,Per Piece,5%,,FOB,Vietnam,Vietnam,Confectionery,Live,Approved,GG Concept,2026-08-11,GG Concept / Candy,SKU 212D004; pack 26g x 16 Rolls x 24 Pouches; CBM 0.035; FOB Ho Chi Minh
Alpenliebe,Alpenliebe Mango Flavor With Chili Salt 417.6g,,,24,Piece,2.4393,USD,Per Piece,5%,,FOB,Vietnam,Vietnam,Confectionery,Live,Approved,GG Concept,2026-08-11,GG Concept / Candy,SKU 212D073; pack 26.1g x 16 Rolls x 24 Pouches; CBM 0.035; FOB Ho Chi Minh
Alpenliebe,Alpenliebe Mango Flavor With Chili Salt 84.1g,,,45,Piece,0.4593,USD,Per Piece,5%,,FOB,Vietnam,Vietnam,Confectionery,Live,Approved,GG Concept,2026-08-11,GG Concept / Candy,SKU 212D005; pack 84.1g x 45 Bags; CBM 0.026; FOB Ho Chi Minh
Alpenliebe,Alpenliebe 2 Chew Strawberry 24.5g,,,24,Piece,2.4381,USD,Per Piece,5%,,FOB,Vietnam,Vietnam,Confectionery,Live,Approved,GG Concept,2026-08-11,GG Concept / Candy,SKU 212D009; pack 24.5g x 16 Sticks x 24 Pouches; CBM 0.033; FOB Ho Chi Minh
Alpenliebe,Alpenliebe 2 Chew Grapes 24.5g,,,24,Piece,2.4381,USD,Per Piece,5%,,FOB,Vietnam,Vietnam,Confectionery,Live,Approved,GG Concept,2026-08-11,GG Concept / Candy,SKU 212D010; pack 24.5g x 16 Sticks x 24 Pouches; CBM 0.033; FOB Ho Chi Minh
Alpenliebe,Alpenliebe 2 Chew Passion Fruit Chia Seeds 24.5g,,,24,Piece,2.4381,USD,Per Piece,5%,,FOB,Vietnam,Vietnam,Confectionery,Live,Approved,GG Concept,2026-08-11,GG Concept / Candy,SKU 212D045; pack 24.5g x 16 Sticks x 24 Pouches; CBM 0.033; FOB Ho Chi Minh
Alpenliebe,Alpenliebe Strawberry 119g,,,45,Piece,0.4642,USD,Per Piece,5%,,FOB,Vietnam,Vietnam,Confectionery,Live,Approved,GG Concept,2026-08-11,GG Concept / Candy,SKU 212D007; pack 115.5g x 45 Bags; CBM 0.026; FOB Ho Chi Minh
Alpenliebe,Alpenliebe 2 Chew Grapes & Strawberry 84g,,,45,Piece,0.4644,USD,Per Piece,5%,,FOB,Vietnam,Vietnam,Confectionery,Live,Approved,GG Concept,2026-08-11,GG Concept / Candy,SKU 212D011; pack 84g x 45 Bags; CBM 0.026; FOB Ho Chi Minh
Alpenliebe,Alpenliebe 2 Chew Passion Fruit Chia Seeds 85.5g,,,45,Piece,0.4695,USD,Per Piece,5%,,FOB,Vietnam,Vietnam,Confectionery,Live,Approved,GG Concept,2026-08-11,GG Concept / Candy,SKU 212D087; pack 85.5g x 45 Bags; CBM 0.027; FOB Ho Chi Minh
Alpenliebe,Alpenliebe 2 Chew Passion Fruit Chia Seeds 220.5g,,,24,Piece,0.9756,USD,Per Piece,5%,,FOB,Vietnam,Vietnam,Confectionery,Live,Approved,GG Concept,2026-08-11,GG Concept / Candy,SKU 212D088; pack 220.5g x 24 Bags; CBM 0.027; FOB Ho Chi Minh
Alpenliebe,Alpenliebe 2 Chew Passion Fruit Chia Seeds 84g,,,45,Piece,0.4549,USD,Per Piece,5%,,FOB,Vietnam,Vietnam,Confectionery,Live,Approved,GG Concept,2026-08-11,GG Concept / Candy,SKU 212D049A; pack 84g x 45 Bags; CBM 0.027; FOB Ho Chi Minh
Alpenliebe,Alpenliebe Milk Coffee 101.5g,,,45,Piece,0.4646,USD,Per Piece,5%,,FOB,Vietnam,Vietnam,Confectionery,Live,Approved,GG Concept,2026-08-11,GG Concept / Candy,SKU 212D089; pack 101.5g x 45 Bags; CBM 0.027; FOB Ho Chi Minh
Alpenliebe,Alpenliebe Lollipop Caramel 360g,,,20,Piece,2.1476,USD,Per Piece,5%,,FOB,Vietnam,Vietnam,Confectionery,Live,Approved,GG Concept,2026-08-11,GG Concept / Candy,SKU 212D050A; pack 360g (10g x 36 Sticks) x 20 Bags; CBM 0.071; FOB Ho Chi Minh
Alpenliebe,Alpenliebe Lollipop Strawberry 360g,,,20,Piece,2.1929,USD,Per Piece,5%,,FOB,Vietnam,Vietnam,Confectionery,Live,Approved,GG Concept,2026-08-11,GG Concept / Candy,SKU 212D051A; pack 360g (10g x 36 Sticks) x 20 Bags; CBM 0.071; FOB Ho Chi Minh
Alpenliebe,Alpenliebe Lollipop Milk Tea 360g,,,20,Piece,2.1929,USD,Per Piece,5%,,FOB,Vietnam,Vietnam,Confectionery,Live,Approved,GG Concept,2026-08-11,GG Concept / Candy,SKU 212D090; pack 360g (10g x 36 Sticks) x 20 Bags; CBM 0.071; FOB Ho Chi Minh
Alpenliebe,Alpenliebe Mango Flavor With Chili Salt 217.5g,,,24,Piece,0.9685,USD,Per Piece,5%,,FOB,Vietnam,Vietnam,Confectionery,Live,Approved,GG Concept,2026-08-11,GG Concept / Candy,SKU 212D021; pack 217.5g x 24 Bags; CBM 0.03; FOB Ho Chi Minh
Alpenliebe,Alpenliebe Strawberry 322g,,,24,Piece,0.9709,USD,Per Piece,5%,,FOB,Vietnam,Vietnam,Confectionery,Live,Approved,GG Concept,2026-08-11,GG Concept / Candy,SKU 212D030; pack 322g x 24 Bags; CBM 0.033; FOB Ho Chi Minh
Alpenliebe,Alpenliebe Milk Coffee 259g,,,24,Piece,1.0054,USD,Per Piece,5%,,FOB,Vietnam,Vietnam,Confectionery,Live,Approved,GG Concept,2026-08-11,GG Concept / Candy,SKU 212D037; pack 259g x 24 Bags; CBM 0.07; FOB Ho Chi Minh
Alpenliebe,Alpenliebe Salted Dry Apricot Flavor with Chili Salt 203g,,,24,Piece,0.9685,USD,Per Piece,5%,,FOB,Vietnam,Vietnam,Confectionery,Live,Approved,GG Concept,2026-08-11,GG Concept / Candy,SKU 212D061; pack 203g x 24 Bags; CBM 0.03; FOB Ho Chi Minh
Alpenliebe,Alpenliebe Jelly Fruit Juices Flavor 24g,,,24,Piece,1.5327,USD,Per Piece,5%,,FOB,Vietnam,Vietnam,Confectionery,Live,Approved,GG Concept,2026-08-11,GG Concept / Candy,SKU 212D063; pack 24g x 10 Pcs x 24 Sheets; CBM 0.03; FOB Ho Chi Minh
Alpenliebe,Alpenliebe Jelly Peach Flavor 24g,,,12,Piece,3.0567,USD,Per Piece,5%,,FOB,Vietnam,Vietnam,Confectionery,Live,Approved,GG Concept,2026-08-11,GG Concept / Candy,SKU 212D064; pack 24g x 8 Pcs x 2 Sheets x 12 Bags; CBM 0.026; FOB Ho Chi Minh
Alpenliebe,Alpenliebe Jelly Assorted Fruit 90g,,,30,Piece,0.7478,USD,Per Piece,5%,,FOB,Vietnam,Vietnam,Confectionery,Live,Approved,GG Concept,2026-08-11,GG Concept / Candy,SKU 212D075; pack 90g x 30 Bags; CBM 0.019; FOB Ho Chi Minh
Alpenliebe,Alpenliebe Jelly Cosmic Adventure 90g,,,30,Piece,0.7478,USD,Per Piece,5%,,FOB,Vietnam,Vietnam,Confectionery,Live,Approved,GG Concept,2026-08-11,GG Concept / Candy,SKU 212D091; pack 90g x 30 Bags; CBM 0.019; FOB Ho Chi Minh
Alpenliebe,Alpenliebe Jelly Sweet Peach Heart 91g,,,30,Piece,0.7478,USD,Per Piece,5%,,FOB,Vietnam,Vietnam,Confectionery,Live,Approved,GG Concept,2026-08-11,GG Concept / Candy,SKU 212D092; pack 91g x 30 Bags; CBM 0.019; FOB Ho Chi Minh
Alpenliebe,Alpenliebe Jelly Playful Grape Heart-Shaped 91g,,,30,Piece,0.7478,USD,Per Piece,5%,,FOB,Vietnam,Vietnam,Confectionery,Live,Approved,GG Concept,2026-08-11,GG Concept / Candy,SKU 212D093; pack 91g x 30 Bags; CBM 0.019; FOB Ho Chi Minh
Alpenliebe,Alpenliebe Jelly Peach Flavor 50g,,,70,Piece,0.4219,USD,Per Piece,5%,,FOB,Vietnam,Vietnam,Confectionery,Live,Approved,GG Concept,2026-08-11,GG Concept / Candy,SKU 212D068; pack 56g x 70 Bags; CBM 0.026; FOB Ho Chi Minh
Alpenliebe,Alpenliebe Candy Syrup Golia Herbal 24.5g,,,24,Piece,2.3849,USD,Per Piece,5%,,FOB,Vietnam,Vietnam,Confectionery,Live,Approved,GG Concept,2026-08-11,GG Concept / Candy,SKU 212D086; pack 24.5g x 16 Sticks x 24 Pouches; CBM 0.033; FOB Ho Chi Minh
Kopiko,Kopiko Coffee Cappuccino Candy 140g,,,24,Piece,0.5198,USD,Per Piece,5%,,FOB,Vietnam,Vietnam,Confectionery,Live,Approved,GG Concept,2026-08-11,GG Concept / Candy,SKU 212T001; pack 140g x 24 Bags; CBM 0.016; FOB Ho Chi Minh
Kopiko,Kopiko Coffee Candy 140g,,,24,Piece,0.5194,USD,Per Piece,5%,,FOB,Vietnam,Vietnam,Confectionery,Live,Approved,GG Concept,2026-08-11,GG Concept / Candy,SKU 212T002; pack 140g x 24 Bags; CBM 0.015; FOB Ho Chi Minh
Kopiko,Kopiko Coffee Candy 560g,,,6,Jar,2.095,USD,Per Piece,5%,,FOB,Vietnam,Vietnam,Confectionery,Live,Approved,GG Concept,2026-08-11,GG Concept / Candy,SKU 212T003; pack 560g x 6 Jars; CBM 0.021; FOB Ho Chi Minh
Kopiko,Kopiko Coffee Cappuccino Candy 560g,,,6,Jar,2.095,USD,Per Piece,5%,,FOB,Vietnam,Vietnam,Confectionery,Live,Approved,GG Concept,2026-08-11,GG Concept / Candy,SKU 212T004; pack 560g x 6 Jars; CBM 0.021; FOB Ho Chi Minh
Fisherman's,Fisherman's Friend Sugarfree Candy Apple & Cinnamon 22g,,,288,Piece,0.8262,USD,Per Piece,5%,,FOB,Vietnam,Vietnam,Confectionery,Live,Approved,GG Concept,2026-08-11,GG Concept / Candy,SKU 212W001A; pack 22g x 24 Packs x 12 Boxes; CBM 0.033; FOB Ho Chi Minh
Fisherman's,Fisherman's Friend Sugarfree Candy Spearmint 25g,,,288,Piece,0.8262,USD,Per Piece,5%,,FOB,Vietnam,Vietnam,Confectionery,Live,Approved,GG Concept,2026-08-11,GG Concept / Candy,SKU 212W002; pack 25g x 24 Packs x 12 Boxes; CBM 0.033; FOB Ho Chi Minh
Fisherman's,Fisherman's Friend Sugarfree Candy Citrus 25g,,,288,Piece,0.8262,USD,Per Piece,5%,,FOB,Vietnam,Vietnam,Confectionery,Live,Approved,GG Concept,2026-08-11,GG Concept / Candy,SKU 212W003; pack 25g x 24 Packs x 12 Boxes; CBM 0.033; FOB Ho Chi Minh
Fisherman's,Fisherman's Friend Sugarfree Candy Mint 25g,,,288,Piece,0.8262,USD,Per Piece,5%,,FOB,Vietnam,Vietnam,Confectionery,Live,Approved,GG Concept,2026-08-11,GG Concept / Candy,SKU 212W004; pack 25g x 24 Packs x 12 Boxes; CBM 0.033; FOB Ho Chi Minh
Fisherman's,Fisherman's Friend Sugarfree Candy Mandarin 22g,,,288,Piece,0.8262,USD,Per Piece,5%,,FOB,Vietnam,Vietnam,Confectionery,Live,Approved,GG Concept,2026-08-11,GG Concept / Candy,SKU 212W005A; pack 22g x 24 Packs x 12 Boxes; CBM 0.033; FOB Ho Chi Minh
Fisherman's,Fisherman's Friend Sugarfree Candy Cherry 22g,,,288,Piece,0.8262,USD,Per Piece,5%,,FOB,Vietnam,Vietnam,Confectionery,Live,Approved,GG Concept,2026-08-11,GG Concept / Candy,SKU 212W007; pack 22g x 24 Packs x 12 Boxes; CBM 0.033; FOB Ho Chi Minh
Fisherman's,Fisherman's Friend Sugarfree Candy Menthol & Eucalyptus 22g,,,288,Piece,0.8262,USD,Per Piece,5%,,FOB,Vietnam,Vietnam,Confectionery,Live,Approved,GG Concept,2026-08-11,GG Concept / Candy,SKU 212W008; pack 22g x 24 Packs x 12 Boxes; CBM 0.033; FOB Ho Chi Minh
Fisherman's,Fisherman's Friend Sugarfree Candy Blackcurrant 22g,,,288,Piece,0.8262,USD,Per Piece,5%,,FOB,Vietnam,Vietnam,Confectionery,Live,Approved,GG Concept,2026-08-11,GG Concept / Candy,SKU 212W009; pack 22g x 24 Packs x 12 Boxes; CBM 0.033; FOB Ho Chi Minh
Fisherman's,Fisherman's Friend Sugarfree Candy Honey & Lemon 22g,,,288,Piece,0.8262,USD,Per Piece,5%,,FOB,Vietnam,Vietnam,Confectionery,Live,Approved,GG Concept,2026-08-11,GG Concept / Candy,SKU 212W010; pack 22g x 24 Packs x 12 Boxes; CBM 0.033; FOB Ho Chi Minh
Kinder,Kinder Joy Chocolate Egg For Kid Boy 20g,,,72,Piece,1.535,USD,Per Piece,5%,,FOB,Vietnam,Vietnam,Confectionery,Live,Approved,GG Concept,2026-08-11,GG Concept / Candy,SKU 261J001; pack 20g x 72 Pcs; CBM 0.057; FOB Ho Chi Minh
Kinder,Kinder Joy Chocolate Egg For Kid Girl 20g,,,72,Piece,1.535,USD,Per Piece,5%,,FOB,Vietnam,Vietnam,Confectionery,Live,Approved,GG Concept,2026-08-11,GG Concept / Candy,SKU 261J002; pack 20g x 72 Pcs; CBM 0.057; FOB Ho Chi Minh
Kinder,Kinder Joy Chocolate Egg For Kid Boy 60g,,,32,Piece,3.2322,USD,Per Piece,5%,,FOB,Vietnam,Vietnam,Confectionery,Live,Approved,GG Concept,2026-08-11,GG Concept / Candy,SKU 261J004; pack 60g ( 20g x 3 Pcs) x 32 Block; CBM 0.057; FOB Ho Chi Minh
Kinder,Kinder Joy Chocolate Egg For Kid Girl 60g,,,32,Piece,3.2322,USD,Per Piece,5%,,FOB,Vietnam,Vietnam,Confectionery,Live,Approved,GG Concept,2026-08-11,GG Concept / Candy,SKU 261J005; pack 60g ( 20g x 3 Pcs) x 32 Block; CBM 0.057; FOB Ho Chi Minh
Kinder,Kinder Bueno Chocolate Hazenut 43g,,,120,Piece,1.2875,USD,Per Piece,5%,,FOB,Vietnam,Vietnam,Confectionery,Live,Approved,GG Concept,2026-08-11,GG Concept / Candy,SKU 261J003; pack 43g x 120 Bars; CBM 0.03; FOB Ho Chi Minh
Tictac,Tictac Peppermint Candy 14.5g,,,288,Jar,0.4847,USD,Per Piece,5%,,FOB,Vietnam,Vietnam,Confectionery,Live,Approved,GG Concept,2026-08-11,GG Concept / Candy,SKU 261H001; pack 14.5g x 12 Jars x 24 Blocks; CBM 0.017; FOB Ho Chi Minh
Tictac,Tictac Orange Candy 14.5g,,,288,Jar,0.4847,USD,Per Piece,5%,,FOB,Vietnam,Vietnam,Confectionery,Live,Approved,GG Concept,2026-08-11,GG Concept / Candy,SKU 261H002; pack 14.5g x 12 Jars x 24 Blocks; CBM 0.017; FOB Ho Chi Minh
Tictac,Tictac Strawberry & Strawberry Mint Candy 14.5g,,,288,Jar,0.4847,USD,Per Piece,5%,,FOB,Vietnam,Vietnam,Confectionery,Live,Approved,GG Concept,2026-08-11,GG Concept / Candy,SKU 261H003; pack 14.5g x 12 Jars x 24 Blocks; CBM 0.017; FOB Ho Chi Minh
Tictac,Tictac Spearmint Candy 14.5g,,,288,Jar,0.4847,USD,Per Piece,5%,,FOB,Vietnam,Vietnam,Confectionery,Live,Approved,GG Concept,2026-08-11,GG Concept / Candy,SKU 261H004; pack 14.5g x 12 Jars x 24 Blocks; CBM 0.017; FOB Ho Chi Minh
Oreo,Oreo Vanilla Wafer Roll 54g,,,20,Piece,0.4193,USD,Per Piece,5%,,FOB,Vietnam,Vietnam,Confectionery,Live,Approved,GG Concept,2026-08-11,GG Concept / Biscuits,SKU 211A014; pack 54g x 20 Boxes; CBM 0.012; FOB Ho Chi Minh
Oreo,Oreo Chocolate Wafer Roll 54g,,,20,Piece,0.4193,USD,Per Piece,5%,,FOB,Vietnam,Vietnam,Confectionery,Live,Approved,GG Concept,2026-08-11,GG Concept / Biscuits,SKU 211A015; pack 54g x 20 Boxes; CBM 0.012; FOB Ho Chi Minh
Oreo,Oreo Cookies Mini Vanilla 58.4g,,,24,Piece,0.5444,USD,Per Piece,5%,,FOB,Vietnam,Vietnam,Confectionery,Live,Approved,GG Concept,2026-08-11,GG Concept / Biscuits,SKU 211A052B; pack 58.4g x 24 Bags; CBM 0.025; FOB Ho Chi Minh
Oreo,Oreo Cookies Mini Chocolate 58.4g,,,24,Piece,0.5444,USD,Per Piece,5%,,FOB,Vietnam,Vietnam,Confectionery,Live,Approved,GG Concept,2026-08-11,GG Concept / Biscuits,SKU 211A076; pack 58.4g x 24 Bags; CBM 0.025; FOB Ho Chi Minh
Oreo,Oreo BTS Biscuit Vanilla Activation 236.25g,,,12,Piece,0.9705,USD,Per Piece,5%,,FOB,Vietnam,Vietnam,Confectionery,Live,Approved,GG Concept,2026-08-11,GG Concept / Biscuits,SKU 211A080; pack 236.25g x 12 Boxes; CBM 0.009; FOB Ho Chi Minh
Oreo,Oreo BTS Cookies Mini Vanilla Activation 58.4g,,,24,Piece,0.5444,USD,Per Piece,5%,,FOB,Vietnam,Vietnam,Confectionery,Live,Approved,GG Concept,2026-08-11,GG Concept / Biscuits,SKU 211A052C; pack 58.4g x 24 Bags; CBM 0.025; FOB Ho Chi Minh
Oreo,Oreo BTS Biscuit Vanilla Activation 61.25g,,,24,Piece,0.1866,USD,Per Piece,5%,,FOB,Vietnam,Vietnam,Confectionery,Live,Approved,GG Concept,2026-08-11,GG Concept / Biscuits,SKU 211A001C; pack 61.25g x 24 Packs; CBM 0.007; FOB Ho Chi Minh
Oreo,Oreo BTS Biscuit Vanilla Activation 105g,,,24,Piece,0.4872,USD,Per Piece,5%,,FOB,Vietnam,Vietnam,Confectionery,Live,Approved,GG Concept,2026-08-11,GG Concept / Biscuits,SKU 211A055C; pack 105g x 24 Packs; CBM 0.009; FOB Ho Chi Minh
Oreo,Oreo BTS Biscuit Vanilla Iconic 270.6g,,,12,Piece,1.5462,USD,Per Piece,5%,,FOB,Vietnam,Vietnam,Confectionery,Live,Approved,GG Concept,2026-08-11,GG Concept / Biscuits,SKU 211A006B; pack 270.6g x 12 Boxes; CBM 0.038; FOB Ho Chi Minh
Oreo,Oreo Biscuit Vanilla Cream 61.25g,,,24,Piece,0.1866,USD,Per Piece,5%,,FOB,Vietnam,Vietnam,Confectionery,Live,Approved,GG Concept,2026-08-11,GG Concept / Biscuits,SKU 211A001A; pack 61.25g x 24 Packs; CBM 0.007; FOB Ho Chi Minh
Oreo,Oreo Biscuit Chocolate Cream 61.25g,,,24,Piece,0.1866,USD,Per Piece,5%,,FOB,Vietnam,Vietnam,Confectionery,Live,Approved,GG Concept,2026-08-11,GG Concept / Biscuits,SKU 211A007B; pack 61.25g x 24 Packs; CBM 0.007; FOB Ho Chi Minh
Oreo,Oreo Biscuit Strawberry Cream 105g,,,24,Piece,0.4872,USD,Per Piece,5%,,FOB,Vietnam,Vietnam,Confectionery,Live,Approved,GG Concept,2026-08-11,GG Concept / Biscuits,SKU 211A058B; pack 105g x 24 Packs; CBM 0.009; FOB Ho Chi Minh
Oreo,Oreo Biscuit Vanilla 105g,,,24,Piece,0.4872,USD,Per Piece,5%,,FOB,Vietnam,Vietnam,Confectionery,Live,Approved,GG Concept,2026-08-11,GG Concept / Biscuits,SKU 211A055B; pack 105g x 24 Packs; CBM 0.009; FOB Ho Chi Minh
Oreo,Oreo Biscuit Brown Sugar Pancake Limited 105g,,,24,Piece,0.4872,USD,Per Piece,5%,,FOB,Vietnam,Vietnam,Confectionery,Live,Approved,GG Concept,2026-08-11,GG Concept / Biscuits,SKU 211A075; pack 105g x 24 Packs; CBM 0.009; FOB Ho Chi Minh
Oreo,Oreo Biscuit Chocolate 105g,,,24,Piece,0.4872,USD,Per Piece,5%,,FOB,Vietnam,Vietnam,Confectionery,Live,Approved,GG Concept,2026-08-11,GG Concept / Biscuits,SKU 211A057B; pack 105g x 24 Packs; CBM 0.009; FOB Ho Chi Minh
Oreo,Oreo Blueberry Ice Cream 105g,,,24,Piece,0.4872,USD,Per Piece,5%,,FOB,Vietnam,Vietnam,Confectionery,Live,Approved,GG Concept,2026-08-11,GG Concept / Biscuits,SKU 211A068B; pack 105g x 24 Packs; CBM 0.009; FOB Ho Chi Minh
Oreo,Oreo Cookies Mini Vanilla 204g,,,6,Piece,1.6423,USD,Per Piece,5%,,FOB,Vietnam,Vietnam,Confectionery,Live,Approved,GG Concept,2026-08-11,GG Concept / Biscuits,SKU 211A010; pack 20.4g x 10 Bag x 6 Boxes; CBM 0.016; FOB Ho Chi Minh
Oreo,Oreo Cookies Mini Chocolate 204g,,,6,Piece,1.6423,USD,Per Piece,5%,,FOB,Vietnam,Vietnam,Confectionery,Live,Approved,GG Concept,2026-08-11,GG Concept / Biscuits,SKU 211A011; pack 20.4g x 10 Bag x 6 Boxes; CBM 0.016; FOB Ho Chi Minh
Oreo,Oreo Biscuit Vanilla Cream 236.25g,,,12,Piece,0.9832,USD,Per Piece,5%,,FOB,Vietnam,Vietnam,Confectionery,Live,Approved,GG Concept,2026-08-11,GG Concept / Biscuits,SKU 211A018B; pack 26.25g x 9 Pcs x 12 Boxes; CBM 0.016; FOB Ho Chi Minh
Oreo,Oreo Vanila Flavor 270.6g,,,12,Piece,1.5462,USD,Per Piece,5%,,FOB,Vietnam,Vietnam,Confectionery,Live,Approved,GG Concept,2026-08-11,GG Concept / Biscuits,SKU 211A006A; pack 270.6g x 12 Boxes; CBM 0.038; FOB Ho Chi Minh
Cadbury,Cadbury Oreo Chocolate Pie 168g,,,12,Piece,1.034,USD,Per Piece,5%,,FOB,Vietnam,Vietnam,Confectionery,Live,Approved,GG Concept,2026-08-11,GG Concept / Biscuits,SKU 211A062; pack 168g x 12 Boxes; CBM 0.024; FOB Ho Chi Minh
Cadbury,Cadbury Oreo Chocolate Pie Strawberry 168g,,,12,Piece,1.034,USD,Per Piece,5%,,FOB,Vietnam,Vietnam,Confectionery,Live,Approved,GG Concept,2026-08-11,GG Concept / Biscuits,SKU 211A063; pack 168g x 12 Boxes; CBM 0.024; FOB Ho Chi Minh
Cadbury,Cadbury Oreo Chocolate Pie 336g,,,8,Piece,1.8667,USD,Per Piece,5%,,FOB,Vietnam,Vietnam,Confectionery,Live,Approved,GG Concept,2026-08-11,GG Concept / Biscuits,SKU 211A035; pack 336g x 8 Boxes; CBM 0.036; FOB Ho Chi Minh
Cadbury,Cadbury Oreo Chocolate Pie Strawberry 336g,,,8,Piece,1.8667,USD,Per Piece,5%,,FOB,Vietnam,Vietnam,Confectionery,Live,Approved,GG Concept,2026-08-11,GG Concept / Biscuits,SKU 211A040; pack 336g x 8 Boxes; CBM 0.036; FOB Ho Chi Minh
Oreo,Oreo Pie Red Velvet Chocolate 336g,,,8,Piece,1.85,USD,Per Piece,5%,,FOB,Vietnam,Vietnam,Confectionery,Live,Approved,GG Concept,2026-08-11,GG Concept / Biscuits,SKU 211A069; pack 336g x 8 Boxes; CBM 0.03; FOB Ho Chi Minh
Oreo,Oreo Cookie Crumb 1kg,,,8,Piece,4.3409,USD,Per Piece,5%,,FOB,Vietnam,Vietnam,Confectionery,Live,Approved,GG Concept,2026-08-11,GG Concept / Biscuits,SKU 211A074; pack 1kg x 8 Bags; CBM 0.055; FOB Ho Chi Minh
Orion,Orion ChocoPie Original 72.6g,,,48,Piece,0.3435,USD,Per Piece,5%,,FOB,Vietnam,Vietnam,Confectionery,Live,Approved,GG Concept,2026-08-11,GG Concept / Biscuits,SKU 211S003; pack 36.3g x 2 Pcs x 48 Boxes; CBM 0.032; FOB Ho Chi Minh
Orion,Orion ChocoPie Original 217.8g,,,16,Piece,1.1102,USD,Per Piece,5%,,FOB,Vietnam,Vietnam,Confectionery,Live,Approved,GG Concept,2026-08-11,GG Concept / Biscuits,SKU 211S002; pack 36.3g x 6 Pcs x 16 Boxes; CBM 0.031; FOB Ho Chi Minh
Orion,Orion ChocoPie Original 435.6g,,,8,Piece,2.0037,USD,Per Piece,5%,,FOB,Vietnam,Vietnam,Confectionery,Live,Approved,GG Concept,2026-08-11,GG Concept / Biscuits,SKU 211S001; pack 36.3g x 12 Pcs x 8 Boxes; CBM 0.028; FOB Ho Chi Minh
Orion,Orion ChocoPie Dark 12P,,,8,Piece,1.9977,USD,Per Piece,5%,,FOB,Vietnam,Vietnam,Confectionery,Live,Approved,GG Concept,2026-08-11,GG Concept / Biscuits,SKU 211S019; pack 33g x 12 Pcs x 8 Boxes; CBM 0.026; FOB Ho Chi Minh
Orion,Orion ChocoPie 726g,,,8,Piece,3.245,USD,Per Piece,5%,,FOB,Vietnam,Vietnam,Confectionery,Live,Approved,GG Concept,2026-08-11,GG Concept / Biscuits,SKU 211S021; pack 36.3g x 20 Pcs x 8 Boxes; CBM 0.042; FOB Ho Chi Minh
Orion,Orion ChocoPie Watermelon 336g,,,8,Piece,1.9644,USD,Per Piece,5%,,FOB,Vietnam,Vietnam,Confectionery,Live,Approved,GG Concept,2026-08-11,GG Concept / Biscuits,SKU 211S037; pack 28g x 12 Pcs x 8 Boxes; CBM 0.025; FOB Ho Chi Minh
Orion,Orion ChocoPie Strawberry 396g,,,8,Piece,1.9965,USD,Per Piece,5%,,FOB,Vietnam,Vietnam,Confectionery,Live,Approved,GG Concept,2026-08-11,GG Concept / Biscuits,SKU 211S069; pack 33g x 12 Pcs x 8 Boxes; CBM 0.025; FOB Ho Chi Minh
Orion,Orion ChocoPie Less Sugar 360g,,,8,Piece,2.1812,USD,Per Piece,5%,,FOB,Vietnam,Vietnam,Confectionery,Live,Approved,GG Concept,2026-08-11,GG Concept / Biscuits,SKU 211S064; pack 30g x 12 Pcs x 8 Boxes; CBM 0.026; FOB Ho Chi Minh
Orion,Orion Opera Pie 10P,,,8,Piece,1.8452,USD,Per Piece,5%,,FOB,Vietnam,Vietnam,Confectionery,Live,Approved,GG Concept,2026-08-11,GG Concept / Biscuits,SKU 211S008; pack 28g x 10 Pcs x 8 Boxes; CBM 0.032; FOB Ho Chi Minh
Orion,Orion Opera Pie 5P,,,10,Piece,0.9492,USD,Per Piece,5%,,FOB,Vietnam,Vietnam,Confectionery,Live,Approved,GG Concept,2026-08-11,GG Concept / Biscuits,SKU 211S062A; pack 28g x 5 Pcs x 10 Bags; CBM 0.007; FOB Ho Chi Minh
Orion,Orion ChocoPie 36.3g 100P,,,100,Piece,0.1492,USD,Per Piece,5%,,FOB,Vietnam,Vietnam,Confectionery,Live,Approved,GG Concept,2026-08-11,GG Concept / Biscuits,SKU 211S054; pack 36.3g x 100 PCS; CBM 0.028; FOB Ho Chi Minh
Orion,Orion Custas Cream 23.5g 100P,,,100,Piece,0.1479,USD,Per Piece,5%,,FOB,Vietnam,Vietnam,Confectionery,Live,Approved,GG Concept,2026-08-11,GG Concept / Biscuits,SKU 211S056; pack 23.5g x 100 PCS; CBM 0.028; FOB Ho Chi Minh
Orion,Orion Custas Tiramisu 23.5g,,,8,Piece,2.0287,USD,Per Piece,5%,,FOB,Vietnam,Vietnam,Confectionery,Live,Approved,GG Concept,2026-08-11,GG Concept / Biscuits,SKU 211S057; pack 23.5g x 12 Pcs x 8 Boxes; CBM 0.028; FOB Ho Chi Minh
Orion,Orion Custas Cream Green Rice 23.5g,,,8,Piece,2.0287,USD,Per Piece,5%,,FOB,Vietnam,Vietnam,Confectionery,Live,Approved,GG Concept,2026-08-11,GG Concept / Biscuits,SKU 211S058; pack 23.5g x 12 Pcs x 8 Boxes; CBM 0.028; FOB Ho Chi Minh
Orion,Orion Bong Bang Fish Cake Red bean Chocolate 145g,,,12,Piece,0.8609,USD,Per Piece,5%,,FOB,Vietnam,Vietnam,Confectionery,Live,Approved,GG Concept,2026-08-11,GG Concept / Biscuits,SKU 211S051; pack 145g x 12 Bags; CBM 0.024; FOB Ho Chi Minh
Orion,Orion Custas Cream Green Rice 282g,,,8,Piece,2.0692,USD,Per Piece,5%,,FOB,Vietnam,Vietnam,Confectionery,Live,Approved,GG Concept,2026-08-11,GG Concept / Biscuits,SKU 211S038; pack 23.5g x 12 Pcs x 8 Boxes; CBM 0.042; FOB Ho Chi Minh
Orion,Orion Custas Cream Egg 282g,,,8,Piece,2.0358,USD,Per Piece,5%,,FOB,Vietnam,Vietnam,Confectionery,Live,Approved,GG Concept,2026-08-11,GG Concept / Biscuits,SKU 211S005; pack 23.5g x 12 Pcs x 8 Boxes; CBM 0.03; FOB Ho Chi Minh
Orion,Orion Custas Tiramisu 282g,,,8,Piece,2.0358,USD,Per Piece,5%,,FOB,Vietnam,Vietnam,Confectionery,Live,Approved,GG Concept,2026-08-11,GG Concept / Biscuits,SKU 211S047; pack 23.5g x 12 Pcs x 8 Boxes; CBM 0.031; FOB Ho Chi Minh
Orion,Orion Custas Cream Egg 47g,,,48,Piece,0.3308,USD,Per Piece,5%,,FOB,Vietnam,Vietnam,Confectionery,Live,Approved,GG Concept,2026-08-11,GG Concept / Biscuits,SKU 211S032; pack 23.5g x 2 Pcs x 48 Boxes; CBM 0.034; FOB Ho Chi Minh
Orion,Orion Custas Cream Egg 141g,,,16,Piece,1.0745,USD,Per Piece,5%,,FOB,Vietnam,Vietnam,Confectionery,Live,Approved,GG Concept,2026-08-11,GG Concept / Biscuits,SKU 211S006; pack 23g x 6 Pcs x 16 Boxes; CBM 0.031; FOB Ho Chi Minh
Orion,Orion Custas Cream Egg 460g,,,8,Piece,3.2378,USD,Per Piece,5%,,FOB,Vietnam,Vietnam,Confectionery,Live,Approved,GG Concept,2026-08-11,GG Concept / Biscuits,SKU 211S007; pack 23g x 20Pcs x 8 Boxes; CBM 0.042; FOB Ho Chi Minh
Orion,Orion Custas Cream Green Rice 141g,,,16,Piece,1.0745,USD,Per Piece,5%,,FOB,Vietnam,Vietnam,Confectionery,Live,Approved,GG Concept,2026-08-11,GG Concept / Biscuits,SKU 211S059; pack 23.5g x 6Pcs x 16 Boxes; CBM 0.031; FOB Ho Chi Minh
Orion,Orion Custas Strawberry With Raspberry And Blueberry Filling 23.5g,,,8,Piece,2.0382,USD,Per Piece,5%,,FOB,Vietnam,Vietnam,Confectionery,Live,Approved,GG Concept,2026-08-11,GG Concept / Biscuits,SKU 211S071; pack 23.5g x 12Pcs x 8 Boxes; CBM 0.031; FOB Ho Chi Minh
Orion,Orion Goute Sweet Crispy Cracker 288g,,,8,Piece,1.6022,USD,Per Piece,5%,,FOB,Vietnam,Vietnam,Confectionery,Live,Approved,GG Concept,2026-08-11,GG Concept / Biscuits,SKU 211S013; pack 288g x 8 Boxes; CBM 0.025; FOB Ho Chi Minh
Orion,Orion Goute Sweet Crispy Cracker 158.4g,,,16,Piece,0.9143,USD,Per Piece,5%,,FOB,Vietnam,Vietnam,Confectionery,Live,Approved,GG Concept,2026-08-11,GG Concept / Biscuits,SKU 211S014; pack 158.4g x 16 Boxes; CBM 0.026; FOB Ho Chi Minh
Strawberry,Strawberry Goute Biscuit 20g,,,8,Piece,1.5272,USD,Per Piece,5%,,FOB,Vietnam,Vietnam,Confectionery,Live,Approved,GG Concept,2026-08-11,GG Concept / Biscuits,SKU 211S070; pack 20g x 16 Bags x 8 Boxes; CBM 0.026; FOB Ho Chi Minh
Orion,Orion An Rice Cracker Original 151.2g,,,20,Piece,0.6037,USD,Per Piece,5%,,FOB,Vietnam,Vietnam,Confectionery,Live,Approved,GG Concept,2026-08-11,GG Concept / Biscuits,SKU 211S022; pack 151.2g (14 pcs) x 20 Bags; CBM 0.064; FOB Ho Chi Minh
Orion,Orion An Rice Cracker Seaweed 111.3g,,,20,Piece,0.6037,USD,Per Piece,5%,,FOB,Vietnam,Vietnam,Confectionery,Live,Approved,GG Concept,2026-08-11,GG Concept / Biscuits,SKU 211S025; pack 111.3g (14 pcs) x 20 Bags; CBM 0.064; FOB Ho Chi Minh
Orion,Orion An Rice Cracker Potato and Cheese 100.8g,,,20,Piece,0.5851,USD,Per Piece,5%,,FOB,Vietnam,Vietnam,Confectionery,Live,Approved,GG Concept,2026-08-11,GG Concept / Biscuits,SKU 211S041; pack 100.8g (14 pcs) x 20 Bags; CBM 0.048; FOB Ho Chi Minh
Orion,Orion An Rice Grilled Ribs Flavor 105.8g,,,20,Piece,0.5861,USD,Per Piece,5%,,FOB,Vietnam,Vietnam,Confectionery,Live,Approved,GG Concept,2026-08-11,GG Concept / Biscuits,SKU 211S067; pack 105.8g (14 pcs) x 20 Bags; CBM 0.049; FOB Ho Chi Minh
Orion,Orion Miz Chocolate Biscuit 54g,,,20,Piece,0.3474,USD,Per Piece,5%,,FOB,Vietnam,Vietnam,Confectionery,Live,Approved,GG Concept,2026-08-11,GG Concept / Biscuits,SKU 211S027; pack 54g x 20 Boxes; CBM 0.019; FOB Ho Chi Minh
C'est,C'est Bon Breakfast Cake - Chicken 85g,,,20,Piece,0.6804,USD,Per Piece,5%,,FOB,Vietnam,Vietnam,Confectionery,Live,Approved,GG Concept,2026-08-11,GG Concept / Biscuits,SKU 211S034; pack 85g x 20 Bags; CBM 0.027; FOB Ho Chi Minh
C'est,C'est Bon Breakfast Cake - Cream Cheese 85g,,,20,Piece,0.6814,USD,Per Piece,5%,,FOB,Vietnam,Vietnam,Confectionery,Live,Approved,GG Concept,2026-08-11,GG Concept / Biscuits,SKU 211S035; pack 85g x 20 Bags; CBM 0.028; FOB Ho Chi Minh
C'est,C'est Bon Breakfast Cake - Baguette 180g,,,10,Piece,1.1245,USD,Per Piece,5%,,FOB,Vietnam,Vietnam,Confectionery,Live,Approved,GG Concept,2026-08-11,GG Concept / Biscuits,SKU 211S045; pack 180g x 10 Bags; CBM 0.041; FOB Ho Chi Minh
Orion,Orion An Rice Cracker Meat Floss 145.6g,,,10,Piece,1.3466,USD,Per Piece,5%,,FOB,Vietnam,Vietnam,Confectionery,Live,Approved,GG Concept,2026-08-11,GG Concept / Biscuits,SKU 211S046; pack 145.6g x 10 Bags; CBM 0.039; FOB Ho Chi Minh
Orion,Orion ChocoPie Dark 6P,,,16,Piece,1.0727,USD,Per Piece,5%,,FOB,Vietnam,Vietnam,Confectionery,Live,Approved,GG Concept,2026-08-11,GG Concept / Biscuits,SKU 211S029; pack 33g x 6 Pcs x 16 Boxes; CBM 0.028; FOB Ho Chi Minh
Orion,Orion An Rice Cracker Sesame 115.2g,,,20,Piece,0.6376,USD,Per Piece,5%,,FOB,Vietnam,Vietnam,Confectionery,Live,Approved,GG Concept,2026-08-11,GG Concept / Biscuits,SKU 211S049; pack 115.2g (12 pcs) x 20 Bags; CBM 0.064; FOB Ho Chi Minh
Marine,Marine Boy BBQ Chicken Flavored 35g,,,20,Piece,0.3683,USD,Per Piece,5%,,FOB,Vietnam,Vietnam,Confectionery,Live,Approved,GG Concept,2026-08-11,GG Concept / Biscuits,SKU 211S065; pack 35g x 20 Boxes; CBM 0.039; FOB Ho Chi Minh
Marine,Marine Boy Shrimp Flavoved 35g,,,20,Piece,0.3683,USD,Per Piece,5%,,FOB,Vietnam,Vietnam,Confectionery,Live,Approved,GG Concept,2026-08-11,GG Concept / Biscuits,SKU 211S066; pack 35g x 20 Boxes; CBM 0.039; FOB Ho Chi Minh
Marine,Marine Boy Seaweed Flavored Biscuits 35g,,,20,Piece,0.3683,USD,Per Piece,5%,,FOB,Vietnam,Vietnam,Confectionery,Live,Approved,GG Concept,2026-08-11,GG Concept / Biscuits,SKU 211S068; pack 35g x 20 Boxes; CBM 0.039; FOB Ho Chi Minh
Meiji,Meiji Yan Yan Chocolate Biscuits Snack 50g,,,80,Piece,0.7601,USD,Per Piece,5%,,FOB,Vietnam,Vietnam,Confectionery,Live,Approved,GG Concept,2026-08-11,GG Concept / Biscuits,SKU 211V006; pack 50g x 80 Cups; CBM 0.047; FOB Ho Chi Minh
Meiji,Meiji Yan Yan Vanilla Biscuits Snack 50g,,,80,Piece,0.7601,USD,Per Piece,5%,,FOB,Vietnam,Vietnam,Confectionery,Live,Approved,GG Concept,2026-08-11,GG Concept / Biscuits,SKU 211V007; pack 50g x 80 Cups; CBM 0.047; FOB Ho Chi Minh
Meiji,Meiji Yan Yan Strawberry Biscuits Snack 50g,,,80,Piece,0.76,USD,Per Piece,5%,,FOB,Vietnam,Vietnam,Confectionery,Live,Approved,GG Concept,2026-08-11,GG Concept / Biscuits,SKU 211V008; pack 50g x 80 Cups; CBM 0.047; FOB Ho Chi Minh
Meiji,Meiji Yan Yan Cookies And Cream Biscuits Snack 44g (New),,,80,Piece,0.7601,USD,Per Piece,5%,,FOB,Vietnam,Vietnam,Confectionery,Live,Approved,GG Concept,2026-08-11,GG Concept / Biscuits,SKU 211V034; pack 44g x 80 Cups; CBM 0.047; FOB Ho Chi Minh
Meiji,Meiji Yan Yan Double Chocolate and Strawberry Biscuits Snack 44g,,,80,Piece,0.7516,USD,Per Piece,5%,,FOB,Vietnam,Vietnam,Confectionery,Live,Approved,GG Concept,2026-08-11,GG Concept / Biscuits,SKU 211V009; pack 44g x 80 Cups; CBM 0.047; FOB Ho Chi Minh
Meiji,Meiji Yan Yan Hazelnut - Cocoa Biscuits Snack 44g,,,80,Piece,0.7516,USD,Per Piece,5%,,FOB,Vietnam,Vietnam,Confectionery,Live,Approved,GG Concept,2026-08-11,GG Concept / Biscuits,SKU 211V033; pack 44g x 80 Cups; CBM 0.047; FOB Ho Chi Minh
Meiji,Meiji Hello Panda Chocolate Biscuits 40g,,,80,Piece,0.6804,USD,Per Piece,5%,,FOB,Vietnam,Vietnam,Confectionery,Live,Approved,GG Concept,2026-08-11,GG Concept / Biscuits,SKU 211V001; pack 40g x 80 Boxes; CBM 0.044; FOB Ho Chi Minh
Meiji,Meiji Hello Panda Milk Biscuits 40g,,,80,Piece,0.6804,USD,Per Piece,5%,,FOB,Vietnam,Vietnam,Confectionery,Live,Approved,GG Concept,2026-08-11,GG Concept / Biscuits,SKU 211V002; pack 40g x 80 Boxes; CBM 0.044; FOB Ho Chi Minh
Meiji,Meiji Hello Panda Strawberry Biscuits 40g,,,80,Piece,0.6804,USD,Per Piece,5%,,FOB,Vietnam,Vietnam,Confectionery,Live,Approved,GG Concept,2026-08-11,GG Concept / Biscuits,SKU 211V003; pack 40g x 80 Boxes; CBM 0.044; FOB Ho Chi Minh
Meiji,Meiji Hello Panda Double Chocolate Biscuits 40g,,,80,Piece,0.6804,USD,Per Piece,5%,,FOB,Vietnam,Vietnam,Confectionery,Live,Approved,GG Concept,2026-08-11,GG Concept / Biscuits,SKU 211V005; pack 40g x 80 Boxes; CBM 0.044; FOB Ho Chi Minh
Meiji,Meiji Hello Panda Caramel Biscuit 40g,,,80,Piece,0.6868,USD,Per Piece,5%,,FOB,Vietnam,Vietnam,Confectionery,Live,Approved,GG Concept,2026-08-11,GG Concept / Biscuits,SKU 211V032; pack 40g x 80 Boxes; CBM 0.044; FOB Ho Chi Minh
Meiji,Meiji Plain Cracker 52g,,,40,Piece,0.9961,USD,Per Piece,5%,,FOB,Vietnam,Vietnam,Confectionery,Live,Approved,GG Concept,2026-08-11,GG Concept / Biscuits,SKU 211V018; pack 52g x 40 Boxes; CBM 0.035; FOB Ho Chi Minh
Meiji,Meiji Plain Cracker 104g,,,40,Piece,1.6013,USD,Per Piece,5%,,FOB,Vietnam,Vietnam,Confectionery,Live,Approved,GG Concept,2026-08-11,GG Concept / Biscuits,SKU 211V016; pack 104g x 40 Boxes; CBM 0.043; FOB Ho Chi Minh
Meiji,Meiji Plain Cracker With Oat 52g,,,40,Piece,0.9897,USD,Per Piece,5%,,FOB,Vietnam,Vietnam,Confectionery,Live,Approved,GG Concept,2026-08-11,GG Concept / Biscuits,SKU 211V027; pack 52g x 40 Boxes; CBM 0.024; FOB Ho Chi Minh
Meiji,Meiji Plain with Oat Cracker 104g,,,40,Piece,1.6006,USD,Per Piece,5%,,FOB,Vietnam,Vietnam,Confectionery,Live,Approved,GG Concept,2026-08-11,GG Concept / Biscuits,SKU 211V017; pack 104g x 40 Boxes; CBM 0.042; FOB Ho Chi Minh
Meiji,Meiji Sesame Stick Crackers 290g,,,10,Piece,4.4286,USD,Per Piece,5%,,FOB,Vietnam,Vietnam,Confectionery,Live,Approved,GG Concept,2026-08-11,GG Concept / Biscuits,SKU 211V020; pack 290g x 10 Boxes; CBM 0.04; FOB Ho Chi Minh
Lucky,Lucky Chocolate Stick 45g,,,80,Piece,0.7032,USD,Per Piece,5%,,FOB,Vietnam,Vietnam,Confectionery,Live,Approved,GG Concept,2026-08-11,GG Concept / Biscuits,SKU 211V021; pack 45g x 10 Boxes x 8 Blocks; CBM 0.035; FOB Ho Chi Minh
Lucky,Lucky Strawberry Stick 45g,,,80,Piece,0.7001,USD,Per Piece,5%,,FOB,Vietnam,Vietnam,Confectionery,Live,Approved,GG Concept,2026-08-11,GG Concept / Biscuits,SKU 211V022; pack 45g x 10 Boxes x 8 Blocks; CBM 0.024; FOB Ho Chi Minh
Lotte,Lotte ChocoPie Cocoa 12P 336g,,,8,Piece,2.4444,USD,Per Piece,5%,,FOB,Vietnam,Vietnam,Confectionery,Live,Approved,GG Concept,2026-08-11,GG Concept / Biscuits,SKU 211T010; pack 28g x 12 Packs x 8 Boxes; CBM 0.026; FOB Ho Chi Minh
Lotte,Lotte ChocoPie Original 12P 336g,,,8,Piece,2.4444,USD,Per Piece,5%,,FOB,Vietnam,Vietnam,Confectionery,Live,Approved,GG Concept,2026-08-11,GG Concept / Biscuits,SKU 211T011; pack 28g x 12 Packs x 8 Boxes; CBM 0.026; FOB Ho Chi Minh
Lotte,Lotte ChocoPie Milk Tea 12P 336g,,,8,Piece,2.6136,USD,Per Piece,5%,,FOB,Vietnam,Vietnam,Confectionery,Live,Approved,GG Concept,2026-08-11,GG Concept / Biscuits,SKU 211T012; pack 28g x 12 Packs x 8 Boxes; CBM 0.026; FOB Ho Chi Minh
Lotte,Lotte ChocoPie Cocoa 6P 168g,,,16,Piece,1.3074,USD,Per Piece,5%,,FOB,Vietnam,Vietnam,Confectionery,Live,Approved,GG Concept,2026-08-11,GG Concept / Biscuits,SKU 211T014; pack 28g x 6 Packs x 16 Boxes; CBM 0.026; FOB Ho Chi Minh
Lotte,Lotte Pepero Choco Cookie 32g,,,40,Piece,1.0028,USD,Per Piece,5%,,FOB,Vietnam,Vietnam,Confectionery,Live,Approved,GG Concept,2026-08-11,GG Concept / Biscuits,SKU 211I014; pack 32g x 40 Boxes; CBM 0.033; FOB Ho Chi Minh
Lotte,Lotte Pepero Chocolate 47g,,,40,Piece,0.9835,USD,Per Piece,5%,,FOB,Vietnam,Vietnam,Confectionery,Live,Approved,GG Concept,2026-08-11,GG Concept / Biscuits,SKU 211I016; pack 47g x 40 Boxes; CBM 0.033; FOB Ho Chi Minh
Lotte,Lotte Pepero White Cookie 32g,,,40,Piece,1.0028,USD,Per Piece,5%,,FOB,Vietnam,Vietnam,Confectionery,Live,Approved,GG Concept,2026-08-11,GG Concept / Biscuits,SKU 211I017; pack 32g x 40 Boxes; CBM 0.033; FOB Ho Chi Minh
Lotte,Lotte Pepero Hazenut Cookie 32g,,,40,Piece,0.9835,USD,Per Piece,5%,,FOB,Vietnam,Vietnam,Confectionery,Live,Approved,GG Concept,2026-08-11,GG Concept / Biscuits,SKU 211I018; pack 32g x 40 Boxes; CBM 0.033; FOB Ho Chi Minh
Lotte,Lotte Pepero Pepero Crunky 39g,,,40,Piece,1.0028,USD,Per Piece,5%,,FOB,Vietnam,Vietnam,Confectionery,Live,Approved,GG Concept,2026-08-11,GG Concept / Biscuits,SKU 211I021; pack 39g x 40 Boxes; CBM 0.033; FOB Ho Chi Minh
Lotte,Lotte Kancho Chocolate 42g,,,32,Piece,0.4226,USD,Per Piece,5%,,FOB,Vietnam,Vietnam,Confectionery,Live,Approved,GG Concept,2026-08-11,GG Concept / Biscuits,SKU 211T007; pack 42g x 32 Boxes; CBM 0.018; FOB Ho Chi Minh
Lotte,Lotte Pepero Almond & chocolate 36g x 40 Box,,,40,Piece,0.9456,USD,Per Piece,5%,,FOB,Vietnam,Vietnam,Confectionery,Live,Approved,GG Concept,2026-08-11,GG Concept / Biscuits,SKU 211T001; pack 32g x 40 Boxes; CBM 0.018; FOB Ho Chi Minh
Toppo,Toppo Chocolate Biscuits Stick 40g,,,60,Piece,0.6198,USD,Per Piece,5%,,FOB,Vietnam,Vietnam,Confectionery,Live,Approved,GG Concept,2026-08-11,GG Concept / Biscuits,SKU 211T018; pack 40g x 60 Boxes; CBM 0.018; FOB Ho Chi Minh
Lotte,Lotte Pepero Biscuits & chocolate 47g,,,40,Piece,0.0098,USD,Per Piece,5%,,FOB,Vietnam,Vietnam,Confectionery,Live,Approved,GG Concept,2026-08-11,GG Concept / Biscuits,SKU 211T003; pack 47g x 40 Box; CBM 0.018; FOB Ho Chi Minh
Lotte,Lotte Chocolat Original 339.6g,,,8,Piece,1.6666,USD,Per Piece,5%,,FOB,Vietnam,Vietnam,Confectionery,Live,Approved,GG Concept,2026-08-11,GG Concept / Biscuits,SKU 219Q001; pack 339.6g x 8 Boxes; CBM 0.03; FOB Ho Chi Minh
Lotte,Lotte Chocolat Green Tea 339.6g,,,8,Piece,1.6666,USD,Per Piece,5%,,FOB,Vietnam,Vietnam,Confectionery,Live,Approved,GG Concept,2026-08-11,GG Concept / Biscuits,SKU 219Q002; pack 339.6g x 8 Boxes; CBM 0.03; FOB Ho Chi Minh
Lotte,Lotte Chocolat Cheese 324g,,,8,Piece,1.6666,USD,Per Piece,5%,,FOB,Vietnam,Vietnam,Confectionery,Live,Approved,GG Concept,2026-08-11,GG Concept / Biscuits,SKU 219Q003; pack 324g x 8 Boxes; CBM 0.03; FOB Ho Chi Minh
Lotte,Lotte Chocolat Chocolate 324g,,,8,Piece,1.6666,USD,Per Piece,5%,,FOB,Vietnam,Vietnam,Confectionery,Live,Approved,GG Concept,2026-08-11,GG Concept / Biscuits,SKU 219Q004; pack 324g x 8 Boxes; CBM 0.03; FOB Ho Chi Minh
Pocky,Pocky Chocolate Biscuit Stick 40g,,,120,Piece,0.5815,USD,Per Piece,5%,,FOB,Vietnam,Vietnam,Confectionery,Live,Approved,GG Concept,2026-08-11,GG Concept / Biscuits,SKU 211Z001A; pack 40g x 10 Boxes x 12 Blocks; CBM 0.035; FOB Ho Chi Minh
Pocky,Pocky Strawberry Biscuit Stick 38g,,,120,Piece,0.5814,USD,Per Piece,5%,,FOB,Vietnam,Vietnam,Confectionery,Live,Approved,GG Concept,2026-08-11,GG Concept / Biscuits,SKU 211Z002; pack 38g x 10 Boxes x 12 Blocks; CBM 0.035; FOB Ho Chi Minh
Pocky,Pocky Rose Flavor Biscuit Sticks 31g,,,60,Piece,0.7116,USD,Per Piece,5%,,FOB,Vietnam,Vietnam,Confectionery,Live,Approved,GG Concept,2026-08-11,GG Concept / Biscuits,SKU 211Z012; pack 31g x 10 Boxes x 6 Blocks; CBM 0.024; FOB Ho Chi Minh
Pocky,Pocky Cookies & Cream Biscuit Stick 40g,,,120,Piece,0.5815,USD,Per Piece,5%,,FOB,Vietnam,Vietnam,Confectionery,Live,Approved,GG Concept,2026-08-11,GG Concept / Biscuits,SKU 211Z003A; pack 40g x 10 Boxes x 12 Blocks; CBM 0.035; FOB Ho Chi Minh
Pocky,Pocky Matcha Biscuit Stick 35g,,,120,Piece,0.5814,USD,Per Piece,5%,,FOB,Vietnam,Vietnam,Confectionery,Live,Approved,GG Concept,2026-08-11,GG Concept / Biscuits,SKU 211Z004; pack 35g x 10 Boxes x 12 Blocks; CBM 0.035; FOB Ho Chi Minh
Pocky,Pocky Double Choco Biscuit Stick 39g,,,120,Piece,0.5823,USD,Per Piece,5%,,FOB,Vietnam,Vietnam,Confectionery,Live,Approved,GG Concept,2026-08-11,GG Concept / Biscuits,SKU 211Z005A; pack 39g x 10 Boxes x 12 Blocks; CBM 0.039; FOB Ho Chi Minh
Pocky,Pocky Crushed Fruit Strawberry and Peach Yoghurt Biscuit Stick 38g,,,60,Piece,0.7159,USD,Per Piece,5%,,FOB,Vietnam,Vietnam,Confectionery,Live,Approved,GG Concept,2026-08-11,GG Concept / Biscuits,SKU 211Z010A; pack 38g x 10 Boxes x 6 Blocks; CBM 0.018; FOB Ho Chi Minh
Pocky,Pocky Crushed Fruit Blueberries Yoghurt Biscuit Stick 38g,,,60,Piece,0.7181,USD,Per Piece,5%,,FOB,Vietnam,Vietnam,Confectionery,Live,Approved,GG Concept,2026-08-11,GG Concept / Biscuits,SKU 211Z011A; pack 38g x 10 Boxes x 6 Blocks; CBM 0.024; FOB Ho Chi Minh
Pejoy,Pejoy Chocolate Biscuit Stick 33g,,,60,Piece,0.6121,USD,Per Piece,5%,,FOB,Vietnam,Vietnam,Confectionery,Live,Approved,GG Concept,2026-08-11,GG Concept / Biscuits,SKU 219B001; pack 33g x 10 Boxes x 6 Blocks; CBM 0.014; FOB Ho Chi Minh
Pejoy,Pejoy Cookies & Cream Milkshake Biscuit Stick 33g,,,60,Piece,0.6121,USD,Per Piece,5%,,FOB,Vietnam,Vietnam,Confectionery,Live,Approved,GG Concept,2026-08-11,GG Concept / Biscuits,SKU 219B002; pack 33g x 10 Boxes x 6 Blocks; CBM 0.014; FOB Ho Chi Minh
Pejoy,Pejoy Green Tea Matcha Latte Biscuit Stick 33g,,,60,Piece,0.6121,USD,Per Piece,5%,,FOB,Vietnam,Vietnam,Confectionery,Live,Approved,GG Concept,2026-08-11,GG Concept / Biscuits,SKU 219B003; pack 33g x 10 Boxes x 6 Blocks; CBM 0.014; FOB Ho Chi Minh
Pejoy,Pejoy Biscuit Sticks with Choco Mint Cream Filling,,,60,Piece,0.6121,USD,Per Piece,5%,,FOB,Vietnam,Vietnam,Confectionery,Live,Approved,GG Concept,2026-08-11,GG Concept / Biscuits,SKU 211Z013; pack 33g x 10 Boxes x 6 Blocks; CBM 0.014; FOB Ho Chi Minh
Pretz,Pretz BBQ Chicken Flavour Biscuit Stick 31g,,,120,Piece,0.3966,USD,Per Piece,5%,,FOB,Vietnam,Vietnam,Confectionery,Live,Approved,GG Concept,2026-08-11,GG Concept / Biscuits,SKU 219C001; pack 31g x 10 Boxes x 12 Blocks; CBM 0.044; FOB Ho Chi Minh
Pretz,Pretz Piza Flavour Biscuit Stick 31g,,,120,Piece,0.3966,USD,Per Piece,5%,,FOB,Vietnam,Vietnam,Confectionery,Live,Approved,GG Concept,2026-08-11,GG Concept / Biscuits,SKU 219C002; pack 31g x 10 Boxes x 12 Blocks; CBM 0.044; FOB Ho Chi Minh
Pretz,Pretz Sweet Corn lavour Biscuit Stick 31g,,,120,Piece,0.3966,USD,Per Piece,5%,,FOB,Vietnam,Vietnam,Confectionery,Live,Approved,GG Concept,2026-08-11,GG Concept / Biscuits,SKU 219C003; pack 31g x 10 Boxes x 12 Blocks; CBM 0.044; FOB Ho Chi Minh
Pretz,Pretz Original Flavour Biscuit Stick 31g,,,120,Piece,0.3966,USD,Per Piece,5%,,FOB,Vietnam,Vietnam,Confectionery,Live,Approved,GG Concept,2026-08-11,GG Concept / Biscuits,SKU 219C004; pack 31g x 10 Boxes x 12 Blocks; CBM 0.044; FOB Ho Chi Minh
Lay's,Lay's Stax Cheese Flavored Potato Chips - 40g VN,,,24,Can,0.5186,USD,Per Piece,5%,,FOB,Vietnam,Vietnam,Other FMCG,Live,Approved,GG Concept,2026-08-11,GG Concept / Snack,SKU 213C031A; pack 40g x 24 Cans; CBM 0.015; FOB Ho Chi Minh
Lay's,Lay's Stax Original Potato Chips - 40g VN,,,24,Can,0.5384,USD,Per Piece,5%,,FOB,Vietnam,Vietnam,Other FMCG,Live,Approved,GG Concept,2026-08-11,GG Concept / Snack,SKU 213C032A; pack 40g x 24 Cans; CBM 0.015; FOB Ho Chi Minh
Lay's,Lay's Stax Sour Cream Onion Potato Chips - 40g VN,,,24,Can,0.5384,USD,Per Piece,5%,,FOB,Vietnam,Vietnam,Other FMCG,Live,Approved,GG Concept,2026-08-11,GG Concept / Snack,SKU 213C033A; pack 40g x 24 Cans; CBM 0.015; FOB Ho Chi Minh
Lay's,Lay's Stax Spicy Lobster Potato Chips - 40g VN,,,24,Can,0.5384,USD,Per Piece,5%,,FOB,Vietnam,Vietnam,Other FMCG,Live,Approved,GG Concept,2026-08-11,GG Concept / Snack,SKU 213C034A; pack 40g x 24 Cans; CBM 0.015; FOB Ho Chi Minh
Lay's,Lay's Stax Sour Cream Onion Potato Chips - 90g VN HALA,,,16,Can,0.9852,USD,Per Piece,5%,,FOB,Vietnam,Vietnam,Other FMCG,Live,Approved,GG Concept,2026-08-11,GG Concept / Snack,SKU 213C020A; pack 90g x 16 Cans; CBM 0.019; FOB Ho Chi Minh
Lay's,Lay's Stax Hot Chili Squid Potato Chips - 90g VN HALA,,,16,Can,0.9852,USD,Per Piece,5%,,FOB,Vietnam,Vietnam,Other FMCG,Live,Approved,GG Concept,2026-08-11,GG Concept / Snack,SKU 213C021A; pack 90g x 16 Cans; CBM 0.019; FOB Ho Chi Minh
Lay's,Lay's Stax Original Potato Chips - 90g VN HALA,,,16,Can,0.9852,USD,Per Piece,5%,,FOB,Vietnam,Vietnam,Other FMCG,Live,Approved,GG Concept,2026-08-11,GG Concept / Snack,SKU 213C022A; pack 90g x 16 Cans; CBM 0.019; FOB Ho Chi Minh
Lay's,Lay's Stax Spicy Lobster Potato Chips - 90g VN HALA,,,16,Can,0.9852,USD,Per Piece,5%,,FOB,Vietnam,Vietnam,Other FMCG,Live,Approved,GG Concept,2026-08-11,GG Concept / Snack,SKU 213C023A; pack 90g x 16 Cans; CBM 0.019; FOB Ho Chi Minh
Lay's,Lay's Stax BBQ Flavor Potato Chips - 90g VN,,,16,Can,0.9852,USD,Per Piece,5%,,FOB,Vietnam,Vietnam,Other FMCG,Live,Approved,GG Concept,2026-08-11,GG Concept / Snack,SKU 213C024A; pack 90g x 16 Cans; CBM 0.019; FOB Ho Chi Minh
Lay's,Lay's Stax Wagyu Beef & Truffle Chips - 90g VN HALA,,,16,Can,0.9852,USD,Per Piece,5%,,FOB,Vietnam,Vietnam,Other FMCG,Live,Approved,GG Concept,2026-08-11,GG Concept / Snack,SKU 213C025A; pack 90g x 16 Cans; CBM 0.019; FOB Ho Chi Minh
Lay's,Lay's Stax Cheese Flavored Potato Chips - 90g VN HALA,,,16,Can,0.9852,USD,Per Piece,5%,,FOB,Vietnam,Vietnam,Other FMCG,Live,Approved,GG Concept,2026-08-11,GG Concept / Snack,SKU 213C026A; pack 90g x 16 Cans; CBM 0.019; FOB Ho Chi Minh
Lay's,Lay's Stax Original Potato Chips - 145g VN,,,18,Can,1.3257,USD,Per Piece,5%,,FOB,Vietnam,Vietnam,Other FMCG,Live,Approved,GG Concept,2026-08-11,GG Concept / Snack,SKU 213C027A; pack 145g x 18 Cans; CBM 0.027; FOB Ho Chi Minh
Lay's,Lay's Stax Sour Cream Onion Potato Chips - 145g VN,,,18,Can,1.3744,USD,Per Piece,5%,,FOB,Vietnam,Vietnam,Other FMCG,Live,Approved,GG Concept,2026-08-11,GG Concept / Snack,SKU 213C028A; pack 145g x 18 Cans; CBM 0.027; FOB Ho Chi Minh
Lay's,Lay's Stax BBQ Potato Chips - 145g VN,,,18,Can,1.3744,USD,Per Piece,5%,,FOB,Vietnam,Vietnam,Other FMCG,Live,Approved,GG Concept,2026-08-11,GG Concept / Snack,SKU 213C029A; pack 145g x 18 Cans; CBM 0.027; FOB Ho Chi Minh
Lay's,Lay's Stax Spicy Lobster Potato Chips - 145g VN,,,18,Can,1.3744,USD,Per Piece,5%,,FOB,Vietnam,Vietnam,Other FMCG,Live,Approved,GG Concept,2026-08-11,GG Concept / Snack,SKU 213C030A; pack 145g x 18 Cans; CBM 0.027; FOB Ho Chi Minh
Lay's,Lay's Stax BBQ Potato Chips 150g,,,18,Can,1.3728,USD,Per Piece,5%,,FOB,Vietnam,Vietnam,Other FMCG,Live,Approved,GG Concept,2026-08-11,GG Concept / Snack,SKU 213F107; pack 150g x 18 Cans; CBM 0.027; FOB Ho Chi Minh
Lay's,Lay's Stax Spicy Lobster Potato Chips - Halal 150g,,,18,Can,1.3728,USD,Per Piece,5%,,FOB,Vietnam,Vietnam,Other FMCG,Live,Approved,GG Concept,2026-08-11,GG Concept / Snack,SKU 213F108; pack 150g x 18 Cans; CBM 0.027; FOB Ho Chi Minh
Pringles,Pringles Potatoes Chips Original 42g,,,12,Can,0.8037,USD,Per Piece,5%,,FOB,Vietnam,Vietnam,Other FMCG,Live,Approved,GG Concept,2026-08-11,GG Concept / Snack,SKU 213C001; pack 42g x 12 Cans; CBM 0.007; FOB Ho Chi Minh
Pringles,Pringles Potatoes Chips Sour Cream Onion 42g,,,12,Can,0.8037,USD,Per Piece,5%,,FOB,Vietnam,Vietnam,Other FMCG,Live,Approved,GG Concept,2026-08-11,GG Concept / Snack,SKU 213C004; pack 42g x 12 Cans; CBM 0.007; FOB Ho Chi Minh
Pringles,Pringles Potatoes Chips Cheesy Cheese 42g,,,12,Can,0.8037,USD,Per Piece,5%,,FOB,Vietnam,Vietnam,Other FMCG,Live,Approved,GG Concept,2026-08-11,GG Concept / Snack,SKU 213C017; pack 42g x 12 Cans; CBM 0.007; FOB Ho Chi Minh
Pringles,Pringles Potatoes Chips Original 102g,,,12,Can,1.1627,USD,Per Piece,5%,,FOB,Vietnam,Vietnam,Other FMCG,Live,Approved,GG Concept,2026-08-11,GG Concept / Snack,SKU 213C002; pack 102g x 12 Cans; CBM 0.014; FOB Ho Chi Minh
Pringles,Pringles Potatoes Chips Sour Cream Onion 102g,,,12,Can,1.219,USD,Per Piece,5%,,FOB,Vietnam,Vietnam,Other FMCG,Live,Approved,GG Concept,2026-08-11,GG Concept / Snack,SKU 213C005; pack 102g x 12 Cans; CBM 0.014; FOB Ho Chi Minh
Pringles,Pringles Potatoes Chips Cheesy Cheese 102g,,,12,Can,1.219,USD,Per Piece,5%,,FOB,Vietnam,Vietnam,Other FMCG,Live,Approved,GG Concept,2026-08-11,GG Concept / Snack,SKU 213C007; pack 102g x 12 Cans; CBM 0.014; FOB Ho Chi Minh
Pringles,Pringles Potatoes Chips Hot & Spicy 102g,,,12,Can,1.219,USD,Per Piece,5%,,FOB,Vietnam,Vietnam,Other FMCG,Live,Approved,GG Concept,2026-08-11,GG Concept / Snack,SKU 213C008; pack 102g x 12 Cans; CBM 0.014; FOB Ho Chi Minh
Pringles,Pringles Potatoes Chips BBQ FLaVored 102g,,,12,Can,1.2278,USD,Per Piece,5%,,FOB,Vietnam,Vietnam,Other FMCG,Live,Approved,GG Concept,2026-08-11,GG Concept / Snack,SKU 213C035; pack 102g x 12 Cans; CBM 0.019; FOB Ho Chi Minh
Pringles,Pringles Potatoes Chips Original 134g,,,12,Can,1.609,USD,Per Piece,5%,,FOB,Vietnam,Vietnam,Other FMCG,Live,Approved,GG Concept,2026-08-11,GG Concept / Snack,SKU 213C003; pack 134g x 12 Cans; CBM 0.019; FOB Ho Chi Minh
Pringles,Pringles Potatoes Chips Sour Cream Onion 134g,,,12,Can,1.609,USD,Per Piece,5%,,FOB,Vietnam,Vietnam,Other FMCG,Live,Approved,GG Concept,2026-08-11,GG Concept / Snack,SKU 213C006; pack 134g x 12 Cans; CBM 0.019; FOB Ho Chi Minh
Pringles,Pringles Potatoes Chips Cheesy Cheese 134g,,,12,Can,1.609,USD,Per Piece,5%,,FOB,Vietnam,Vietnam,Other FMCG,Live,Approved,GG Concept,2026-08-11,GG Concept / Snack,SKU 213C012; pack 134g x 12 Cans; CBM 0.019; FOB Ho Chi Minh
Lay's,Lay's Grilled Scallop With Butter & Garlic Flavor Snack 28g,,,160,Piece,0.2111,USD,Per Piece,5%,,FOB,Vietnam,Vietnam,Other FMCG,Live,Approved,GG Concept,2026-08-11,GG Concept / Snack,SKU 213F120; pack 28g x 160 Bags; CBM 0.202; FOB Ho Chi Minh
Lay's,Lay's Grilled Scallop With Butter & Garlic Flavor Snack 53g,,,100,Piece,0.3565,USD,Per Piece,5%,,FOB,Vietnam,Vietnam,Other FMCG,Live,Approved,GG Concept,2026-08-11,GG Concept / Snack,SKU 213F121; pack 53g x 100 Bags; CBM 0.195; FOB Ho Chi Minh
Lay's,Lay's Classic Potato Snack 31g,,,160,Piece,0.2111,USD,Per Piece,5%,,FOB,Vietnam,Vietnam,Other FMCG,Live,Approved,GG Concept,2026-08-11,GG Concept / Snack,SKU 213F035; pack 31g x 160 Bags; CBM 0.202; FOB Ho Chi Minh
Lay's,Lay's BBQ Snack 31g,,,160,Piece,0.2111,USD,Per Piece,5%,,FOB,Vietnam,Vietnam,Other FMCG,Live,Approved,GG Concept,2026-08-11,GG Concept / Snack,SKU 213F036; pack 31g x 160 Bags; CBM 0.202; FOB Ho Chi Minh
Lay's,Lay's Grilled Beef TenderloinTexas Snack 31g,,,160,Piece,0.2111,USD,Per Piece,5%,,FOB,Vietnam,Vietnam,Other FMCG,Live,Approved,GG Concept,2026-08-11,GG Concept / Snack,SKU 213F037A; pack 31g x 160 Bags; CBM 0.202; FOB Ho Chi Minh
Lay's,Lay's Cheddar Chees Snack 28g,,,160,Piece,0.2111,USD,Per Piece,5%,,FOB,Vietnam,Vietnam,Other FMCG,Live,Approved,GG Concept,2026-08-11,GG Concept / Snack,SKU 213F040; pack 28g x 160 Bags; CBM 0.202; FOB Ho Chi Minh
Lay's,Lay's Baked Prawn With Melted Cheese 31g,,,160,Piece,0.2111,USD,Per Piece,5%,,FOB,Vietnam,Vietnam,Other FMCG,Live,Approved,GG Concept,2026-08-11,GG Concept / Snack,SKU 213F082A; pack 31g x 160 Bags; CBM 0.202; FOB Ho Chi Minh
Lay's,Lay's Classic Potato Snack 53g,,,100,Piece,0.3558,USD,Per Piece,5%,,FOB,Vietnam,Vietnam,Other FMCG,Live,Approved,GG Concept,2026-08-11,GG Concept / Snack,SKU 213F017; pack 53g x 100 Bags; CBM 0.191; FOB Ho Chi Minh
Lay's,Lay's Nori Seaweed Snack 53g,,,100,Piece,0.3562,USD,Per Piece,5%,,FOB,Vietnam,Vietnam,Other FMCG,Live,Approved,GG Concept,2026-08-11,GG Concept / Snack,SKU 213F018; pack 53g x 100 Bags; CBM 0.194; FOB Ho Chi Minh
Lay's,Lay's BBQ Snack 53g,,,100,Piece,0.3562,USD,Per Piece,5%,,FOB,Vietnam,Vietnam,Other FMCG,Live,Approved,GG Concept,2026-08-11,GG Concept / Snack,SKU 213F019A; pack 53g x 100 Bags; CBM 0.194; FOB Ho Chi Minh
Lay's,Lay's Grilled Beef Tenderloin Texas Snack 53g,,,100,Piece,0.3562,USD,Per Piece,5%,,FOB,Vietnam,Vietnam,Other FMCG,Live,Approved,GG Concept,2026-08-11,GG Concept / Snack,SKU 213F020A; pack 53g x 100 Bags; CBM 0.194; FOB Ho Chi Minh
Lay's,Lay's Cheese Snack 53g,,,100,Piece,0.3558,USD,Per Piece,5%,,FOB,Vietnam,Vietnam,Other FMCG,Live,Approved,GG Concept,2026-08-11,GG Concept / Snack,SKU 213F021A; pack 53g x 100 Bags; CBM 0.191; FOB Ho Chi Minh
Lay's,Lay's Baked Prawn With Melted Cheese 53g,,,100,Piece,0.3562,USD,Per Piece,5%,,FOB,Vietnam,Vietnam,Other FMCG,Live,Approved,GG Concept,2026-08-11,GG Concept / Snack,SKU 213F083A; pack 53g x 100 Bags; CBM 0.194; FOB Ho Chi Minh
Lay's,Lay's Classic Potato Snack 150g,,,30,Piece,1.3123,USD,Per Piece,5%,,FOB,Vietnam,Vietnam,Other FMCG,Live,Approved,GG Concept,2026-08-11,GG Concept / Snack,SKU 213F122; pack 150g x 30 Bags; CBM 0.115; FOB Ho Chi Minh
Lay's,Lay's Baked Prawn With Melted Cheese 150g,,,30,Piece,1.3123,USD,Per Piece,5%,,FOB,Vietnam,Vietnam,Other FMCG,Live,Approved,GG Concept,2026-08-11,GG Concept / Snack,SKU 213F123; pack 150g x 30 Bags; CBM 0.115; FOB Ho Chi Minh
Lay's,Lay's Wavy Cheese Cheddar Flavor Potato Snack 150g,,,30,Piece,1.3123,USD,Per Piece,5%,,FOB,Vietnam,Vietnam,Other FMCG,Live,Approved,GG Concept,2026-08-11,GG Concept / Snack,SKU 213F124; pack 150g x 30 Bags; CBM 0.115; FOB Ho Chi Minh
Lay's,Lay's Nori Seaweed Snack 150g,,,30,Piece,1.3123,USD,Per Piece,5%,,FOB,Vietnam,Vietnam,Other FMCG,Live,Approved,GG Concept,2026-08-11,GG Concept / Snack,SKU 213F125; pack 150g x 30 Bags; CBM 0.115; FOB Ho Chi Minh
Lay's,Lay's Grilled Beef Tenderloin Texas Snack 150g,,,30,Piece,1.3123,USD,Per Piece,5%,,FOB,Vietnam,Vietnam,Other FMCG,Live,Approved,GG Concept,2026-08-11,GG Concept / Snack,SKU 213F126; pack 150g x 30 Bags; CBM 0.115; FOB Ho Chi Minh
Lay's,Lay's Grilled Scallop With Butter & Garlic Flavor Snack 150g,,,30,Piece,1.3123,USD,Per Piece,5%,,FOB,Vietnam,Vietnam,Other FMCG,Live,Approved,GG Concept,2026-08-11,GG Concept / Snack,SKU 213F127; pack 150g x 30 Bags; CBM 0.115; FOB Ho Chi Minh
Lay's,Lay's Max Wagyu Beef Snack 75g,,,40,Piece,0.6955,USD,Per Piece,5%,,FOB,Vietnam,Vietnam,Other FMCG,Live,Approved,GG Concept,2026-08-11,GG Concept / Snack,SKU 213F075; pack 75g x 40 Bags; CBM 0.11; FOB Ho Chi Minh
Lay's,Lay's Max Seaweed Chip NEW 75g,,,40,Piece,0.6955,USD,Per Piece,5%,,FOB,Vietnam,Vietnam,Other FMCG,Live,Approved,GG Concept,2026-08-11,GG Concept / Snack,SKU 213F101; pack 75g x 40 Bags; CBM 0.11; FOB Ho Chi Minh
Lay's,Lay's Classic Potato Snack 90g,,,40,Piece,0.6955,USD,Per Piece,5%,,FOB,Vietnam,Vietnam,Other FMCG,Live,Approved,GG Concept,2026-08-11,GG Concept / Snack,SKU 213F007; pack 90g x 40 Bags; CBM 0.11; FOB Ho Chi Minh
Lay's,Lay's Nori Seaweed Snack 90g,,,40,Piece,0.6955,USD,Per Piece,5%,,FOB,Vietnam,Vietnam,Other FMCG,Live,Approved,GG Concept,2026-08-11,GG Concept / Snack,SKU 213F008; pack 90g x 40 Bags; CBM 0.11; FOB Ho Chi Minh
Lay's,Lay's Wavy Texas Tenderloin Steak Snack 90g,,,40,Piece,0.6955,USD,Per Piece,5%,,FOB,Vietnam,Vietnam,Other FMCG,Live,Approved,GG Concept,2026-08-11,GG Concept / Snack,SKU 213F010; pack 90g x 40 Bags; CBM 0.11; FOB Ho Chi Minh
Lay's,Lay's Wavy Cheese Cheddar Flavor Potato Snack 90g,,,40,Piece,0.6955,USD,Per Piece,5%,,FOB,Vietnam,Vietnam,Other FMCG,Live,Approved,GG Concept,2026-08-11,GG Concept / Snack,SKU 213F011; pack 90g x 40 Bags; CBM 0.11; FOB Ho Chi Minh
Lay,Lay’s Brazil BBQ Ribs Flavor Snack 90g,,,40,Piece,0.6952,USD,Per Piece,5%,,FOB,Vietnam,Vietnam,Other FMCG,Live,Approved,GG Concept,2026-08-11,GG Concept / Snack,SKU 213F009; pack 90g x 40 Bags; CBM 0.11; FOB Ho Chi Minh
Lay's,Lay's Baked Prawn With Melted Cheese 90g,,,40,Piece,0.6955,USD,Per Piece,5%,,FOB,Vietnam,Vietnam,Other FMCG,Live,Approved,GG Concept,2026-08-11,GG Concept / Snack,SKU 213F084; pack 90g x 40 Bags; CBM 0.11; FOB Ho Chi Minh
Lay'S,Lay'S Hanoi Beef Pho Flavor 88g,,,40,Piece,0.8989,USD,Per Piece,5%,,FOB,Vietnam,Vietnam,Other FMCG,Live,Approved,GG Concept,2026-08-11,GG Concept / Snack,SKU 213F099; pack 88g x 40 Bags; CBM 0.202; FOB Ho Chi Minh
Samyang,Samyang Buldak Dried Chicken Spicy Noodles Cup 70g,,,30,Piece,0.9196,USD,Per Piece,5%,,FOB,Vietnam,Vietnam,Grocery,Live,Approved,GG Concept,2026-08-11,GG Concept / Noodle,SKU 231Z006; pack 70g x 30 Cups; CBM 0.033; FOB Ho Chi Minh
Samyang,Samyang Buldak Dried Chicken Spicy Flavor Cheese Cup (Halal) 70g,,,30,Piece,1.0413,USD,Per Piece,5%,,FOB,Vietnam,Vietnam,Grocery,Live,Approved,GG Concept,2026-08-11,GG Concept / Noodle,SKU 231Z007; pack 70g x 30 Cups; CBM 0.031; FOB Ho Chi Minh
Samyang,Samyang Buldak Noodles Flavor Carborana Sauce Cups (Halal) 80g,,,30,Piece,1.04,USD,Per Piece,5%,,FOB,Vietnam,Vietnam,Grocery,Live,Approved,GG Concept,2026-08-11,GG Concept / Noodle,SKU 231Z008; pack 80g x 30 Cups; CBM 0.03; FOB Ho Chi Minh
Samyang,Samyang Buldak Dried Chicken Spicy Noodles Rose Bowl (Halal) 105g,,,16,Piece,1.3497,USD,Per Piece,5%,,FOB,Vietnam,Vietnam,Grocery,Live,Approved,GG Concept,2026-08-11,GG Concept / Noodle,SKU 231Z029; pack 105g x 16 Bowls; CBM 0.03; FOB Ho Chi Minh
Samyang,Samyang Buldak Dried Chicken Spicy Noodles Bowl 105g,,,16,Piece,1.2079,USD,Per Piece,5%,,FOB,Vietnam,Vietnam,Grocery,Live,Approved,GG Concept,2026-08-11,GG Concept / Noodle,SKU 231Z003; pack 105g x 16 Bowls; CBM 0.031; FOB Ho Chi Minh
Samyang,Samyang Buldak 2x Spicty Hot Chicken Noodles Bowl (Halal) 120g,,,16,Piece,1.2889,USD,Per Piece,5%,,FOB,Vietnam,Vietnam,Grocery,Live,Approved,GG Concept,2026-08-11,GG Concept / Noodle,SKU 231Z005; pack 120g x 16 Bowls; CBM 0.03; FOB Ho Chi Minh
Samyang,Samyang Black Pepper Chicken Ramen (Halal) 80g * (New),,,32,Piece,0.7177,USD,Per Piece,5%,,FOB,Vietnam,Vietnam,Grocery,Live,Approved,GG Concept,2026-08-11,GG Concept / Noodle,SKU 231Z034; pack 80g x 4 Pcs x 8 Packs; CBM 0.01; FOB Ho Chi Minh
Samyang,Samyang Grilled Garlic Shrimp Ramen (Halal) 80g * (New),,,32,Piece,0.7177,USD,Per Piece,5%,,FOB,Vietnam,Vietnam,Grocery,Live,Approved,GG Concept,2026-08-11,GG Concept / Noodle,SKU 231Z035; pack 80g x 4 Pcs x 8 Packs; CBM 0.01; FOB Ho Chi Minh
Samyang,Samyang Buldak Dried Spicy Chicken 140g,,,40,Piece,0.9175,USD,Per Piece,5%,,FOB,Vietnam,Vietnam,Grocery,Live,Approved,GG Concept,2026-08-11,GG Concept / Noodle,SKU 231Z010; pack 140g x 5 Pcs x 8 Packs; CBM 0.032; FOB Ho Chi Minh
Samyang,Samyang Buldak 2x Spicy Hot Chicken Flavor Ramen (Halal) 140g,,,40,Piece,0.9952,USD,Per Piece,5%,,FOB,Vietnam,Vietnam,Grocery,Live,Approved,GG Concept,2026-08-11,GG Concept / Noodle,SKU 231Z012; pack 140g x 5 Pcs x 8 Packs; CBM 0.032; FOB Ho Chi Minh
Samyang,Samyang Buldak Kimchi Hot Chicken Flavor Ramen (Halal) 135g,,,40,Piece,0.9952,USD,Per Piece,5%,,FOB,Vietnam,Vietnam,Grocery,Live,Approved,GG Concept,2026-08-11,GG Concept / Noodle,SKU 231Z015; pack 135g x 5 Pcs x 8 Packs; CBM 0.032; FOB Ho Chi Minh
Samyang,Samyang Buldak Spicy Chicken With Cheese 140g,,,40,Piece,0.9952,USD,Per Piece,5%,,FOB,Vietnam,Vietnam,Grocery,Live,Approved,GG Concept,2026-08-11,GG Concept / Noodle,SKU 231Z014; pack 140g x 5 Pcs x 8 Packs; CBM 0.032; FOB Ho Chi Minh
Samyang,Samyang Buldak Spicy Chicken Stew Sauce 145g,,,40,Piece,0.9952,USD,Per Piece,5%,,FOB,Vietnam,Vietnam,Grocery,Live,Approved,GG Concept,2026-08-11,GG Concept / Noodle,SKU 231Z013; pack 145g x 5 Pcs x 8 Packs; CBM 0.032; FOB Ho Chi Minh
Samyang,Samyang Buldak Carbonara Hot Chicken Flavor Ramen (Halal) 130g,,,40,Piece,1.0647,USD,Per Piece,5%,,FOB,Vietnam,Vietnam,Grocery,Live,Approved,GG Concept,2026-08-11,GG Concept / Noodle,SKU 231Z016; pack 130g x 5 Pcs x 8 Packs; CBM 0.032; FOB Ho Chi Minh
Samyang,Samyang Buldak Habanero Lime Hot Chicken Flavor Ramen (Halal) 135g,,,40,Piece,1.0647,USD,Per Piece,5%,,FOB,Vietnam,Vietnam,Grocery,Live,Approved,GG Concept,2026-08-11,GG Concept / Noodle,SKU 231Z025; pack 135g x 5 Pcs x 8 Packs; CBM 0.032; FOB Ho Chi Minh
Samyang,Samyang Buldak Spicy Chicken With Cheese Quattro (Halal) 145g,,,40,Piece,1.0664,USD,Per Piece,5%,,FOB,Vietnam,Vietnam,Grocery,Live,Approved,GG Concept,2026-08-11,GG Concept / Noodle,SKU 231Z028; pack 145g x 5 Pcs x 8 Packs; CBM 0.035; FOB Ho Chi Minh
Samyang,Samyang Buldak Rose Hot Chicken Flavor Ramen (Halal) 140g,,,40,Piece,1.0666,USD,Per Piece,5%,,FOB,Vietnam,Vietnam,Grocery,Live,Approved,GG Concept,2026-08-11,GG Concept / Noodle,SKU 231Z026; pack 140g x 5 Pcs x 8 Packs; CBM 0.036; FOB Ho Chi Minh
Samyang,Samyang Buldak Cream Carbonara Hot Chicken Flavor Ramen (Halal) 140g,,,40,Piece,1.0666,USD,Per Piece,5%,,FOB,Vietnam,Vietnam,Grocery,Live,Approved,GG Concept,2026-08-11,GG Concept / Noodle,SKU 231Z027; pack 140g x 5 Pcs x 8 Packs; CBM 0.036; FOB Ho Chi Minh
Samyang,Samyang Buldak Chinese Sauce Mixed Noodles 140g,,,40,Piece,0.9063,USD,Per Piece,5%,,FOB,Vietnam,Vietnam,Grocery,Live,Approved,GG Concept,2026-08-11,GG Concept / Noodle,SKU 231Z021; pack 140g x 5 Pcs x 8 Packs; CBM 0.032; FOB Ho Chi Minh
Samyang,Samyang Buldak Chacharoni Spicy Jjajang Ramen Blackbean Sauce Ramen (Halal) 140g,,,40,Piece,0.907,USD,Per Piece,5%,,FOB,Vietnam,Vietnam,Grocery,Live,Approved,GG Concept,2026-08-11,GG Concept / Noodle,SKU 231Z017; pack 120g x 5 Pcs x 8 Packs; CBM 0.034; FOB Ho Chi Minh
Indomie,Indomie Instant Noodle Mi Goreng Fried Noodle Special 85g,,,40,Piece,0.1894,USD,Per Piece,5%,,FOB,Vietnam,Vietnam,Grocery,Live,Approved,GG Concept,2026-08-11,GG Concept / Noodle,SKU 322V001; pack 85g x 40 Bags; CBM 0.019; FOB Ho Chi Minh
Indomie,Indomie Instant Noodle Mi Goreng Rasa Iga Penyet Dried Pork Spicy 80g,,,40,Piece,0.1894,USD,Per Piece,5%,,FOB,Vietnam,Vietnam,Grocery,Live,Approved,GG Concept,2026-08-11,GG Concept / Noodle,SKU 322V002; pack 80g x 40 Bags; CBM 0.019; FOB Ho Chi Minh
Indomie,Indomie Instant Noodle Mi Goreng Rendang Spicy Beef 91g,,,40,Piece,0.1894,USD,Per Piece,5%,,FOB,Vietnam,Vietnam,Grocery,Live,Approved,GG Concept,2026-08-11,GG Concept / Noodle,SKU 322V003; pack 91g x 40 Bags; CBM 0.019; FOB Ho Chi Minh
Indomie,Indomie Instant Noodle Mi Goreng Pedas Hot Spicy 79g,,,40,Piece,0.1894,USD,Per Piece,5%,,FOB,Vietnam,Vietnam,Grocery,Live,Approved,GG Concept,2026-08-11,GG Concept / Noodle,SKU 322V004; pack 79g x 40 Bags; CBM 0.019; FOB Ho Chi Minh
